sys.path search locations:
  /u/xtong1/miniconda3/envs/py310/lib/python3.10/site-packages/ray/thirdparty_files
  /work/hdd/bffm/xtong1/src
  /work/hdd/bffm/xtong1
  /work/hdd/bffm/xtong1/ref_200_conserv
  /work/hdd/bffm/xtong1/ref_200_conserv
Available CIF files:
Streamlined Workflow initialized
References: /work/hdd/bffm/xtong1/Galaxi-Testing-Template/ref_200
Output: /work/hdd/bffm/xtong1/ref_200_conserv/results
XRD config: From JSON config file
Model config: From JSON config file

Training Data Generation:
  Positive/Negative ratio: 50.0% / 50.0%
  Negative types: 50.0% background, 50.0% perturbations
  Peak perturbations: enabled
    Types: removal, shift, intensity_change

Test Data Generation:
  Patterns per artifact: 20
  Patterns per multi-phase combination: 20

Evaluation:
  Probability top k: top 5

================================================================================
STEP 5: EVALUATING MODELS ON EXPERIMENTAL PATTERNS
================================================================================
Searching for trained models in /work/hdd/bffm/xtong1/ref_200_conserv/results/models
Found 193 trained models: ['Li2O_108886', 'Cs2Tb6Te7N2_419405', 'KF_61558', 'KYb2F7_16350', 'Ca56Zn23.98Ga40.02O141_245650', 'Li2.27Mn0.73N1_409444', 'U2N1.9F2.4_21027', 'Y(FeGe)6_656769', 'Nb7.26Rh16.74_645277', 'Y2Ga5.422Cu2.218_184434', 'BaBe2Si2O7_20409', 'Zn5.8Mo30S38_601649', 'FeTiO3_1011033', 'Ho4Al4.02Fe29.98_190213', 'In2O3_1538147', 'Na37.56Fe8P16O69.56F2.44_86460', 'Tm6Fe51C4.5_617870', 'Sr2YReO6_25404', 'DyInCu2_102877', 'C2SN2_14340', 'Cs2AgBiBr6_18989', 'GdPd_104108', 'Sc4FeSi7_633439', 'ZrC_1011322', 'Si72.008Ag14.456O144_11126', 'CoAl2O4_9005203', 'NiOOH_9012318', 'Te8Pd1.6Rh2.4_198644', 'Nd3Ga5O12_84872', 'Mn(OH)2_1548809', 'Cs3CeF6_15793', 'MoO3_1011043', 'In4.8Te8Au1.06_121190', 'H6Pt(NCl)2_15712', 'ErZnAsO_420203', 'VBiO4_100601', 'Ba8Y4Cu13.5O28.68_400087', 'KHS_411446', 'LiMn2O4_1513962', 'TaGeRh_421092', 'Ca24Al28O65.992_6287', 'Cu24Au4.8N8_290944', 'ZrNi2Sn_105383', 'Er8Al2.88Fe13.12_195404', 'Ba5V3O12F_18957', 'Tb3(Si3Ru)4_600081', 'LiCoO2_1533825', 'MnSeO4_109071', 'Ti8.1S10_23792', 'Y3Ga5O12_36730', 'ZnO_41488', 'As16Se1.48S14.52_117011', 'Bk_292005', 'FeCu2SnSe4_85126', 'H9PtC3Br_240901', 'YbB2Ir3_614581', 'K2Pd(NO2)4_20359', 'Li5Cr3(PO4)4_427806', 'Li_1524388', 'LiOH_1010301', 'Ti_1532765', 'MnOOH_1011012', 'CsCeCuS3_156245', 'Ti5Zn3.116Si12O45.62_191277', 'ScPRu_77790', 'Cr_1534885', 'K4Mo6Se25O_79874', 'Co3O4_1526734', 'NiS_1010435', 'Ce8Fe12.32Rh3.68_102160', 'BaAu2_181532', 'U(MnGe)2_35525', 'Na2CO3_9009418', 'Mn2O3_1514106', 'U4Cu1.762P4O36.248_167979', 'NaTbS2_644985', 'SrTiO3_1512124', 'NiH10CNCl3O2_433257', 'Bi4Ti3O12_1528445', 'EuF2_238222', 'Zr_1534901', 'Cu2MoC8(N2O)4_240716', 'In5AgS8_11511', 'Lu2Ni12P7_642456', 'SrH2C2O5_117360', 'MnAs2S4(NF6)4_201207', 'Li3PO4_9012500', 'BaTiO3_1507756', 'Cu2C3(SN2)3_15220', 'Na8Al2.64Ga3.36Si6N2O28.0008_419802', 'CoSO4_1528825', 'LuAs_610816', 'TiCl4_2201249', 'SrAgBi_57019', 'Cr16Cd7.44Cu0.56Se32_199527', 'MnO_1010393', 'Mn13.8168As4H16O32_136656', 'ZrO2_1528984', 'Er3TlC_76824', 'InP_1010146', 'LaAl2Ni_403341', 'CrAs_195013', 'GdAl4NiGe2_131195', 'NiO_1010093', 'Cs4BiSbCl12_49710', 'CoFe2O4_1533163', 'Hf4ZnGa11_634337', 'Sm2Te(Mo3O22)2_418139', 'Y3Ge13Ru4_53900', 'Na4Ge2Se5_61401', 'LiAlSi2O6_2003129', 'Ca0.05Fe1Bi0.95O2.9751_186580', 'K0.44P4N3.56O16_168565', 'DySnPd2_103349', 'ScH3Br3N_281574', 'Bi2Mo3O12_2107214', 'FeBi2_243396', 'In_1538014', 'GdCuSe2_151979', 'Fe2.16Bi12Os9.84O44_144853', 'CoCl2_1011293', 'PbCrO4_2310800', 'La(OH)3_167480', 'U(CoSn)2_602870', 'InClO_24058', 'CoCO3_1548825', 'LiF_1010990', 'LiCrO2_1532839', 'Mo4O11_24033', 'Gd2Co12P7_623390', 'CrSbSe3_84866', 'TiN_1011099', 'Li2CO3_100324', 'Bi2O3_1010004', 'As16Se6.84S9.16_117001', 'MnO2_1514110', 'LiNiO2_1533770', 'Co_1534891', 'Rb7.924In7.924Ge8.076Se32_113353', 'B10H23C5S3(OF)3_238210', 'TiC_1011320', 'PrAs2Au_174363', 'CsTmZnTe3_170193', 'Gd3Ga2_103720', 'Fe3.482Sn0.518Sb8Se16_118233', 'NaVWO6_167776', 'Ca3N2_419865', 'Bi_1539906', 'Li4Ti5O12_cm103332y_si_001', 'NaNi4(PO4)3_50724', 'Sr6(CoO3)5_81312', 'Mn5.1B4.9Ir10_434721', 'CuP(HO)5_280958', 'CrCl3_1010575', 'La10Mg0.4998Si5.5002O26_180720', 'Mn2InSnPd4_51990', 'K3Ti8O17_18312', 'CaNi2(SeO3)3_143490', 'Ba6Ti5.25Fe0.75O17.52_50856', 'LaSe_56491', 'NaNO3_1011029', 'MnO3_173646', 'K8Ge43.684_238335', 'Li2TiO3_15150', 'Mn_1534895', 'Ca3Be2P4(HO2)10_40670', 'Na2GdC(OF)3_21482', 'V2O5_124838', 'MnF2_14142', 'CdHg2_58982', 'LiMnO2_15105', 'TiO2_121632', 'MnCO3_1548822', 'Mn3Ge_603343', 'KPu_29020', 'AgAuF4_90071', 'K2Na6Al8Si8O31.9998_26007', 'La16.48Zr15.52O56_130794', 'V3B2_107318', 'Ce2Cu2.202As4_88683', 'K4B44.0064H48C3.9936_133890', 'FeH6SO6_136668', 'Cr2O3_1011067', 'Sr4Te3(ClO2)4_418557', 'BiOCl_1011175', 'HoAl7Fe5_607545', 'Er(Al2Mo)2_607414', 'NaH2F3_433031', 'Cr4H60N16Cl8O36.0064_94856', 'NdPIr_414517', 'CsB3H8_65947', 'Rb2Cr3O10_134642', 'Cs1N2.998_28537']

============================================================
Evaluating models on experimental patterns
============================================================
Loading all trained models...
Using device: cpu
  ✓ Loaded model for Li2O_108886 (input size: 7001, use_mask: True)
Using device: cpu
  ✓ Loaded model for Cs2Tb6Te7N2_419405 (input size: 7001, use_mask: True)
Using device: cpu
  ✓ Loaded model for KF_61558 (input size: 7001, use_mask: True)
Using device: cpu
  ✓ Loaded model for KYb2F7_16350 (input size: 7001, use_mask: True)
Using device: cpu
  ✓ Loaded model for Ca56Zn23.98Ga40.02O141_245650 (input size: 7001, use_mask: True)
Using device: cpu
  ✓ Loaded model for Li2.27Mn0.73N1_409444 (input size: 7001, use_mask: True)
Using device: cpu
  ✓ Loaded model for U2N1.9F2.4_21027 (input size: 7001, use_mask: True)
Using device: cpu
  ✓ Loaded model for Y(FeGe)6_656769 (input size: 7001, use_mask: True)
Using device: cpu
  ✓ Loaded model for Nb7.26Rh16.74_645277 (input size: 7001, use_mask: True)
Using device: cpu
  ✓ Loaded model for Y2Ga5.422Cu2.218_184434 (input size: 7001, use_mask: True)
Using device: cpu
  ✓ Loaded model for BaBe2Si2O7_20409 (input size: 7001, use_mask: True)
Using device: cpu
  ✓ Loaded model for Zn5.8Mo30S38_601649 (input size: 7001, use_mask: True)
Using device: cpu
  ✓ Loaded model for FeTiO3_1011033 (input size: 7001, use_mask: True)
Using device: cpu
  ✓ Loaded model for Ho4Al4.02Fe29.98_190213 (input size: 7001, use_mask: True)
Using device: cpu
  ✓ Loaded model for In2O3_1538147 (input size: 7001, use_mask: True)
Using device: cpu
  ✓ Loaded model for Na37.56Fe8P16O69.56F2.44_86460 (input size: 7001, use_mask: True)
Using device: cpu
  ✓ Loaded model for Tm6Fe51C4.5_617870 (input size: 7001, use_mask: True)
Using device: cpu
  ✓ Loaded model for Sr2YReO6_25404 (input size: 7001, use_mask: True)
Using device: cpu
  ✓ Loaded model for DyInCu2_102877 (input size: 7001, use_mask: True)
Using device: cpu
  ✓ Loaded model for C2SN2_14340 (input size: 7001, use_mask: True)
Using device: cpu
  ✓ Loaded model for Cs2AgBiBr6_18989 (input size: 7001, use_mask: True)
Using device: cpu
  ✓ Loaded model for GdPd_104108 (input size: 7001, use_mask: True)
Using device: cpu
  ✓ Loaded model for Sc4FeSi7_633439 (input size: 7001, use_mask: True)
Using device: cpu
  ✓ Loaded model for ZrC_1011322 (input size: 7001, use_mask: True)
Using device: cpu
  ✓ Loaded model for Si72.008Ag14.456O144_11126 (input size: 7001, use_mask: True)
Using device: cpu
  ✓ Loaded model for CoAl2O4_9005203 (input size: 7001, use_mask: True)
Using device: cpu
  ✓ Loaded model for NiOOH_9012318 (input size: 7001, use_mask: True)
Using device: cpu
  ✓ Loaded model for Te8Pd1.6Rh2.4_198644 (input size: 7001, use_mask: True)
Using device: cpu
  ✓ Loaded model for Nd3Ga5O12_84872 (input size: 7001, use_mask: True)
Using device: cpu
  ✓ Loaded model for Mn(OH)2_1548809 (input size: 7001, use_mask: True)
Using device: cpu
  ✓ Loaded model for Cs3CeF6_15793 (input size: 7001, use_mask: True)
Using device: cpu
  ✓ Loaded model for MoO3_1011043 (input size: 7001, use_mask: True)
Using device: cpu
  ✓ Loaded model for In4.8Te8Au1.06_121190 (input size: 7001, use_mask: True)
Using device: cpu
  ✓ Loaded model for H6Pt(NCl)2_15712 (input size: 7001, use_mask: True)
Using device: cpu
  ✓ Loaded model for ErZnAsO_420203 (input size: 7001, use_mask: True)
Using device: cpu
  ✓ Loaded model for VBiO4_100601 (input size: 7001, use_mask: True)
Using device: cpu
  ✓ Loaded model for Ba8Y4Cu13.5O28.68_400087 (input size: 7001, use_mask: True)
Using device: cpu
  ✓ Loaded model for KHS_411446 (input size: 7001, use_mask: True)
Using device: cpu
  ✓ Loaded model for LiMn2O4_1513962 (input size: 7001, use_mask: True)
Using device: cpu
  ✓ Loaded model for TaGeRh_421092 (input size: 7001, use_mask: True)
Using device: cpu
  ✓ Loaded model for Ca24Al28O65.992_6287 (input size: 7001, use_mask: True)
Using device: cpu
  ✓ Loaded model for Cu24Au4.8N8_290944 (input size: 7001, use_mask: True)
Using device: cpu
  ✓ Loaded model for ZrNi2Sn_105383 (input size: 7001, use_mask: True)
Using device: cpu
  ✓ Loaded model for Er8Al2.88Fe13.12_195404 (input size: 7001, use_mask: True)
Using device: cpu
  ✓ Loaded model for Ba5V3O12F_18957 (input size: 7001, use_mask: True)
Using device: cpu
  ✓ Loaded model for Tb3(Si3Ru)4_600081 (input size: 7001, use_mask: True)
Using device: cpu
  ✓ Loaded model for LiCoO2_1533825 (input size: 7001, use_mask: True)
Using device: cpu
  ✓ Loaded model for MnSeO4_109071 (input size: 7001, use_mask: True)
Using device: cpu
  ✓ Loaded model for Ti8.1S10_23792 (input size: 7001, use_mask: True)
Using device: cpu
  ✓ Loaded model for Y3Ga5O12_36730 (input size: 7001, use_mask: True)
Using device: cpu
  ✓ Loaded model for ZnO_41488 (input size: 7001, use_mask: True)
Using device: cpu
  ✓ Loaded model for As16Se1.48S14.52_117011 (input size: 7001, use_mask: True)
Using device: cpu
  ✓ Loaded model for Bk_292005 (input size: 7001, use_mask: True)
Using device: cpu
  ✓ Loaded model for FeCu2SnSe4_85126 (input size: 7001, use_mask: True)
Using device: cpu
  ✓ Loaded model for H9PtC3Br_240901 (input size: 7001, use_mask: True)
Using device: cpu
  ✓ Loaded model for YbB2Ir3_614581 (input size: 7001, use_mask: True)
Using device: cpu
  ✓ Loaded model for K2Pd(NO2)4_20359 (input size: 7001, use_mask: True)
Using device: cpu
  ✓ Loaded model for Li5Cr3(PO4)4_427806 (input size: 7001, use_mask: True)
Using device: cpu
  ✓ Loaded model for Li_1524388 (input size: 7001, use_mask: True)
Using device: cpu
  ✓ Loaded model for LiOH_1010301 (input size: 7001, use_mask: True)
Using device: cpu
  ✓ Loaded model for Ti_1532765 (input size: 7001, use_mask: True)
Using device: cpu
  ✓ Loaded model for MnOOH_1011012 (input size: 7001, use_mask: True)
Using device: cpu
  ✓ Loaded model for CsCeCuS3_156245 (input size: 7001, use_mask: True)
Using device: cpu
  ✓ Loaded model for Ti5Zn3.116Si12O45.62_191277 (input size: 7001, use_mask: True)
Using device: cpu
  ✓ Loaded model for ScPRu_77790 (input size: 7001, use_mask: True)
Using device: cpu
  ✓ Loaded model for Cr_1534885 (input size: 7001, use_mask: True)
Using device: cpu
  ✓ Loaded model for K4Mo6Se25O_79874 (input size: 7001, use_mask: True)
Using device: cpu
  ✓ Loaded model for Co3O4_1526734 (input size: 7001, use_mask: True)
Using device: cpu
  ✓ Loaded model for NiS_1010435 (input size: 7001, use_mask: True)
Using device: cpu
  ✓ Loaded model for Ce8Fe12.32Rh3.68_102160 (input size: 7001, use_mask: True)
Using device: cpu
  ✓ Loaded model for BaAu2_181532 (input size: 7001, use_mask: True)
Using device: cpu
  ✓ Loaded model for U(MnGe)2_35525 (input size: 7001, use_mask: True)
Using device: cpu
  ✓ Loaded model for Na2CO3_9009418 (input size: 7001, use_mask: True)
Using device: cpu
  ✓ Loaded model for Mn2O3_1514106 (input size: 7001, use_mask: True)
Using device: cpu
  ✓ Loaded model for U4Cu1.762P4O36.248_167979 (input size: 7001, use_mask: True)
Using device: cpu
  ✓ Loaded model for NaTbS2_644985 (input size: 7001, use_mask: True)
Using device: cpu
  ✓ Loaded model for SrTiO3_1512124 (input size: 7001, use_mask: True)
Using device: cpu
  ✓ Loaded model for NiH10CNCl3O2_433257 (input size: 7001, use_mask: True)
Using device: cpu
  ✓ Loaded model for Bi4Ti3O12_1528445 (input size: 7001, use_mask: True)
Using device: cpu
  ✓ Loaded model for EuF2_238222 (input size: 7001, use_mask: True)
Using device: cpu
  ✓ Loaded model for Zr_1534901 (input size: 7001, use_mask: True)
Using device: cpu
  ✓ Loaded model for Cu2MoC8(N2O)4_240716 (input size: 7001, use_mask: True)
Using device: cpu
  ✓ Loaded model for In5AgS8_11511 (input size: 7001, use_mask: True)
Using device: cpu
  ✓ Loaded model for Lu2Ni12P7_642456 (input size: 7001, use_mask: True)
Using device: cpu
  ✓ Loaded model for SrH2C2O5_117360 (input size: 7001, use_mask: True)
Using device: cpu
  ✓ Loaded model for MnAs2S4(NF6)4_201207 (input size: 7001, use_mask: True)
Using device: cpu
  ✓ Loaded model for Li3PO4_9012500 (input size: 7001, use_mask: True)
Using device: cpu
  ✓ Loaded model for BaTiO3_1507756 (input size: 7001, use_mask: True)
Using device: cpu
  ✓ Loaded model for Cu2C3(SN2)3_15220 (input size: 7001, use_mask: True)
Using device: cpu
  ✓ Loaded model for Na8Al2.64Ga3.36Si6N2O28.0008_419802 (input size: 7001, use_mask: True)
Using device: cpu
  ✓ Loaded model for CoSO4_1528825 (input size: 7001, use_mask: True)
Using device: cpu
  ✓ Loaded model for LuAs_610816 (input size: 7001, use_mask: True)
Using device: cpu
  ✓ Loaded model for TiCl4_2201249 (input size: 7001, use_mask: True)
Using device: cpu
  ✓ Loaded model for SrAgBi_57019 (input size: 7001, use_mask: True)
Using device: cpu
  ✓ Loaded model for Cr16Cd7.44Cu0.56Se32_199527 (input size: 7001, use_mask: True)
Using device: cpu
  ✓ Loaded model for MnO_1010393 (input size: 7001, use_mask: True)
Using device: cpu
  ✓ Loaded model for Mn13.8168As4H16O32_136656 (input size: 7001, use_mask: True)
Using device: cpu
  ✓ Loaded model for ZrO2_1528984 (input size: 7001, use_mask: True)
Using device: cpu
  ✓ Loaded model for Er3TlC_76824 (input size: 7001, use_mask: True)
Using device: cpu
  ✓ Loaded model for InP_1010146 (input size: 7001, use_mask: True)
Using device: cpu
  ✓ Loaded model for LaAl2Ni_403341 (input size: 7001, use_mask: True)
Using device: cpu
  ✓ Loaded model for CrAs_195013 (input size: 7001, use_mask: True)
Using device: cpu
  ✓ Loaded model for GdAl4NiGe2_131195 (input size: 7001, use_mask: True)
Using device: cpu
  ✓ Loaded model for NiO_1010093 (input size: 7001, use_mask: True)
Using device: cpu
  ✓ Loaded model for Cs4BiSbCl12_49710 (input size: 7001, use_mask: True)
Using device: cpu
  ✓ Loaded model for CoFe2O4_1533163 (input size: 7001, use_mask: True)
Using device: cpu
  ✓ Loaded model for Hf4ZnGa11_634337 (input size: 7001, use_mask: True)
Using device: cpu
  ✓ Loaded model for Sm2Te(Mo3O22)2_418139 (input size: 7001, use_mask: True)
Using device: cpu
  ✓ Loaded model for Y3Ge13Ru4_53900 (input size: 7001, use_mask: True)
Using device: cpu
  ✓ Loaded model for Na4Ge2Se5_61401 (input size: 7001, use_mask: True)
Using device: cpu
  ✓ Loaded model for LiAlSi2O6_2003129 (input size: 7001, use_mask: True)
Using device: cpu
  ✓ Loaded model for Ca0.05Fe1Bi0.95O2.9751_186580 (input size: 7001, use_mask: True)
Using device: cpu
  ✓ Loaded model for K0.44P4N3.56O16_168565 (input size: 7001, use_mask: True)
Using device: cpu
  ✓ Loaded model for DySnPd2_103349 (input size: 7001, use_mask: True)
Using device: cpu
  ✓ Loaded model for ScH3Br3N_281574 (input size: 7001, use_mask: True)
Using device: cpu
  ✓ Loaded model for Bi2Mo3O12_2107214 (input size: 7001, use_mask: True)
Using device: cpu
  ✓ Loaded model for FeBi2_243396 (input size: 7001, use_mask: True)
Using device: cpu
  ✓ Loaded model for In_1538014 (input size: 7001, use_mask: True)
Using device: cpu
  ✓ Loaded model for GdCuSe2_151979 (input size: 7001, use_mask: True)
Using device: cpu
  ✓ Loaded model for Fe2.16Bi12Os9.84O44_144853 (input size: 7001, use_mask: True)
Using device: cpu
  ✓ Loaded model for CoCl2_1011293 (input size: 7001, use_mask: True)
Using device: cpu
  ✓ Loaded model for PbCrO4_2310800 (input size: 7001, use_mask: True)
Using device: cpu
  ✓ Loaded model for La(OH)3_167480 (input size: 7001, use_mask: True)
Using device: cpu
  ✓ Loaded model for U(CoSn)2_602870 (input size: 7001, use_mask: True)
Using device: cpu
  ✓ Loaded model for InClO_24058 (input size: 7001, use_mask: True)
Using device: cpu
  ✓ Loaded model for CoCO3_1548825 (input size: 7001, use_mask: True)
Using device: cpu
  ✓ Loaded model for LiF_1010990 (input size: 7001, use_mask: True)
Using device: cpu
  ✓ Loaded model for LiCrO2_1532839 (input size: 7001, use_mask: True)
Using device: cpu
  ✓ Loaded model for Mo4O11_24033 (input size: 7001, use_mask: True)
Using device: cpu
  ✓ Loaded model for Gd2Co12P7_623390 (input size: 7001, use_mask: True)
Using device: cpu
  ✓ Loaded model for CrSbSe3_84866 (input size: 7001, use_mask: True)
Using device: cpu
  ✓ Loaded model for TiN_1011099 (input size: 7001, use_mask: True)
Using device: cpu
  ✓ Loaded model for Li2CO3_100324 (input size: 7001, use_mask: True)
Using device: cpu
  ✓ Loaded model for Bi2O3_1010004 (input size: 7001, use_mask: True)
Using device: cpu
  ✓ Loaded model for As16Se6.84S9.16_117001 (input size: 7001, use_mask: True)
Using device: cpu
  ✓ Loaded model for MnO2_1514110 (input size: 7001, use_mask: True)
Using device: cpu
  ✓ Loaded model for LiNiO2_1533770 (input size: 7001, use_mask: True)
Using device: cpu
  ✓ Loaded model for Co_1534891 (input size: 7001, use_mask: True)
Using device: cpu
  ✓ Loaded model for Rb7.924In7.924Ge8.076Se32_113353 (input size: 7001, use_mask: True)
Using device: cpu
  ✓ Loaded model for B10H23C5S3(OF)3_238210 (input size: 7001, use_mask: True)
Using device: cpu
  ✓ Loaded model for TiC_1011320 (input size: 7001, use_mask: True)
Using device: cpu
  ✓ Loaded model for PrAs2Au_174363 (input size: 7001, use_mask: True)
Using device: cpu
  ✓ Loaded model for CsTmZnTe3_170193 (input size: 7001, use_mask: True)
Using device: cpu
  ✓ Loaded model for Gd3Ga2_103720 (input size: 7001, use_mask: True)
Using device: cpu
  ✓ Loaded model for Fe3.482Sn0.518Sb8Se16_118233 (input size: 7001, use_mask: True)
Using device: cpu
  ✓ Loaded model for NaVWO6_167776 (input size: 7001, use_mask: True)
Using device: cpu
  ✓ Loaded model for Ca3N2_419865 (input size: 7001, use_mask: True)
Using device: cpu
  ✓ Loaded model for Bi_1539906 (input size: 7001, use_mask: True)
Using device: cpu
  ✓ Loaded model for Li4Ti5O12_cm103332y_si_001 (input size: 7001, use_mask: True)
Using device: cpu
  ✓ Loaded model for NaNi4(PO4)3_50724 (input size: 7001, use_mask: True)
Using device: cpu
  ✓ Loaded model for Sr6(CoO3)5_81312 (input size: 7001, use_mask: True)
Using device: cpu
  ✓ Loaded model for Mn5.1B4.9Ir10_434721 (input size: 7001, use_mask: True)
Using device: cpu
  ✓ Loaded model for CuP(HO)5_280958 (input size: 7001, use_mask: True)
Using device: cpu
  ✓ Loaded model for CrCl3_1010575 (input size: 7001, use_mask: True)
Using device: cpu
  ✓ Loaded model for La10Mg0.4998Si5.5002O26_180720 (input size: 7001, use_mask: True)
Using device: cpu
  ✓ Loaded model for Mn2InSnPd4_51990 (input size: 7001, use_mask: True)
Using device: cpu
  ✓ Loaded model for K3Ti8O17_18312 (input size: 7001, use_mask: True)
Using device: cpu
  ✓ Loaded model for CaNi2(SeO3)3_143490 (input size: 7001, use_mask: True)
Using device: cpu
  ✓ Loaded model for Ba6Ti5.25Fe0.75O17.52_50856 (input size: 7001, use_mask: True)
Using device: cpu
  ✓ Loaded model for LaSe_56491 (input size: 7001, use_mask: True)
Using device: cpu
  ✓ Loaded model for NaNO3_1011029 (input size: 7001, use_mask: True)
Using device: cpu
  ✓ Loaded model for MnO3_173646 (input size: 7001, use_mask: True)
Using device: cpu
  ✓ Loaded model for K8Ge43.684_238335 (input size: 7001, use_mask: True)
Using device: cpu
  ✓ Loaded model for Li2TiO3_15150 (input size: 7001, use_mask: True)
Using device: cpu
  ✓ Loaded model for Mn_1534895 (input size: 7001, use_mask: True)
Using device: cpu
  ✓ Loaded model for Ca3Be2P4(HO2)10_40670 (input size: 7001, use_mask: True)
Using device: cpu
  ✓ Loaded model for Na2GdC(OF)3_21482 (input size: 7001, use_mask: True)
Using device: cpu
  ✓ Loaded model for V2O5_124838 (input size: 7001, use_mask: True)
Using device: cpu
  ✓ Loaded model for MnF2_14142 (input size: 7001, use_mask: True)
Using device: cpu
  ✓ Loaded model for CdHg2_58982 (input size: 7001, use_mask: True)
Using device: cpu
  ✓ Loaded model for LiMnO2_15105 (input size: 7001, use_mask: True)
Using device: cpu
  ✓ Loaded model for TiO2_121632 (input size: 7001, use_mask: True)
Using device: cpu
  ✓ Loaded model for MnCO3_1548822 (input size: 7001, use_mask: True)
Using device: cpu
  ✓ Loaded model for Mn3Ge_603343 (input size: 7001, use_mask: True)
Using device: cpu
  ✓ Loaded model for KPu_29020 (input size: 7001, use_mask: True)
Using device: cpu
  ✓ Loaded model for AgAuF4_90071 (input size: 7001, use_mask: True)
Using device: cpu
  ✓ Loaded model for K2Na6Al8Si8O31.9998_26007 (input size: 7001, use_mask: True)
Using device: cpu
  ✓ Loaded model for La16.48Zr15.52O56_130794 (input size: 7001, use_mask: True)
Using device: cpu
  ✓ Loaded model for V3B2_107318 (input size: 7001, use_mask: True)
Using device: cpu
  ✓ Loaded model for Ce2Cu2.202As4_88683 (input size: 7001, use_mask: True)
Using device: cpu
  ✓ Loaded model for K4B44.0064H48C3.9936_133890 (input size: 7001, use_mask: True)
Using device: cpu
  ✓ Loaded model for FeH6SO6_136668 (input size: 7001, use_mask: True)
Using device: cpu
  ✓ Loaded model for Cr2O3_1011067 (input size: 7001, use_mask: True)
Using device: cpu
  ✓ Loaded model for Sr4Te3(ClO2)4_418557 (input size: 7001, use_mask: True)
Using device: cpu
  ✓ Loaded model for BiOCl_1011175 (input size: 7001, use_mask: True)
Using device: cpu
  ✓ Loaded model for HoAl7Fe5_607545 (input size: 7001, use_mask: True)
Using device: cpu
  ✓ Loaded model for Er(Al2Mo)2_607414 (input size: 7001, use_mask: True)
Using device: cpu
  ✓ Loaded model for NaH2F3_433031 (input size: 7001, use_mask: True)
Using device: cpu
  ✓ Loaded model for Cr4H60N16Cl8O36.0064_94856 (input size: 7001, use_mask: True)
Using device: cpu
  ✓ Loaded model for NdPIr_414517 (input size: 7001, use_mask: True)
Using device: cpu
  ✓ Loaded model for CsB3H8_65947 (input size: 7001, use_mask: True)
Using device: cpu
  ✓ Loaded model for Rb2Cr3O10_134642 (input size: 7001, use_mask: True)
Using device: cpu
  ✓ Loaded model for Cs1N2.998_28537 (input size: 7001, use_mask: True)

========================================
Processing pattern: MnF2
    Running DARA refinement on 5 candidate phases...

DARA Iteration 1: Refining 5 phases: ['MnF2_14142', 'Er3TlC_76824', 'Mn2O3_1514106', 'In_1538014', 'MnSeO4_109071']
DEBUG: Ray resources: {'node:__internal_head__': 1.0, 'object_store_memory': 71707720089.0, 'CPU': 4.0, 'node:141.142.253.157': 1.0, 'memory': 167318013543.0}
2026-02-08 23:06:04,282 INFO dara.search.tree Detecting peaks in the pattern.
EFLECH run time: 2.75688099861145 seconds
2026-02-08 23:06:07,085 INFO dara.search.tree The wmax is automatically adjusted to 60.96.
2026-02-08 23:06:07,085 INFO dara.search.tree The intensity threshold is automatically set to 10.00 % of maximum peak intensity.
2026-02-08 23:06:07,085 INFO dara.search.tree Creating the root node.
2026-02-08 23:06:07,086 INFO dara.search.tree Refining all the phases in the dataset.
2026-02-08 23:06:11,147 INFO dara.search.tree Finished refining 5 phases, with 0 phases removed.
2026-02-08 23:06:11,147 INFO dara.search.tree Express mode is enabled. Grouping phases before starting.
2026-02-08 23:06:11,257 INFO dara.search.tree Phases are grouped into 5 groups. Pinned phases were included to mask duplicate candidates.
[36m(_remote_expand_node pid=2157519)[0m 2026-02-08 23:06:11,893 INFO dara.search.tree Expanding node 0a82eb1a-0575-11f1-9018-6805cae19192 with current phases [], Rwp = None
Search tree:
Root 
├── ([32mexpanded[39m[26m) MnF2_14142                                       Rwp: 4.19% | Strain: 0.02% | Group 0  
├── (high_strain) Er3TlC_76824                                  Rwp: 19.26% | Strain: 4.41% | Group 1  
└── (high_strain) Mn2O3_1514106                                 Rwp: 20.63% | Strain: -2.13% | Group 2  

[36m(_remote_expand_node pid=2157519)[0m 2026-02-08 23:06:12,981 INFO dara.search.tree Expanding node 0e02e0e2-0575-11f1-8962-6805cae19192 with current phases ['MnF2_14142'], Rwp = 4.19
    Saved DARA refined plot to /work/hdd/bffm/xtong1/ref_200_conserv/results/evaluation/dara_refined_plots/MnF2_refined.html
Refinement result: {'MnF2_14142': np.float64(1.0)}
DARA refinement result: Rwp=4.19%, Max False Peak Relative Intensity=0.0026
    Recall: 1.0000, Precision: 1.0000, F1: 1.0000
    Time taken: 14.76 seconds

========================================
Processing pattern: TiO2_Li2CO3
    Running DARA refinement on 8 candidate phases...

DARA Iteration 1: Refining 8 phases: ['TiO2_121632', 'Er(Al2Mo)2_607414', 'Li2CO3_100324', 'Li2.27Mn0.73N1_409444', 'TaGeRh_421092', 'C2SN2_14340', 'ZrO2_1528984', 'La10Mg0.4998Si5.5002O26_180720']
2026-02-08 23:06:13,683 INFO dara.search.tree Detecting peaks in the pattern.
EFLECH run time: 1.9037048816680908 seconds
2026-02-08 23:06:15,621 INFO dara.search.tree The wmax is automatically adjusted to 56.37.
2026-02-08 23:06:15,621 INFO dara.search.tree The intensity threshold is automatically set to 5.84 % of maximum peak intensity.
2026-02-08 23:06:15,621 INFO dara.search.tree Creating the root node.
2026-02-08 23:06:15,621 INFO dara.search.tree Refining all the phases in the dataset.
2026-02-08 23:06:19,837 INFO dara.search.tree Finished refining 8 phases, with 0 phases removed.
2026-02-08 23:06:19,837 INFO dara.search.tree Express mode is enabled. Grouping phases before starting.
2026-02-08 23:06:20,004 INFO dara.search.tree Phases are grouped into 8 groups. Pinned phases were included to mask duplicate candidates.
[36m(_remote_expand_node pid=2157516)[0m 2026-02-08 23:06:20,608 INFO dara.search.tree Expanding node 0f996124-0575-11f1-9018-6805cae19192 with current phases [], Rwp = None
[36m(_remote_expand_node pid=2157517)[0m 2026-02-08 23:06:25,225 INFO dara.search.tree Expanding node 1549a1b0-0575-11f1-86fa-6805cae19192 with current phases ['TaGeRh_421092'], Rwp = 39.8
[36m(_remote_expand_node pid=2157518)[0m 2026-02-08 23:06:25,248 INFO dara.search.tree Race condition avoided: ['ZrO2_1528984', 'Li2CO3_100324'] is already being processed by another worker.
[36m(_remote_expand_node pid=2158788)[0m 2026-02-08 23:06:40,471 INFO dara.search.tree Expanding node 1d7c3000-0575-11f1-86fa-6805cae19192 with current phases ['Li2CO3_100324', 'TaGeRh_421092'], Rwp = 34.4[32m [repeated 4x across cluster] (Ray deduplicates logs by default. Set RAY_DEDUP_LOGS=0 to disable log deduplication, or see https://docs.ray.io/en/master/ray-observability/user-guides/configure-logging.html#log-deduplication for more options.)[0m
[36m(_remote_expand_node pid=2158661)[0m 2026-02-08 23:06:28,198 INFO dara.search.tree Race condition avoided: ['TiO2_121632', 'ZrO2_1528984'] is already being processed by another worker.[32m [repeated 3x across cluster][0m
[36m(_remote_expand_node pid=2157517)[0m 2026-02-08 23:06:44,101 INFO dara.search.tree Overfitting detected for ['TaGeRh_421092', 'Er(Al2Mo)2_607414']
[36m(_remote_expand_node pid=2157517)[0m 2026-02-08 23:06:44,101 INFO dara.search.tree Rpb improvement: 11.629999999999995, lattice strain: 0.27959275795363403
[36m(_remote_expand_node pid=2158786)[0m 2026-02-08 23:06:40,446 INFO dara.search.tree Expanding node 1d7bab8a-0575-11f1-86fa-6805cae19192 with current phases ['Li2CO3_100324', 'TiO2_121632'], Rwp = 9.91
[36m(_remote_expand_node pid=2158786)[0m 2026-02-08 23:06:44,040 INFO dara.search.tree Race condition avoided: ['Li2CO3_100324', 'TiO2_121632', 'TaGeRh_421092'] is already being processed by another worker.
[36m(_remote_expand_node pid=2158788)[0m 2026-02-08 23:06:53,718 INFO dara.search.tree Overfitting detected for ['Li2CO3_100324', 'TaGeRh_421092', 'TiO2_121632'][32m [repeated 2x across cluster][0m
[36m(_remote_expand_node pid=2158788)[0m 2026-02-08 23:06:53,718 INFO dara.search.tree Rpb improvement: 50.97, lattice strain: 0.001145793440565662[32m [repeated 2x across cluster][0m
Search tree:
Root 
├── ([32mexpanded[39m[26m) Li2CO3_100324                                    Rwp: 39.27% | Strain: 0.1% | Group 0  
│   ├── (no_improvement) C2SN2_14340                                Rwp: 39.26% | Strain: 1.57% | Group 0  
│   ├── (no_improvement) ZrO2_1528984                               Rwp: 39.27% | Strain: 0.0% | Group 1  
│   ├── ([32mexpanded[39m[26m) TiO2_121632                                      Rwp: 9.91% | Strain: 0.11% | Group 2  
│   │   ├── (no_improvement) C2SN2_14340                                Rwp: 9.85% | Strain: 1.41% | Group 0  
│   │   ├── (high_strain) ZrO2_1528984                                  Rwp: 9.79% | Strain: 4.94% | Group 1  
│   │   ├── (no_improvement) Er(Al2Mo)2_607414                          Rwp: 9.73% | Strain: 1.59% | Group 2  
│   │   └── (no_improvement) Li2.27Mn0.73N1_409444                      Rwp: 9.46% | Strain: 0.67% | Group 3  
│   ├── ([32mexpanded[39m[26m) TaGeRh_421092                                    Rwp: 34.40% | Strain: -0.41% | Group 3  
│   │   ├── (high_strain) C2SN2_14340                                   Rwp: 38.34% | Strain: 2.53% | Group 0  
│   │   ├── (no_improvement) ZrO2_1528984                               Rwp: 34.36% | Strain: 1.25% | Group 1  
│   │   └── (overfitting) TiO2_121632                                   Rwp: 9.54% | Strain: 0.11% | Group 2  
│   ├── (high_strain) Er(Al2Mo)2_607414                             Rwp: 36.48% | Strain: 29.42% | Group 4  
│   └── (no_improvement) Li2.27Mn0.73N1_409444                      Rwp: 39.41% | Strain: 1.87% | Group 5  
├── (high_strain) C2SN2_14340                                   Rwp: 40.70% | Strain: 3.23% | Group 1  
├── ([32mexpanded[39m[26m) ZrO2_1528984                                     Rwp: 27.45% | Strain: 1.11% | Group 2  
│   └── (overfitting) C2SN2_14340                                   Rwp: 40.70% | Strain: 3.23% | Group 0  
├── ([32mexpanded[39m[26m) TiO2_121632                                      Rwp: 16.46% | Strain: 0.13% | Group 3  
│   ├── (no_improvement) C2SN2_14340                                Rwp: 15.76% | Strain: 1.48% | Group 0  
│   ├── (no_improvement) Er(Al2Mo)2_607414                          Rwp: 16.29% | Strain: 0.91% | Group 1  
│   └── (no_improvement) Li2.27Mn0.73N1_409444                      Rwp: 16.27% | Strain: 0.68% | Group 2  
├── (high_strain) Er(Al2Mo)2_607414                             Rwp: 35.89% | Strain: 27.98% | Group 4  
├── (high_strain) Li2.27Mn0.73N1_409444                         Rwp: 40.88% | Strain: 2.52% | Group 5  
└── ([32mexpanded[39m[26m) TaGeRh_421092                                    Rwp: 39.80% | Strain: -1.39% | Group 6  
    ├── (high_strain) C2SN2_14340                                   Rwp: 35.94% | Strain: 2.64% | Group 0  
    └── (overfitting) Er(Al2Mo)2_607414                             Rwp: 34.88% | Strain: 27.96% | Group 1  

    Saved DARA refined plot to /work/hdd/bffm/xtong1/ref_200_conserv/results/evaluation/dara_refined_plots/TiO2_Li2CO3_refined.html
Refinement result: {'TiO2_121632': np.float64(0.7378149398075857), 'Li2CO3_100324': np.float64(0.2621850601924142)}
DARA refinement result: Rwp=9.91%, Max False Peak Relative Intensity=0.0283
    Recall: 1.0000, Precision: 1.0000, F1: 1.0000
    Time taken: 40.65 seconds

========================================
Processing pattern: LiOH_ZrO2
    Running DARA refinement on 19 candidate phases...

DARA Iteration 1: Refining 19 phases: ['LiOH_1010301', 'ZrO2_1528984', 'Ba6Ti5.25Fe0.75O17.52_50856', 'BaTiO3_1507756', 'LiF_1010990', 'Y3Ga5O12_36730', 'Er8Al2.88Fe13.12_195404', 'In4.8Te8Au1.06_121190', 'Co_1534891', 'NdPIr_414517', 'Gd3Ga2_103720', 'MnCO3_1548822', 'Cs2AgBiBr6_18989', 'LuAs_610816', 'Zr_1534901', 'NiH10CNCl3O2_433257', 'CoCO3_1548825', 'K4B44.0064H48C3.9936_133890', 'CoFe2O4_1533163']
2026-02-08 23:06:54,323 INFO dara.search.tree Detecting peaks in the pattern.
EFLECH run time: 3.872342824935913 seconds
2026-02-08 23:06:58,228 INFO dara.search.tree The wmax is automatically adjusted to 57.04.
2026-02-08 23:06:58,228 INFO dara.search.tree The intensity threshold is automatically set to 9.74 % of maximum peak intensity.
2026-02-08 23:06:58,228 INFO dara.search.tree Creating the root node.
2026-02-08 23:06:58,228 INFO dara.search.tree Refining all the phases in the dataset.
2026-02-08 23:07:03,718 INFO dara.search.tree Finished refining 19 phases, with 0 phases removed.
2026-02-08 23:07:03,718 INFO dara.search.tree Express mode is enabled. Grouping phases before starting.
2026-02-08 23:07:05,023 INFO dara.search.tree Phases are grouped into 18 groups. Pinned phases were included to mask duplicate candidates.
[36m(_remote_expand_node pid=2158789)[0m 2026-02-08 23:07:05,604 INFO dara.search.tree Expanding node 28feb164-0575-11f1-9018-6805cae19192 with current phases [], Rwp = None
[36m(_remote_expand_node pid=2158788)[0m 2026-02-08 23:07:09,693 INFO dara.search.tree Expanding node 2fc80b6c-0575-11f1-9910-6805cae19192 with current phases ['LuAs_610816'], Rwp = 55.22
[36m(_remote_expand_node pid=2158788)[0m 2026-02-08 23:07:09,768 INFO dara.search.tree Race condition avoided: ['LuAs_610816', 'ZrO2_1528984'] is already being processed by another worker.
[36m(_remote_expand_node pid=2158788)[0m 2026-02-08 23:07:09,772 INFO dara.search.tree Race condition avoided: ['LuAs_610816', 'Ba6Ti5.25Fe0.75O17.52_50856'] is already being processed by another worker.
[36m(_remote_expand_node pid=2157519)[0m 2026-02-08 23:07:18,844 INFO dara.search.tree Expanding node 2fc8ad06-0575-11f1-9910-6805cae19192 with current phases ['LiF_1010990'], Rwp = 60.41[32m [repeated 4x across cluster][0m
[36m(_remote_expand_node pid=2160263)[0m 2026-02-08 23:07:09,812 INFO dara.search.tree Race condition avoided: ['LiOH_1010301', 'LuAs_610816'] is already being processed by another worker.[32m [repeated 4x across cluster][0m
[36m(_remote_expand_node pid=2157519)[0m 2026-02-08 23:07:23,158 INFO dara.search.tree Overfitting detected for ['LiF_1010990', 'In4.8Te8Au1.06_121190']
[36m(_remote_expand_node pid=2157519)[0m 2026-02-08 23:07:23,158 INFO dara.search.tree Rpb improvement: 6.799999999999997, lattice strain: -0.04212480714723361
[36m(_remote_expand_node pid=2161120)[0m 2026-02-08 23:07:33,321 INFO dara.search.tree Expanding node 35ea366e-0575-11f1-90f5-6805cae19192 with current phases ['Ba6Ti5.25Fe0.75O17.52_50856', 'LiOH_1010301'], Rwp = 52.32[32m [repeated 3x across cluster][0m
[36m(_remote_expand_node pid=2158789)[0m 2026-02-08 23:07:23,055 INFO dara.search.tree Race condition avoided: ['ZrO2_1528984', 'LiOH_1010301', 'Er8Al2.88Fe13.12_195404'] is already being processed by another worker.[32m [repeated 5x across cluster][0m
[36m(_remote_expand_node pid=2160409)[0m 2026-02-08 23:07:37,782 INFO dara.search.tree Overfitting detected for ['LiOH_1010301', 'Er8Al2.88Fe13.12_195404', 'ZrO2_1528984']
[36m(_remote_expand_node pid=2160409)[0m 2026-02-08 23:07:37,782 INFO dara.search.tree Rpb improvement: 69.4, lattice strain: 0.0010708630710756402
[36m(_remote_expand_node pid=2160941)[0m 2026-02-08 23:07:39,456 INFO dara.search.tree Expanding node 3ff02984-0575-11f1-b243-6805cae19192 with current phases ['LuAs_610816', 'LiOH_1010301'], Rwp = 53.15[32m [repeated 3x across cluster][0m
[36m(_remote_expand_node pid=2161517)[0m 2026-02-08 23:07:36,810 INFO dara.search.tree Race condition avoided: ['Ba6Ti5.25Fe0.75O17.52_50856', 'Er8Al2.88Fe13.12_195404', 'LiOH_1010301'] is already being processed by another worker.[32m [repeated 3x across cluster][0m
[36m(_remote_expand_node pid=2161121)[0m 2026-02-08 23:07:44,686 INFO dara.search.tree Expanding node 3ff1530e-0575-11f1-b243-6805cae19192 with current phases ['LuAs_610816', 'Er8Al2.88Fe13.12_195404'], Rwp = 53.55
[36m(_remote_expand_node pid=2160941)[0m 2026-02-08 23:07:46,451 INFO dara.search.tree Race condition avoided: ['LuAs_610816', 'LiOH_1010301', 'ZrO2_1528984'] is already being processed by another worker.
[36m(_remote_expand_node pid=2160941)[0m 2026-02-08 23:07:46,452 INFO dara.search.tree Race condition avoided: ['LuAs_610816', 'LiOH_1010301', 'Ba6Ti5.25Fe0.75O17.52_50856'] is already being processed by another worker.
[36m(_remote_expand_node pid=2160941)[0m 2026-02-08 23:07:46,457 INFO dara.search.tree Race condition avoided: ['LuAs_610816', 'LiOH_1010301', 'Er8Al2.88Fe13.12_195404'] is already being processed by another worker.
[36m(_remote_expand_node pid=2161517)[0m 2026-02-08 23:07:46,760 INFO dara.search.tree Overfitting detected for ['Ba6Ti5.25Fe0.75O17.52_50856', 'Er8Al2.88Fe13.12_195404', 'ZrO2_1528984']
[36m(_remote_expand_node pid=2161517)[0m 2026-02-08 23:07:46,760 INFO dara.search.tree Rpb improvement: 52.900000000000006, lattice strain: 0.0011050487679472576
[36m(_remote_expand_node pid=2161121)[0m 2026-02-08 23:07:48,551 INFO dara.search.tree Race condition avoided: ['LuAs_610816', 'Er8Al2.88Fe13.12_195404', 'LiOH_1010301'] is already being processed by another worker.[32m [repeated 3x across cluster][0m
[36m(_remote_expand_node pid=2158788)[0m 2026-02-08 23:07:54,055 INFO dara.search.tree Overfitting detected for ['LuAs_610816', 'In4.8Te8Au1.06_121190', 'ZrO2_1528984']
[36m(_remote_expand_node pid=2158788)[0m 2026-02-08 23:07:54,055 INFO dara.search.tree Rpb improvement: 56.2, lattice strain: 0.0010343252751316714
Search tree:
Root 
├── ([32mexpanded[39m[26m) ZrO2_1528984                                     Rwp: 21.48% | Strain: 0.1% | Group 0  
│   ├── (high_strain) Ba6Ti5.25Fe0.75O17.52_50856                   Rwp: 20.02% | Strain: -2.13% | Group 0  
│   ├── ([32mexpanded[39m[26m) LiOH_1010301                                     Rwp: 15.87% | Strain: 0.29% | Group 1  
│   │   ├── (high_strain) Ba6Ti5.25Fe0.75O17.52_50856                   Rwp: 15.01% | Strain: 3.9% | Group 0  
│   │   ├── (high_strain) MnCO3_1548822                                 Rwp: 14.33% | Strain: 3.88% | Group 1  
│   │   ├── (no_improvement) LuAs_610816                                Rwp: 15.81% | Strain: 0.8% | Group 2  
│   │   ├── (no_improvement) LiF_1010990                                Rwp: 15.85% | Strain: 0.18% | Group 3  
│   │   └── (no_improvement) Co_1534891                                 Rwp: 15.87% | Strain: 0.0% | Group 4  
│   ├── (high_strain) MnCO3_1548822                                 Rwp: 21.01% | Strain: 3.25% | Group 2  
│   ├── (no_improvement) LuAs_610816                                Rwp: 21.43% | Strain: 0.69% | Group 3  
│   ├── (no_improvement) Er8Al2.88Fe13.12_195404                    Rwp: 21.39% | Strain: -1.66% | Group 4  
│   ├── (no_improvement) LiF_1010990                                Rwp: 21.47% | Strain: 0.42% | Group 5  
│   └── (no_improvement) Co_1534891                                 Rwp: 21.47% | Strain: 0.32% | Group 6  
├── (high_strain) In4.8Te8Au1.06_121190                         Rwp: 58.11% | Strain: -4.21% | Group 1  
├── ([32mexpanded[39m[26m) Ba6Ti5.25Fe0.75O17.52_50856                      Rwp: 54.18% | Strain: 1.2% | Group 2  
│   ├── ([32mexpanded[39m[26m) LiOH_1010301                                     Rwp: 52.32% | Strain: 1.52% | Group 0  
│   │   ├── (no_improvement) LuAs_610816                                Rwp: 52.12% | Strain: 1.51% | Group 0  
│   │   ├── (no_improvement) LiF_1010990                                Rwp: 52.08% | Strain: 1.36% | Group 1  
│   │   └── (no_improvement) Co_1534891                                 Rwp: 52.26% | Strain: 1.84% | Group 2  
│   ├── (high_strain) MnCO3_1548822                                 Rwp: 51.48% | Strain: 2.27% | Group 1  
│   ├── (no_improvement) LuAs_610816                                Rwp: 54.02% | Strain: 1.71% | Group 2  
│   ├── ([32mexpanded[39m[26m) Er8Al2.88Fe13.12_195404                          Rwp: 52.41% | Strain: 1.0% | Group 3  
│   │   └── (overfitting) ZrO2_1528984                                  Rwp: 19.91% | Strain: 0.11% | Group 0  
│   ├── (no_improvement) LiF_1010990                                Rwp: 53.72% | Strain: 1.6% | Group 4  
│   └── (high_strain) Co_1534891                                    Rwp: 54.12% | Strain: 2.13% | Group 5  
├── ([32mexpanded[39m[26m) LiOH_1010301                                     Rwp: 58.82% | Strain: 0.56% | Group 3  
│   ├── (high_strain) MnCO3_1548822                                 Rwp: 51.04% | Strain: 3.52% | Group 0  
│   ├── ([32mexpanded[39m[26m) Er8Al2.88Fe13.12_195404                          Rwp: 57.21% | Strain: -0.18% | Group 1  
│   │   └── (overfitting) ZrO2_1528984                                  Rwp: 15.79% | Strain: 0.11% | Group 0  
│   ├── (no_improvement) LiF_1010990                                Rwp: 58.32% | Strain: 0.58% | Group 2  
│   └── (no_improvement) Co_1534891                                 Rwp: 58.77% | Strain: 1.07% | Group 3  
├── (high_strain) MnCO3_1548822                                 Rwp: 53.71% | Strain: 3.34% | Group 4  
├── ([32mexpanded[39m[26m) LuAs_610816                                      Rwp: 55.22% | Strain: 1.71% | Group 5  
│   ├── ([32mexpanded[39m[26m) In4.8Te8Au1.06_121190                            Rwp: 53.87% | Strain: 0.34% | Group 0  
│   │   └── (overfitting) ZrO2_1528984                                  Rwp: 21.42% | Strain: 0.1% | Group 0  
│   ├── ([32mexpanded[39m[26m) LiOH_1010301                                     Rwp: 53.15% | Strain: 0.55% | Group 1  
│   │   ├── (no_improvement) LiF_1010990                                Rwp: 52.57% | Strain: 0.58% | Group 0  
│   │   └── (no_improvement) Co_1534891                                 Rwp: 53.09% | Strain: 1.07% | Group 1  
│   ├── (high_strain) MnCO3_1548822                                 Rwp: 53.04% | Strain: 2.62% | Group 2  
│   ├── ([32mexpanded[39m[26m) Er8Al2.88Fe13.12_195404                          Rwp: 53.55% | Strain: 0.8% | Group 3  
│   │   └── (overfitting) ZrO2_1528984                                  Rwp: 21.33% | Strain: 0.11% | Group 0  
│   ├── (no_improvement) LiF_1010990                                Rwp: 54.78% | Strain: 0.65% | Group 4  
│   └── (no_improvement) Co_1534891                                 Rwp: 55.22% | Strain: 0.0% | Group 5  
├── (high_strain) Er8Al2.88Fe13.12_195404                       Rwp: 58.44% | Strain: -2.95% | Group 6  
├── ([32mexpanded[39m[26m) LiF_1010990                                      Rwp: 60.41% | Strain: 0.62% | Group 7  
│   └── (overfitting) In4.8Te8Au1.06_121190                         Rwp: 57.78% | Strain: -4.21% | Group 0  
└── (high_strain) Co_1534891                                    Rwp: 60.60% | Strain: -5.0% | Group 8  

[36m(_remote_expand_node pid=2161121)[0m 2026-02-08 23:07:54,253 INFO dara.search.tree Overfitting detected for ['LuAs_610816', 'Er8Al2.88Fe13.12_195404', 'ZrO2_1528984']
[36m(_remote_expand_node pid=2161121)[0m 2026-02-08 23:07:54,253 INFO dara.search.tree Rpb improvement: 55.199999999999996, lattice strain: 0.0010555825852061572
    Saved DARA refined plot to /work/hdd/bffm/xtong1/ref_200_conserv/results/evaluation/dara_refined_plots/LiOH_ZrO2_refined.html
Refinement result: {'ZrO2_1528984': np.float64(0.7689245378606051), 'LiOH_1010301': np.float64(0.23107546213939495)}
DARA refinement result: Rwp=15.87%, Max False Peak Relative Intensity=0.0458
    Recall: 1.0000, Precision: 1.0000, F1: 1.0000
    Time taken: 60.45 seconds

========================================
Processing pattern: V2O5_In2O3_La(OH)3
    Running DARA refinement on 18 candidate phases...

DARA Iteration 1: Refining 18 phases: ['V2O5_124838', 'La(OH)3_167480', 'Bk_292005', 'In2O3_1538147', 'SrTiO3_1512124', 'AgAuF4_90071', 'MnOOH_1011012', 'InP_1010146', 'C2SN2_14340', 'CaNi2(SeO3)3_143490', 'LiOH_1010301', 'Fe2.16Bi12Os9.84O44_144853', 'CrSbSe3_84866', 'Cs1N2.998_28537', 'CrCl3_1010575', 'MnCO3_1548822', 'BaAu2_181532', 'KHS_411446']
2026-02-08 23:07:54,795 INFO dara.search.tree Detecting peaks in the pattern.
EFLECH run time: 6.639071226119995 seconds
2026-02-08 23:08:01,467 INFO dara.search.tree The wmax is automatically adjusted to 49.68.
2026-02-08 23:08:01,467 INFO dara.search.tree The intensity threshold is automatically set to 6.58 % of maximum peak intensity.
2026-02-08 23:08:01,467 INFO dara.search.tree Creating the root node.
2026-02-08 23:08:01,467 INFO dara.search.tree Refining all the phases in the dataset.
2026-02-08 23:08:05,382 INFO dara.search.tree Finished refining 18 phases, with 2 phases removed.
2026-02-08 23:08:05,382 INFO dara.search.tree Express mode is enabled. Grouping phases before starting.
2026-02-08 23:08:05,741 INFO dara.search.tree Phases are grouped into 16 groups. Pinned phases were included to mask duplicate candidates.
[36m(_remote_expand_node pid=2161121)[0m 2026-02-08 23:08:06,312 INFO dara.search.tree Expanding node 4eb031ee-0575-11f1-9018-6805cae19192 with current phases [], Rwp = None
[36m(_remote_expand_node pid=2161121)[0m 2026-02-08 23:08:10,108 INFO dara.search.tree Expanding node 53cdd712-0575-11f1-b697-6805cae19192 with current phases ['V2O5_124838'], Rwp = 30.76
[36m(_remote_expand_node pid=2161887)[0m 2026-02-08 23:08:10,176 INFO dara.search.tree Race condition avoided: ['In2O3_1538147', 'V2O5_124838'] is already being processed by another worker.
[36m(_remote_expand_node pid=2161758)[0m 2026-02-08 23:08:19,082 INFO dara.search.tree Expanding node 53d0ed58-0575-11f1-b697-6805cae19192 with current phases ['InP_1010146'], Rwp = 32.59[32m [repeated 4x across cluster][0m
[36m(_remote_expand_node pid=2161758)[0m 2026-02-08 23:08:10,240 INFO dara.search.tree Race condition avoided: ['AgAuF4_90071', 'La(OH)3_167480'] is already being processed by another worker.[32m [repeated 5x across cluster][0m
[36m(_remote_expand_node pid=2163048)[0m 2026-02-08 23:08:24,927 INFO dara.search.tree Expanding node 586be318-0575-11f1-b140-6805cae19192 with current phases ['In2O3_1538147', 'MnOOH_1011012'], Rwp = 20.81[32m [repeated 2x across cluster][0m
[36m(_remote_expand_node pid=2163046)[0m 2026-02-08 23:08:19,530 INFO dara.search.tree Race condition avoided: ['LiOH_1010301', 'AgAuF4_90071'] is already being processed by another worker.[32m [repeated 9x across cluster][0m
[36m(_remote_expand_node pid=2163046)[0m 2026-02-08 23:08:25,048 INFO dara.search.tree Overfitting detected for ['LiOH_1010301', 'MnOOH_1011012']
[36m(_remote_expand_node pid=2163046)[0m 2026-02-08 23:08:25,048 INFO dara.search.tree Rpb improvement: 3.180000000000007, lattice strain: 0.007268414997460661
[36m(_remote_expand_node pid=2158788)[0m 2026-02-08 23:08:29,475 INFO dara.search.tree Expanding node 586dde98-0575-11f1-b140-6805cae19192 with current phases ['In2O3_1538147', 'Cs1N2.998_28537'], Rwp = 20.43[32m [repeated 3x across cluster][0m
[36m(_remote_expand_node pid=2161758)[0m 2026-02-08 23:08:30,584 INFO dara.search.tree Race condition avoided: ['In2O3_1538147', 'AgAuF4_90071', 'La(OH)3_167480'] is already being processed by another worker.[32m [repeated 3x across cluster][0m
[36m(_remote_expand_node pid=2161758)[0m 2026-02-08 23:08:25,589 INFO dara.search.tree Overfitting detected for ['InP_1010146', 'MnOOH_1011012']
[36m(_remote_expand_node pid=2161758)[0m 2026-02-08 23:08:25,589 INFO dara.search.tree Rpb improvement: 2.1400000000000006, lattice strain: 0.039206248802552676
[36m(_remote_expand_node pid=2163048)[0m 2026-02-08 23:08:33,555 INFO dara.search.tree Overfitting detected for ['In2O3_1538147', 'MnOOH_1011012', 'V2O5_124838']
[36m(_remote_expand_node pid=2163048)[0m 2026-02-08 23:08:33,555 INFO dara.search.tree Rpb improvement: 13.100000000000001, lattice strain: 0.0013764983795343203
Refinement result: Early stop found. Terminating all other workers.
Search tree:
Root 
├── ([32mexpanded[39m[26m) V2O5_124838                                      Rwp: 30.76% | Strain: 0.24% | Group 0  
│   ├── (pending) In2O3_1538147                                     Rwp: 18.33% | Strain: -0.08% | Group 0  
│   ├── (no_improvement) MnOOH_1011012                              Rwp: 30.76% | Strain: 0.0% | Group 1  
│   ├── (pending) La(OH)3_167480                                    Rwp: 25.99% | Strain: 0.11% | Group 2  
│   ├── (pending) AgAuF4_90071                                      Rwp: 28.39% | Strain: 0.62% | Group 3  
│   ├── (pending) Cs1N2.998_28537                                   Rwp: 30.19% | Strain: 0.21% | Group 4  
│   ├── (no_improvement) LiOH_1010301                               Rwp: 30.76% | Strain: 0.0% | Group 5  
│   ├── (no_improvement) MnCO3_1548822                              Rwp: 30.69% | Strain: -0.24% | Group 6  
│   └── (no_improvement) InP_1010146                                Rwp: 30.75% | Strain: -0.05% | Group 7  
├── ([32mexpanded[39m[26m) In2O3_1538147                                    Rwp: 21.53% | Strain: -0.06% | Group 1  
│   ├── ([32mexpanded[39m[26m) MnOOH_1011012                                    Rwp: 20.81% | Strain: 0.6% | Group 0  
│   │   └── (overfitting) V2O5_124838                                   Rwp: 18.33% | Strain: 0.14% | Group 0  
│   ├── ([32mexpanded[39m[26m) La(OH)3_167480                                   Rwp: 12.51% | Strain: 0.13% | Group 1  
│   │   └── (early_stop) V2O5_124838                                    Rwp: 5.05% | Strain: 0.0% | Group 0  
│   ├── (pending) AgAuF4_90071                                      Rwp: 20.28% | Strain: 0.02% | Group 2  
│   ├── (no_improvement) BaAu2_181532                               Rwp: 21.53% | Strain: 0.0% | Group 3  
│   ├── (pending) Cs1N2.998_28537                                   Rwp: 20.43% | Strain: -0.15% | Group 4  
│   ├── (no_improvement) LiOH_1010301                               Rwp: 21.19% | Strain: 0.78% | Group 5  
│   ├── (no_improvement) MnCO3_1548822                              Rwp: 21.50% | Strain: -0.38% | Group 6  
│   └── (no_improvement) InP_1010146                                Rwp: 21.34% | Strain: 0.79% | Group 7  
├── (high_strain) MnOOH_1011012                                 Rwp: 32.21% | Strain: 3.98% | Group 2  
├── ([32mexpanded[39m[26m) La(OH)3_167480                                   Rwp: 28.30% | Strain: 0.02% | Group 3  
│   ├── (pending) MnOOH_1011012                                     Rwp: 27.63% | Strain: 0.19% | Group 0  
│   ├── (no_improvement) AgAuF4_90071                               Rwp: 27.86% | Strain: 0.62% | Group 1  
│   ├── (pending) BaAu2_181532                                      Rwp: 26.45% | Strain: -0.51% | Group 2  
│   ├── (no_improvement) Cs1N2.998_28537                            Rwp: 28.29% | Strain: -0.33% | Group 3  
│   ├── (pending) LiOH_1010301                                      Rwp: 27.84% | Strain: 0.59% | Group 4  
│   ├── (pending) MnCO3_1548822                                     Rwp: 20.13% | Strain: 1.17% | Group 5  
│   └── (no_improvement) InP_1010146                                Rwp: 28.13% | Strain: 0.33% | Group 6  
├── ([32mexpanded[39m[26m) AgAuF4_90071                                     Rwp: 30.73% | Strain: 0.81% | Group 4  
│   ├── (pending) MnOOH_1011012                                     Rwp: 30.10% | Strain: 0.94% | Group 0  
│   ├── (no_improvement) LiOH_1010301                               Rwp: 30.42% | Strain: 1.12% | Group 1  
│   ├── (no_improvement) BaAu2_181532                               Rwp: 30.22% | Strain: 1.54% | Group 2  
│   ├── (pending) MnCO3_1548822                                     Rwp: 24.88% | Strain: 0.45% | Group 3  
│   └── (no_improvement) InP_1010146                                Rwp: 30.58% | Strain: 1.29% | Group 4  
├── (high_strain) Cs1N2.998_28537                               Rwp: 31.10% | Strain: 4.6% | Group 5  
├── ([32mexpanded[39m[26m) LiOH_1010301                                     Rwp: 32.54% | Strain: -0.46% | Group 6  
│   └── (overfitting) MnOOH_1011012                                 Rwp: 32.00% | Strain: 0.73% | Group 0  
├── (high_strain) BaAu2_181532                                  Rwp: 30.35% | Strain: 4.13% | Group 7  
├── (high_strain) MnCO3_1548822                                 Rwp: 26.31% | Strain: -4.2% | Group 8  
└── ([32mexpanded[39m[26m) InP_1010146                                      Rwp: 32.59% | Strain: -1.5% | Group 9  
    └── (overfitting) MnOOH_1011012                                 Rwp: 32.21% | Strain: 3.92% | Group 0  

[36m(_remote_expand_node pid=2158788)[0m Task was cancelled remotely. Returning current state.
[36m(_remote_expand_node pid=2161121)[0m 2026-02-08 23:08:34,295 INFO dara.search.tree Early stopping triggered at node 586c6e5a-0575-11f1-b140-6805cae19192 with phases ['In2O3_1538147', 'La(OH)3_167480', 'V2O5_124838']
    Saved DARA refined plot to /work/hdd/bffm/xtong1/ref_200_conserv/results/evaluation/dara_refined_plots/V2O5_In2O3_La(OH)3_refined.html
Refinement result: {'V2O5_124838': np.float64(0.4133221763128636), 'In2O3_1538147': np.float64(0.38415064290540707), 'La(OH)3_167480': np.float64(0.20252718078172935)}
DARA refinement result: Rwp=5.05%, Max False Peak Relative Intensity=0.0139
    Recall: 1.0000, Precision: 1.0000, F1: 1.0000
    Time taken: 40.05 seconds

========================================
Processing pattern: Li2TiO3_Li3PO4
    Running DARA refinement on 10 candidate phases...

DARA Iteration 1: Refining 10 phases: ['Li2TiO3_15150', 'LiCrO2_1532839', 'LiMn2O4_1513962', 'Li3PO4_9012500', 'NiO_1010093', 'Li4Ti5O12_cm103332y_si_001', 'NaNO3_1011029', 'MnSeO4_109071', 'Mo4O11_24033', 'Cs3CeF6_15793']
2026-02-08 23:08:34,824 INFO dara.search.tree Detecting peaks in the pattern.
EFLECH run time: 2.6184256076812744 seconds
2026-02-08 23:08:37,481 INFO dara.search.tree The wmax is automatically adjusted to 40.87000537382177.
2026-02-08 23:08:37,481 INFO dara.search.tree The intensity threshold is automatically set to 10.00 % of maximum peak intensity.
2026-02-08 23:08:37,481 INFO dara.search.tree Creating the root node.
2026-02-08 23:08:37,481 INFO dara.search.tree Refining all the phases in the dataset.
2026-02-08 23:08:40,981 INFO dara.search.tree Finished refining 10 phases, with 0 phases removed.
2026-02-08 23:08:40,981 INFO dara.search.tree Express mode is enabled. Grouping phases before starting.
2026-02-08 23:08:41,667 INFO dara.search.tree Phases are grouped into 8 groups. Pinned phases were included to mask duplicate candidates.
[36m(_remote_expand_node pid=2161121)[0m 2026-02-08 23:08:42,484 INFO dara.search.tree Expanding node 64277f82-0575-11f1-9018-6805cae19192 with current phases [], Rwp = None
[36m(_remote_expand_node pid=2158788)[0m 2026-02-08 23:08:32,729 INFO dara.search.tree Race condition avoided: ['In2O3_1538147', 'Cs1N2.998_28537', 'AgAuF4_90071'] is already being processed by another worker.[32m [repeated 3x across cluster][0m
[36m(_remote_expand_node pid=2161121)[0m 2026-02-08 23:08:45,737 INFO dara.search.tree Expanding node 690e32e8-0575-11f1-b697-6805cae19192 with current phases ['Li3PO4_9012500'], Rwp = 14.39
[36m(_remote_expand_node pid=2163048)[0m 2026-02-08 23:08:49,404 INFO dara.search.tree Race condition avoided: ['NaNO3_1011029', 'Li2TiO3_15150'] is already being processed by another worker.[32m [repeated 3x across cluster][0m
[36m(_remote_expand_node pid=2164941)[0m 2026-02-08 23:08:45,750 INFO dara.search.tree Expanding node 690e8c66-0575-11f1-b697-6805cae19192 with current phases ['Li2TiO3_15150'], Rwp = 17.53[32m [repeated 3x across cluster][0m
[36m(_remote_expand_node pid=2163048)[0m 2026-02-08 23:08:51,684 INFO dara.search.tree Overfitting detected for ['NaNO3_1011029', 'LiMn2O4_1513962']
[36m(_remote_expand_node pid=2163048)[0m 2026-02-08 23:08:51,684 INFO dara.search.tree Rpb improvement: 11.629999999999995, lattice strain: -0.0011158277744085022
[36m(_remote_expand_node pid=2163048)[0m 2026-02-08 23:08:54,353 INFO dara.search.tree Overfitting detected for ['Li2TiO3_15150', 'Cs3CeF6_15793', 'Li3PO4_9012500']
[36m(_remote_expand_node pid=2163048)[0m 2026-02-08 23:08:54,353 INFO dara.search.tree Rpb improvement: 47.16, lattice strain: 0.002202767351266645
[36m(_remote_expand_node pid=2161121)[0m 2026-02-08 23:08:54,853 INFO dara.search.tree Race condition avoided: ['NaNO3_1011029', 'Cs3CeF6_15793', 'Li2TiO3_15150'] is already being processed by another worker.[32m [repeated 11x across cluster][0m
[36m(_remote_expand_node pid=2163048)[0m 2026-02-08 23:08:54,385 INFO dara.search.tree Expanding node 6d5b9106-0575-11f1-b2aa-6805cae19192 with current phases ['LiMn2O4_1513962', 'NiO_1010093'], Rwp = 17.46[32m [repeated 6x across cluster][0m
[36m(_remote_expand_node pid=2165118)[0m 2026-02-08 23:08:59,653 INFO dara.search.tree Overfitting detected for ['Li2TiO3_15150', 'NiO_1010093', 'Li3PO4_9012500']
[36m(_remote_expand_node pid=2165118)[0m 2026-02-08 23:08:59,653 INFO dara.search.tree Rpb improvement: 43.57000000000001, lattice strain: 0.001978028815106538
[36m(_remote_expand_node pid=2165120)[0m 2026-02-08 23:09:00,021 INFO dara.search.tree Race condition avoided: ['Cs3CeF6_15793', 'LiMn2O4_1513962', 'NiO_1010093'] is already being processed by another worker.[32m [repeated 4x across cluster][0m
[36m(_remote_expand_node pid=2163048)[0m 2026-02-08 23:09:00,171 INFO dara.search.tree Overfitting detected for ['LiMn2O4_1513962', 'NiO_1010093', 'Li3PO4_9012500']
[36m(_remote_expand_node pid=2163048)[0m 2026-02-08 23:09:00,171 INFO dara.search.tree Rpb improvement: 34.870000000000005, lattice strain: -5.773089963000982e-05
Search tree:
Root 
├── ([32mexpanded[39m[26m) Li3PO4_9012500                                   Rwp: 14.39% | Strain: 0.22% | Group 0  
│   ├── ([32mexpanded[39m[26m) Li2TiO3_15150                                    Rwp: 7.79% | Strain: 0.35% | Group 0  
│   │   └── (no_improvement) LiMn2O4_1513962                            Rwp: 7.69% | Strain: 0.16% | Group 0  
│   ├── ([32mexpanded[39m[26m) Cs3CeF6_15793                                    Rwp: 13.32% | Strain: 0.27% | Group 1  
│   ├── (no_improvement) NaNO3_1011029                              Rwp: 14.39% | Strain: 0.0% | Group 2  
│   ├── ([32mexpanded[39m[26m) LiMn2O4_1513962                                  Rwp: 10.01% | Strain: 0.54% | Group 3  
│   │   └── (no_improvement) NaNO3_1011029                              Rwp: 10.01% | Strain: 0.0% | Group 0  
│   └── (no_improvement) NiO_1010093                                Rwp: 14.39% | Strain: 0.0% | Group 4  
├── ([32mexpanded[39m[26m) Li2TiO3_15150                                    Rwp: 17.53% | Strain: -0.38% | Group 1  
│   ├── ([32mexpanded[39m[26m) Cs3CeF6_15793                                    Rwp: 17.09% | Strain: 0.5% | Group 0  
│   │   └── (overfitting) Li3PO4_9012500                                Rwp: 7.66% | Strain: 0.22% | Group 0  
│   ├── ([32mexpanded[39m[26m) NaNO3_1011029                                    Rwp: 17.28% | Strain: 0.36% | Group 1  
│   │   └── (overfitting) Li3PO4_9012500                                Rwp: 7.72% | Strain: 0.21% | Group 0  
│   ├── (no_improvement) LiMn2O4_1513962                            Rwp: 17.52% | Strain: 0.38% | Group 2  
│   └── ([32mexpanded[39m[26m) NiO_1010093                                      Rwp: 16.57% | Strain: 0.67% | Group 3  
│       └── (overfitting) Li3PO4_9012500                                Rwp: 7.79% | Strain: 0.2% | Group 0  
├── ([32mexpanded[39m[26m) Cs3CeF6_15793                                    Rwp: 19.87% | Strain: -1.23% | Group 2  
│   ├── ([32mexpanded[39m[26m) LiMn2O4_1513962                                  Rwp: 18.07% | Strain: -0.26% | Group 0  
│   │   └── ([32mexpanded[39m[26m) Li3PO4_9012500                                   Rwp: 8.70% | Strain: 0.11% | Group 0  
│   │       └── (overfitting) Li2TiO3_15150                                 Rwp: 7.84% | Strain: 0.47% | Group 0  
│   └── ([32mexpanded[39m[26m) NiO_1010093                                      Rwp: 19.16% | Strain: -0.59% | Group 1  
│       └── (overfitting) Li3PO4_9012500                                Rwp: 13.32% | Strain: 0.25% | Group 0  
├── ([32mexpanded[39m[26m) NaNO3_1011029                                    Rwp: 20.25% | Strain: -1.72% | Group 3  
│   ├── ([32mexpanded[39m[26m) Cs3CeF6_15793                                    Rwp: 19.57% | Strain: -1.42% | Group 0  
│   │   └── (overfitting) Li3PO4_9012500                                Rwp: 13.26% | Strain: 0.25% | Group 0  
│   └── (overfitting) LiMn2O4_1513962                               Rwp: 18.25% | Strain: -0.11% | Group 1  
├── ([32mexpanded[39m[26m) LiMn2O4_1513962                                  Rwp: 18.46% | Strain: -0.09% | Group 4  
│   └── ([32mexpanded[39m[26m) NiO_1010093                                      Rwp: 17.46% | Strain: 0.66% | Group 0  
│       └── (overfitting) Li3PO4_9012500                                Rwp: 9.99% | Strain: -0.01% | Group 0  
└── (high_strain) NiO_1010093                                   Rwp: 19.82% | Strain: -100.0% | Group 5  

[36m(_remote_expand_node pid=2165120)[0m 2026-02-08 23:09:01,717 INFO dara.search.tree Expanding node 7295aabc-0575-11f1-be37-6805cae19192 with current phases ['Cs3CeF6_15793', 'LiMn2O4_1513962', 'Li3PO4_9012500'], Rwp = 8.7[32m [repeated 6x across cluster][0m
    Saved DARA refined plot to /work/hdd/bffm/xtong1/ref_200_conserv/results/evaluation/dara_refined_plots/Li2TiO3_Li3PO4_refined.html
Refinement result: {'Li2TiO3_15150': np.float64(0.5715424050502341), 'Li3PO4_9012500': np.float64(0.4284575949497658)}
DARA refinement result: Rwp=7.79%, Max False Peak Relative Intensity=0.0505
    Recall: 1.0000, Precision: 1.0000, F1: 1.0000
    Time taken: 30.42 seconds

========================================
Processing pattern: LiOH_La(OH)3
    Running DARA refinement on 13 candidate phases...

DARA Iteration 1: Refining 13 phases: ['Li2.27Mn0.73N1_409444', 'GdAl4NiGe2_131195', 'Sr6(CoO3)5_81312', 'LiOH_1010301', 'La16.48Zr15.52O56_130794', 'Ca56Zn23.98Ga40.02O141_245650', 'ErZnAsO_420203', 'Gd3Ga2_103720', 'Tm6Fe51C4.5_617870', 'Gd2Co12P7_623390', 'BaAu2_181532', 'Mn2O3_1514106', 'Cu24Au4.8N8_290944']
2026-02-08 23:09:05,291 INFO dara.search.tree Detecting peaks in the pattern.
EFLECH run time: 3.8528823852539062 seconds
2026-02-08 23:09:09,178 INFO dara.search.tree The wmax is automatically adjusted to 53.91.
2026-02-08 23:09:09,179 INFO dara.search.tree The intensity threshold is automatically set to 10.00 % of maximum peak intensity.
2026-02-08 23:09:09,179 INFO dara.search.tree Creating the root node.
2026-02-08 23:09:09,179 INFO dara.search.tree Refining all the phases in the dataset.
2026-02-08 23:09:12,461 INFO dara.search.tree Finished refining 13 phases, with 1 phases removed.
2026-02-08 23:09:12,462 INFO dara.search.tree Express mode is enabled. Grouping phases before starting.
2026-02-08 23:09:13,101 INFO dara.search.tree Phases are grouped into 11 groups. Pinned phases were included to mask duplicate candidates.
[36m(_remote_expand_node pid=2165574)[0m 2026-02-08 23:09:13,687 INFO dara.search.tree Expanding node 770c2422-0575-11f1-9018-6805cae19192 with current phases [], Rwp = None
[36m(_remote_expand_node pid=2163048)[0m 2026-02-08 23:09:01,598 INFO dara.search.tree Race condition avoided: ['Li3PO4_9012500', 'LiMn2O4_1513962', 'NiO_1010093'] is already being processed by another worker.[32m [repeated 13x across cluster][0m
[36m(_remote_expand_node pid=2165120)[0m 2026-02-08 23:09:04,665 INFO dara.search.tree Overfitting detected for ['Cs3CeF6_15793', 'LiMn2O4_1513962', 'Li3PO4_9012500', 'Li2TiO3_15150'][32m [repeated 4x across cluster][0m
[36m(_remote_expand_node pid=2165120)[0m 2026-02-08 23:09:04,665 INFO dara.search.tree Rpb improvement: 9.530000000000001, lattice strain: 0.00468606232052277[32m [repeated 4x across cluster][0m
[36m(_remote_expand_node pid=2164498)[0m 2026-02-08 23:09:14,719 INFO dara.search.tree Expanding node 7a5374d2-0575-11f1-9f54-6805cae19192 with current phases ['Li2.27Mn0.73N1_409444'], Rwp = 39.28
[36m(_remote_expand_node pid=2164498)[0m 2026-02-08 23:09:14,751 INFO dara.search.tree Race condition avoided: ['Li2.27Mn0.73N1_409444', 'La16.48Zr15.52O56_130794'] is already being processed by another worker.
[36m(_remote_expand_node pid=2165574)[0m 2026-02-08 23:09:22,200 INFO dara.search.tree Race condition avoided: ['La16.48Zr15.52O56_130794', 'Sr6(CoO3)5_81312', 'BaAu2_181532'] is already being processed by another worker.
[36m(_remote_expand_node pid=2165574)[0m 2026-02-08 23:09:22,202 INFO dara.search.tree Race condition avoided: ['La16.48Zr15.52O56_130794', 'Sr6(CoO3)5_81312', 'Li2.27Mn0.73N1_409444'] is already being processed by another worker.
[36m(_remote_expand_node pid=2166646)[0m 2026-02-08 23:09:19,581 INFO dara.search.tree Expanding node 7d34a928-0575-11f1-9f54-6805cae19192 with current phases ['La16.48Zr15.52O56_130794', 'BaAu2_181532'], Rwp = 36.96[32m [repeated 4x across cluster][0m
[36m(_remote_expand_node pid=2165574)[0m 2026-02-08 23:09:26,748 INFO dara.search.tree Overfitting detected for ['La16.48Zr15.52O56_130794', 'Sr6(CoO3)5_81312', 'GdAl4NiGe2_131195']
[36m(_remote_expand_node pid=2165574)[0m 2026-02-08 23:09:26,748 INFO dara.search.tree Rpb improvement: 1.1500000000000057, lattice strain: -0.017414761869912743
[36m(_remote_expand_node pid=2164941)[0m 2026-02-08 23:09:27,102 INFO dara.search.tree Race condition avoided: ['La16.48Zr15.52O56_130794', 'Li2.27Mn0.73N1_409444', 'BaAu2_181532', 'Sr6(CoO3)5_81312'] is already being processed by another worker.[32m [repeated 11x across cluster][0m
[36m(_remote_expand_node pid=2165120)[0m 2026-02-08 23:09:29,111 INFO dara.search.tree Expanding node 80a05bc0-0575-11f1-a16e-6805cae19192 with current phases ['La16.48Zr15.52O56_130794', 'Li2.27Mn0.73N1_409444', 'Cu24Au4.8N8_290944'], Rwp = 34.2[32m [repeated 7x across cluster][0m
[36m(_remote_expand_node pid=2165574)[0m 2026-02-08 23:09:36,469 INFO dara.search.tree Race condition avoided: ['Li2.27Mn0.73N1_409444', 'Sr6(CoO3)5_81312', 'Cu24Au4.8N8_290944', 'BaAu2_181532'] is already being processed by another worker.[32m [repeated 10x across cluster][0m
[36m(_remote_expand_node pid=2166905)[0m 2026-02-08 23:09:33,747 INFO dara.search.tree Expanding node 84518604-0575-11f1-bdb2-6805cae19192 with current phases ['La16.48Zr15.52O56_130794', 'Li2.27Mn0.73N1_409444', 'BaAu2_181532', 'Cu24Au4.8N8_290944'], Rwp = 31.89[32m [repeated 6x across cluster][0m
[36m(_remote_expand_node pid=2166647)[0m 2026-02-08 23:09:37,593 INFO dara.search.tree Overfitting detected for ['Li2.27Mn0.73N1_409444', 'Sr6(CoO3)5_81312', 'BaAu2_181532', 'Gd3Ga2_103720']
[36m(_remote_expand_node pid=2166647)[0m 2026-02-08 23:09:37,593 INFO dara.search.tree Rpb improvement: 8.059999999999988, lattice strain: 0.001388626875883256
[36m(_remote_expand_node pid=2166647)[0m 2026-02-08 23:09:41,504 INFO dara.search.tree Race condition avoided: ['Li2.27Mn0.73N1_409444', 'Cu24Au4.8N8_290944', 'BaAu2_181532', 'Sr6(CoO3)5_81312', 'La16.48Zr15.52O56_130794'] is already being processed by another worker.[32m [repeated 3x across cluster][0m
[36m(_remote_expand_node pid=2166647)[0m 2026-02-08 23:09:41,479 INFO dara.search.tree Expanding node 85961e8a-0575-11f1-83d9-6805cae19192 with current phases ['Li2.27Mn0.73N1_409444', 'Cu24Au4.8N8_290944', 'BaAu2_181532', 'Sr6(CoO3)5_81312'], Rwp = 35.6[32m [repeated 3x across cluster][0m
[36m(_remote_expand_node pid=2166647)[0m 2026-02-08 23:09:44,340 INFO dara.search.tree Overfitting detected for ['Li2.27Mn0.73N1_409444', 'Cu24Au4.8N8_290944', 'BaAu2_181532', 'Sr6(CoO3)5_81312', 'Gd3Ga2_103720']
[36m(_remote_expand_node pid=2166647)[0m 2026-02-08 23:09:44,340 INFO dara.search.tree Rpb improvement: 9.25, lattice strain: 0.0004111781336995507
Search tree:
Root 
├── ([32mexpanded[39m[26m) La16.48Zr15.52O56_130794                         Rwp: 38.79% | Strain: -0.69% | Group 0  
│   ├── ([32mexpanded[39m[26m) Sr6(CoO3)5_81312                                 Rwp: 38.11% | Strain: -0.77% | Group 0  
│   │   └── (overfitting) GdAl4NiGe2_131195                             Rwp: 37.77% | Strain: -1.74% | Group 0  
│   ├── ([32mexpanded[39m[26m) BaAu2_181532                                     Rwp: 36.96% | Strain: -0.98% | Group 1  
│   │   ├── ([32mexpanded[39m[26m) Sr6(CoO3)5_81312                                 Rwp: 36.37% | Strain: -0.96% | Group 0  
│   │   │   ├── (high_strain) GdAl4NiGe2_131195                             Rwp: 36.08% | Strain: -2.41% | Group 0  
│   │   │   └── ([32mexpanded[39m[26m) Cu24Au4.8N8_290944                               Rwp: 34.75% | Strain: -1.04% | Group 1  
│   │   │       └── (overfitting) GdAl4NiGe2_131195                             Rwp: 32.59% | Strain: -2.24% | Group 0  
│   │   └── ([32mexpanded[39m[26m) Cu24Au4.8N8_290944                               Rwp: 35.38% | Strain: -0.92% | Group 1  
│   ├── (no_improvement) GdAl4NiGe2_131195                          Rwp: 38.49% | Strain: -1.05% | Group 2  
│   ├── ([32mexpanded[39m[26m) Li2.27Mn0.73N1_409444                            Rwp: 35.60% | Strain: -0.28% | Group 3  
│   │   ├── ([32mexpanded[39m[26m) Sr6(CoO3)5_81312                                 Rwp: 34.81% | Strain: -0.24% | Group 0  
│   │   │   ├── (no_improvement) GdAl4NiGe2_131195                          Rwp: 34.81% | Strain: 0.0% | Group 0  
│   │   │   ├── ([32mexpanded[39m[26m) BaAu2_181532                                     Rwp: 32.95% | Strain: -0.64% | Group 1  
│   │   │   │   └── (no_improvement) GdAl4NiGe2_131195                          Rwp: 32.95% | Strain: 0.0% | Group 0  
│   │   │   └── ([32mexpanded[39m[26m) Cu24Au4.8N8_290944                               Rwp: 33.44% | Strain: -0.63% | Group 2  
│   │   │       └── (no_improvement) GdAl4NiGe2_131195                          Rwp: 33.44% | Strain: 0.0% | Group 0  
│   │   ├── ([32mexpanded[39m[26m) BaAu2_181532                                     Rwp: 33.58% | Strain: -0.52% | Group 1  
│   │   │   ├── (no_improvement) GdAl4NiGe2_131195                          Rwp: 33.57% | Strain: -0.2% | Group 0  
│   │   │   └── ([32mexpanded[39m[26m) Cu24Au4.8N8_290944                               Rwp: 31.89% | Strain: -0.56% | Group 1  
│   │   │       ├── ([34mmax_depth[39m[26m) Sr6(CoO3)5_81312                                Rwp: 31.25% | Strain: -0.59% | Group 0  
│   │   │       ├── (no_improvement) GdAl4NiGe2_131195                          Rwp: 31.87% | Strain: -0.22% | Group 1  
│   │   │       ├── (no_improvement) ErZnAsO_420203                             Rwp: 31.89% | Strain: 0.0% | Group 2  
│   │   │       └── ([34mmax_depth[39m[26m) LiOH_1010301                                    Rwp: 26.54% | Strain: 1.37% | Group 3  
│   │   ├── (no_improvement) GdAl4NiGe2_131195                          Rwp: 35.59% | Strain: -0.15% | Group 2  
│   │   └── ([32mexpanded[39m[26m) Cu24Au4.8N8_290944                               Rwp: 34.20% | Strain: -0.57% | Group 3  
│   └── ([32mexpanded[39m[26m) Cu24Au4.8N8_290944                               Rwp: 37.47% | Strain: -0.93% | Group 4  
├── ([32mexpanded[39m[26m) Li2.27Mn0.73N1_409444                            Rwp: 39.28% | Strain: 0.54% | Group 1  
│   ├── ([32mexpanded[39m[26m) Sr6(CoO3)5_81312                                 Rwp: 38.16% | Strain: 0.74% | Group 0  
│   │   ├── (no_improvement) GdAl4NiGe2_131195                          Rwp: 38.16% | Strain: 0.0% | Group 0  
│   │   ├── ([32mexpanded[39m[26m) BaAu2_181532                                     Rwp: 36.97% | Strain: -0.05% | Group 1  
│   │   │   ├── (no_improvement) GdAl4NiGe2_131195                          Rwp: 36.97% | Strain: 0.0% | Group 0  
│   │   │   └── (overfitting) Gd3Ga2_103720                                 Rwp: 35.03% | Strain: 0.14% | Group 1  
│   │   └── ([32mexpanded[39m[26m) Cu24Au4.8N8_290944                               Rwp: 37.10% | Strain: -0.19% | Group 2  
│   │       ├── (no_improvement) GdAl4NiGe2_131195                          Rwp: 37.10% | Strain: 0.0% | Group 0  
│   │       └── (overfitting) ErZnAsO_420203                                Rwp: 36.91% | Strain: -0.0% | Group 1  
│   ├── ([32mexpanded[39m[26m) Cu24Au4.8N8_290944                               Rwp: 38.25% | Strain: 0.01% | Group 1  
│   │   └── ([32mexpanded[39m[26m) BaAu2_181532                                     Rwp: 36.41% | Strain: -0.01% | Group 0  
│   │       └── ([32mexpanded[39m[26m) Sr6(CoO3)5_81312                                 Rwp: 35.60% | Strain: 0.04% | Group 0  
│   │           └── (overfitting) Gd3Ga2_103720                                 Rwp: 33.65% | Strain: 0.04% | Group 0  
│   └── ([32mexpanded[39m[26m) BaAu2_181532                                     Rwp: 37.68% | Strain: 0.09% | Group 2  
└── (high_strain) Cu24Au4.8N8_290944                            Rwp: 41.48% | Strain: -2.07% | Group 2  

    Saved DARA refined plot to /work/hdd/bffm/xtong1/ref_200_conserv/results/evaluation/dara_refined_plots/LiOH_La(OH)3_refined.html
Refinement result: {'LiOH_1010301': np.float64(0.6430689987964734), 'Li2.27Mn0.73N1_409444': np.float64(0.1659756423151722), 'La16.48Zr15.52O56_130794': np.float64(0.10464211408521495), 'Cu24Au4.8N8_290944': np.float64(0.060905194973504245), 'BaAu2_181532': np.float64(0.02540804982963519)}
DARA refinement result: Rwp=26.54%, Max False Peak Relative Intensity=0.2074
    Recall: 0.5000, Precision: 0.2000, F1: 0.2857
    Time taken: 42.36 seconds

========================================
Processing pattern: Li2CO3_Zr(OH)4
    Running DARA refinement on 12 candidate phases...

DARA Iteration 1: Refining 12 phases: ['Ce2Cu2.202As4_88683', 'Mo4O11_24033', 'Cr4H60N16Cl8O36.0064_94856', 'Na2GdC(OF)3_21482', 'Gd3Ga2_103720', 'LaAl2Ni_403341', 'Ca0.05Fe1Bi0.95O2.9751_186580', 'GdAl4NiGe2_131195', 'Sr6(CoO3)5_81312', 'Cs2Tb6Te7N2_419405', 'CrSbSe3_84866', 'Si72.008Ag14.456O144_11126']
2026-02-08 23:09:47,611 INFO dara.search.tree Detecting peaks in the pattern.
0
72.0151 28.0
72.0355 32.0
72.0559 23.0
72.0764 27.0
72.0968 19.0
72.1172 36.0
72.1377 25.0
72.1581 23.0
72.1785 30.0
72.199 26.0
72.2194 37.0
72.2398 24.0
72.2603 24.0
72.2807 37.0
72.3011 31.0
72.3216 28.0
72.342 36.0
72.3624 34.0
72.3829 25.0
72.4033 25.0
72.4237 21.0
72.4442 27.0
72.4646 28.0
72.485 28.0
72.5055 35.0
72.5259 27.0
72.5463 28.0
72.5668 15.0
72.5872 29.0
72.6076 23.0
72.628 35.0
72.6485 33.0
72.6689 46.0
72.6893 30.0
72.7098 20.0
72.7302 26.0
72.7506 26.0
72.7711 32.0
72.7915 31.0
72.8119 31.0
72.8324 14.0
7EFLECH run time: 3.0342612266540527 seconds
2026-02-08 23:09:50,676 INFO dara.search.tree The wmax is automatically adjusted to 37.52.
2026-02-08 23:09:50,676 INFO dara.search.tree The intensity threshold is automatically set to 10.00 % of maximum peak intensity.
2026-02-08 23:09:50,676 INFO dara.search.tree Creating the root node.
2026-02-08 23:09:50,676 INFO dara.search.tree Refining all the phases in the dataset.
2026-02-08 23:09:53,083 INFO dara.search.tree Finished refining 12 phases, with 1 phases removed.
2026-02-08 23:09:53,083 INFO dara.search.tree Express mode is enabled. Grouping phases before starting.
2026-02-08 23:09:53,645 INFO dara.search.tree Phases are grouped into 9 groups. Pinned phases were included to mask duplicate candidates.
[36m(_remote_expand_node pid=2165574)[0m 2026-02-08 23:09:54,325 INFO dara.search.tree Expanding node 8fc8288a-0575-11f1-9018-6805cae19192 with current phases [], Rwp = None
[36m(_remote_expand_node pid=2166646)[0m 2026-02-08 23:09:46,985 INFO dara.search.tree Overfitting detected for ['La16.48Zr15.52O56_130794', 'BaAu2_181532', 'Sr6(CoO3)5_81312', 'Cu24Au4.8N8_290944', 'GdAl4NiGe2_131195'][32m [repeated 2x across cluster][0m
[36m(_remote_expand_node pid=2166646)[0m 2026-02-08 23:09:46,985 INFO dara.search.tree Rpb improvement: 8.529999999999987, lattice strain: -0.022435152530740302[32m [repeated 2x across cluster][0m
[36m(_remote_expand_node pid=2165574)[0m 2026-02-08 23:09:55,169 INFO dara.search.tree Expanding node 92723a12-0575-11f1-9f54-6805cae19192 with current phases ['Sr6(CoO3)5_81312'], Rwp = 16.18
[36m(_remote_expand_node pid=2166906)[0m 2026-02-08 23:09:55,199 INFO dara.search.tree Race condition avoided: ['Ca0.05Fe1Bi0.95O2.9751_186580', 'Sr6(CoO3)5_81312'] is already being processed by another worker.
Search tree:
Root 
├── ([32mexpanded[39m[26m) Sr6(CoO3)5_81312                                 Rwp: 16.18% | Strain: 1.09% | Group 0  
│   └── (overfitting) Ca0.05Fe1Bi0.95O2.9751_186580                 Rwp: 16.98% | Strain: 0.48% | Group 0  
└── ([32mexpanded[39m[26m) Ca0.05Fe1Bi0.95O2.9751_186580                    Rwp: 16.98% | Strain: 0.48% | Group 1  
    └── (no_improvement) LaAl2Ni_403341                             Rwp: 16.85% | Strain: 1.2% | Group 0  

    Saved DARA refined plot to /work/hdd/bffm/xtong1/ref_200_conserv/results/evaluation/dara_refined_plots/Li2CO3_Zr(OH)4_refined.html
Refinement result: {'Sr6(CoO3)5_81312': np.float64(1.0)}
DARA refinement result: Rwp=16.18%, Max False Peak Relative Intensity=0.1416
    Recall: 0.0000, Precision: 0.0000, F1: 0.0000
    Time taken: 8.56 seconds

========================================
Processing pattern: NaNO3_Nb2O5
    Running DARA refinement on 14 candidate phases...

DARA Iteration 1: Refining 14 phases: ['NaNO3_1011029', 'Y2Ga5.422Cu2.218_184434', 'Er3TlC_76824', 'Ca3N2_419865', 'MnO2_1514110', 'TiO2_121632', 'Sr6(CoO3)5_81312', 'MnO3_173646', 'Ba5V3O12F_18957', 'MnF2_14142', 'In_1538014', 'V3B2_107318', 'Lu2Ni12P7_642456', 'Cs3CeF6_15793']
2026-02-08 23:09:56,197 INFO dara.search.tree Detecting peaks in the pattern.
EFLECH run time: 3.141299247741699 seconds
2026-02-08 23:09:59,372 INFO dara.search.tree The wmax is automatically adjusted to 48.99.
2026-02-08 23:09:59,373 INFO dara.search.tree The intensity threshold is automatically set to 9.97 % of maximum peak intensity.
2026-02-08 23:09:59,373 INFO dara.search.tree Creating the root node.
2026-02-08 23:09:59,373 INFO dara.search.tree Refining all the phases in the dataset.
2026-02-08 23:10:02,983 INFO dara.search.tree Finished refining 14 phases, with 0 phases removed.
2026-02-08 23:10:02,983 INFO dara.search.tree Express mode is enabled. Grouping phases before starting.
2026-02-08 23:10:03,395 INFO dara.search.tree Phases are grouped into 14 groups. Pinned phases were included to mask duplicate candidates.
[36m(_remote_expand_node pid=2166906)[0m 2026-02-08 23:10:03,956 INFO dara.search.tree Expanding node 94f72e5a-0575-11f1-9018-6805cae19192 with current phases [], Rwp = None
[36m(_remote_expand_node pid=2165574)[0m 2026-02-08 23:09:55,691 INFO dara.search.tree Overfitting detected for ['Sr6(CoO3)5_81312', 'Ca0.05Fe1Bi0.95O2.9751_186580']
[36m(_remote_expand_node pid=2165574)[0m 2026-02-08 23:09:55,691 INFO dara.search.tree Rpb improvement: -7.269999999999996, lattice strain: 0.004786142976525115
[36m(_remote_expand_node pid=2166906)[0m 2026-02-08 23:09:55,177 INFO dara.search.tree Expanding node 92727c66-0575-11f1-9f54-6805cae19192 with current phases ['Ca0.05Fe1Bi0.95O2.9751_186580'], Rwp = 16.98
[36m(_remote_expand_node pid=2165574)[0m 2026-02-08 23:10:07,800 INFO dara.search.tree Expanding node 99f3fe1a-0575-11f1-9669-6805cae19192 with current phases ['TiO2_121632'], Rwp = 52.82
[36m(_remote_expand_node pid=2168668)[0m 2026-02-08 23:10:07,849 INFO dara.search.tree Race condition avoided: ['NaNO3_1011029', 'Cs3CeF6_15793'] is already being processed by another worker.
[36m(_remote_expand_node pid=2166905)[0m 2026-02-08 23:10:18,745 INFO dara.search.tree Expanding node 9f8b0fb2-0575-11f1-9f54-6805cae19192 with current phases ['TiO2_121632', 'Sr6(CoO3)5_81312'], Rwp = 49.89[32m [repeated 4x across cluster][0m
[36m(_remote_expand_node pid=2166646)[0m 2026-02-08 23:10:07,895 INFO dara.search.tree Race condition avoided: ['V3B2_107318', 'TiO2_121632'] is already being processed by another worker.[32m [repeated 5x across cluster][0m
[36m(_remote_expand_node pid=2169396)[0m 2026-02-08 23:10:29,557 INFO dara.search.tree Expanding node 9f8c04d0-0575-11f1-9f54-6805cae19192 with current phases ['TiO2_121632', 'Ba5V3O12F_18957'], Rwp = 51.42[32m [repeated 2x across cluster][0m
[36m(_remote_expand_node pid=2166646)[0m 2026-02-08 23:10:33,265 INFO dara.search.tree Overfitting detected for ['V3B2_107318', 'Sr6(CoO3)5_81312']
[36m(_remote_expand_node pid=2166646)[0m 2026-02-08 23:10:33,265 INFO dara.search.tree Rpb improvement: 8.129999999999995, lattice strain: -0.023435295815759368
[36m(_remote_expand_node pid=2166905)[0m 2026-02-08 23:10:34,928 INFO dara.search.tree Race condition avoided: ['TiO2_121632', 'Ca3N2_419865', 'Ba5V3O12F_18957'] is already being processed by another worker.
[36m(_remote_expand_node pid=2166905)[0m 2026-02-08 23:10:33,870 INFO dara.search.tree Expanding node 9f8ce3f0-0575-11f1-9f54-6805cae19192 with current phases ['TiO2_121632', 'Ca3N2_419865'], Rwp = 52.02
[36m(_remote_expand_node pid=2168797)[0m 2026-02-08 23:10:44,014 INFO dara.search.tree Expanding node 9f8d45ca-0575-11f1-9f54-6805cae19192 with current phases ['TiO2_121632', 'Er3TlC_76824'], Rwp = 51.19
[36m(_remote_expand_node pid=2168797)[0m 2026-02-08 23:10:45,263 INFO dara.search.tree Race condition avoided: ['TiO2_121632', 'Er3TlC_76824', 'Ba5V3O12F_18957'] is already being processed by another worker.
[36m(_remote_expand_node pid=2168797)[0m 2026-02-08 23:10:45,268 INFO dara.search.tree Race condition avoided: ['TiO2_121632', 'Er3TlC_76824', 'MnO3_173646'] is already being processed by another worker.
[36m(_remote_expand_node pid=2168797)[0m 2026-02-08 23:10:45,271 INFO dara.search.tree Race condition avoided: ['TiO2_121632', 'Er3TlC_76824', 'Ca3N2_419865'] is already being processed by another worker.
[36m(_remote_expand_node pid=2166905)[0m 2026-02-08 23:10:49,189 INFO dara.search.tree Overfitting detected for ['TiO2_121632', 'Ca3N2_419865', 'Sr6(CoO3)5_81312']
[36m(_remote_expand_node pid=2166905)[0m 2026-02-08 23:10:49,190 INFO dara.search.tree Rpb improvement: 11.179999999999993, lattice strain: 0.0028708019376998684
[36m(_remote_expand_node pid=2166905)[0m 2026-02-08 23:10:50,254 INFO dara.search.tree Expanding node 9f8e16bc-0575-11f1-9f54-6805cae19192 with current phases ['TiO2_121632', 'MnO2_1514110'], Rwp = 51.58
[36m(_remote_expand_node pid=2168668)[0m 2026-02-08 23:10:50,800 INFO dara.search.tree Race condition avoided: ['TiO2_121632', 'Y2Ga5.422Cu2.218_184434', 'Er3TlC_76824'] is already being processed by another worker.[32m [repeated 3x across cluster][0m
[36m(_remote_expand_node pid=2168797)[0m 2026-02-08 23:10:55,462 INFO dara.search.tree Overfitting detected for ['TiO2_121632', 'Er3TlC_76824', 'MnF2_14142']
[36m(_remote_expand_node pid=2168797)[0m 2026-02-08 23:10:55,462 INFO dara.search.tree Rpb improvement: 3.039999999999992, lattice strain: -0.0072361485748443305
[36m(_remote_expand_node pid=2168668)[0m 2026-02-08 23:10:50,245 INFO dara.search.tree Expanding node 9f8db0dc-0575-11f1-9f54-6805cae19192 with current phases ['TiO2_121632', 'Y2Ga5.422Cu2.218_184434'], Rwp = 51.81
[36m(_remote_expand_node pid=2169877)[0m 2026-02-08 23:10:58,177 INFO dara.search.tree Expanding node 9f8e81ec-0575-11f1-9f54-6805cae19192 with current phases ['TiO2_121632', 'MnF2_14142'], Rwp = 49.79
[36m(_remote_expand_node pid=2166905)[0m 2026-02-08 23:10:53,290 INFO dara.search.tree Race condition avoided: ['TiO2_121632', 'MnO2_1514110', 'Er3TlC_76824'] is already being processed by another worker.
[36m(_remote_expand_node pid=2169877)[0m 2026-02-08 23:11:01,076 INFO dara.search.tree Race condition avoided: ['TiO2_121632', 'MnF2_14142', 'Er3TlC_76824'] is already being processed by another worker.
[36m(_remote_expand_node pid=2169877)[0m 2026-02-08 23:11:01,077 INFO dara.search.tree Race condition avoided: ['TiO2_121632', 'MnF2_14142', 'MnO2_1514110'] is already being processed by another worker.
[36m(_remote_expand_node pid=2166905)[0m 2026-02-08 23:11:01,208 INFO dara.search.tree Overfitting detected for ['TiO2_121632', 'MnO2_1514110', 'NaNO3_1011029']
[36m(_remote_expand_node pid=2166905)[0m 2026-02-08 23:11:01,208 INFO dara.search.tree Rpb improvement: 21.96, lattice strain: 0.003361814213862972
[36m(_remote_expand_node pid=2170260)[0m 2026-02-08 23:11:04,491 INFO dara.search.tree Expanding node a313d6be-0575-11f1-85e2-6805cae19192 with current phases ['NaNO3_1011029', 'Sr6(CoO3)5_81312'], Rwp = 46.03[32m [repeated 2x across cluster][0m
[36m(_remote_expand_node pid=2168799)[0m 2026-02-08 23:11:02,017 INFO dara.search.tree Race condition avoided: ['TiO2_121632', 'In_1538014', 'MnF2_14142'] is already being processed by another worker.[32m [repeated 8x across cluster][0m
[36m(_remote_expand_node pid=2169877)[0m 2026-02-08 23:11:16,549 INFO dara.search.tree Expanding node a31564c0-0575-11f1-85e2-6805cae19192 with current phases ['NaNO3_1011029', 'Ca3N2_419865'], Rwp = 46.64[32m [repeated 3x across cluster][0m
[36m(_remote_expand_node pid=2170030)[0m 2026-02-08 23:11:07,931 INFO dara.search.tree Race condition avoided: ['NaNO3_1011029', 'V3B2_107318', 'MnO3_173646'] is already being processed by another worker.[32m [repeated 3x across cluster][0m
[36m(_remote_expand_node pid=2166905)[0m 2026-02-08 23:11:19,115 INFO dara.search.tree Overfitting detected for ['NaNO3_1011029', 'MnO3_173646', 'V3B2_107318']
[36m(_remote_expand_node pid=2166905)[0m 2026-02-08 23:11:19,115 INFO dara.search.tree Rpb improvement: 3.9099999999999966, lattice strain: 0.0002150553434594575
[36m(_remote_expand_node pid=2171253)[0m 2026-02-08 23:11:19,257 INFO dara.search.tree Expanding node a315e4c2-0575-11f1-85e2-6805cae19192 with current phases ['NaNO3_1011029', 'Er3TlC_76824'], Rwp = 46.71
[36m(_remote_expand_node pid=2171253)[0m 2026-02-08 23:11:19,371 INFO dara.search.tree Race condition avoided: ['NaNO3_1011029', 'Er3TlC_76824', 'TiO2_121632'] is already being processed by another worker.[32m [repeated 8x across cluster][0m
[36m(_remote_expand_node pid=2169877)[0m 2026-02-08 23:11:25,460 INFO dara.search.tree Overfitting detected for ['NaNO3_1011029', 'Ca3N2_419865', 'Sr6(CoO3)5_81312']
[36m(_remote_expand_node pid=2169877)[0m 2026-02-08 23:11:25,461 INFO dara.search.tree Rpb improvement: 4.6200000000000045, lattice strain: 0.009704173224308619
[36m(_remote_expand_node pid=2168799)[0m 2026-02-08 23:11:26,315 INFO dara.search.tree Expanding node a316637a-0575-11f1-85e2-6805cae19192 with current phases ['NaNO3_1011029', 'TiO2_121632'], Rwp = 42.23
[36m(_remote_expand_node pid=2171253)[0m 2026-02-08 23:11:27,659 INFO dara.search.tree Overfitting detected for ['NaNO3_1011029', 'Er3TlC_76824', 'MnF2_14142']
[36m(_remote_expand_node pid=2171253)[0m 2026-02-08 23:11:27,659 INFO dara.search.tree Rpb improvement: 12.450000000000003, lattice strain: 0.035089756045532806
[36m(_remote_expand_node pid=2166905)[0m 2026-02-08 23:11:27,336 INFO dara.search.tree Race condition avoided: ['NaNO3_1011029', 'Y2Ga5.422Cu2.218_184434', 'TiO2_121632'] is already being processed by another worker.[32m [repeated 9x across cluster][0m
[36m(_remote_expand_node pid=2168799)[0m 2026-02-08 23:11:31,118 INFO dara.search.tree Expanding node a3182f34-0575-11f1-85e2-6805cae19192 with current phases ['NaNO3_1011029', 'In_1538014'], Rwp = 47.25[32m [repeated 3x across cluster][0m
[36m(_remote_expand_node pid=2170030)[0m 2026-02-08 23:11:34,022 INFO dara.search.tree Overfitting detected for ['NaNO3_1011029', 'V3B2_107318', 'Ba5V3O12F_18957']
[36m(_remote_expand_node pid=2170030)[0m 2026-02-08 23:11:34,022 INFO dara.search.tree Rpb improvement: 5.650000000000006, lattice strain: 0.014096419217117288
[36m(_remote_expand_node pid=2168799)[0m 2026-02-08 23:11:38,765 INFO dara.search.tree Overfitting detected for ['NaNO3_1011029', 'In_1538014', 'Cs3CeF6_15793']
[36m(_remote_expand_node pid=2168799)[0m 2026-02-08 23:11:38,766 INFO dara.search.tree Rpb improvement: 13.369999999999997, lattice strain: 0.021268882175226503
[36m(_remote_expand_node pid=2166646)[0m 2026-02-08 23:11:32,287 INFO dara.search.tree Race condition avoided: ['NaNO3_1011029', 'MnO2_1514110', 'In_1538014'] is already being processed by another worker.[32m [repeated 13x across cluster][0m
[36m(_remote_expand_node pid=2170881)[0m 2026-02-08 23:11:34,178 INFO dara.search.tree Expanding node a68a5ea8-0575-11f1-83d9-6805cae19192 with current phases ['TiO2_121632', 'Sr6(CoO3)5_81312', 'V3B2_107318'], Rwp = 49.57
[36m(_remote_expand_node pid=2171631)[0m 2026-02-08 23:11:39,533 INFO dara.search.tree Expanding node a68b00ec-0575-11f1-83d9-6805cae19192 with current phases ['TiO2_121632', 'Sr6(CoO3)5_81312', 'NaNO3_1011029'], Rwp = 39.52
[36m(_remote_expand_node pid=2166905)[0m 2026-02-08 23:11:39,770 INFO dara.search.tree Overfitting detected for ['NaNO3_1011029', 'Y2Ga5.422Cu2.218_184434', 'Cs3CeF6_15793']
[36m(_remote_expand_node pid=2166905)[0m 2026-02-08 23:11:39,770 INFO dara.search.tree Rpb improvement: 9.960000000000008, lattice strain: 0.01622356495468274
[36m(_remote_expand_node pid=2166646)[0m 2026-02-08 23:11:44,755 INFO dara.search.tree Race condition avoided: ['TiO2_121632', 'Sr6(CoO3)5_81312', 'MnO2_1514110', 'MnF2_14142'] is already being processed by another worker.[32m [repeated 6x across cluster][0m
[36m(_remote_expand_node pid=2166646)[0m 2026-02-08 23:11:41,801 INFO dara.search.tree Expanding node a68bfeb6-0575-11f1-83d9-6805cae19192 with current phases ['TiO2_121632', 'Sr6(CoO3)5_81312', 'MnO2_1514110'], Rwp = 47.37[32m [repeated 2x across cluster][0m
[36m(_remote_expand_node pid=2166906)[0m 2026-02-08 23:11:49,895 INFO dara.search.tree Expanding node a806589a-0575-11f1-b9ef-6805cae19192 with current phases ['TiO2_121632', 'MnO3_173646', 'NaNO3_1011029'], Rwp = 40.86
[36m(_remote_expand_node pid=2166906)[0m 2026-02-08 23:11:52,856 INFO dara.search.tree Race condition avoided: ['TiO2_121632', 'MnO3_173646', 'NaNO3_1011029', 'Sr6(CoO3)5_81312'] is already being processed by another worker.
[36m(_remote_expand_node pid=2169877)[0m 2026-02-08 23:12:03,100 INFO dara.search.tree Expanding node a80747fa-0575-11f1-b9ef-6805cae19192 with current phases ['TiO2_121632', 'MnO3_173646', 'Er3TlC_76824'], Rwp = 50.15
[36m(_remote_expand_node pid=2169877)[0m 2026-02-08 23:12:03,135 INFO dara.search.tree Race condition avoided: ['TiO2_121632', 'MnO3_173646', 'Er3TlC_76824', 'NaNO3_1011029'] is already being processed by another worker.
[36m(_remote_expand_node pid=2166646)[0m 2026-02-08 23:12:03,260 INFO dara.search.tree Overfitting detected for ['TiO2_121632', 'Sr6(CoO3)5_81312', 'MnO2_1514110', 'Cs3CeF6_15793']
[36m(_remote_expand_node pid=2166646)[0m 2026-02-08 23:12:03,260 INFO dara.search.tree Rpb improvement: 6.900000000000006, lattice strain: -0.02553877139979864
[36m(_remote_expand_node pid=2170881)[0m 2026-02-08 23:12:05,890 INFO dara.search.tree Race condition avoided: ['TiO2_121632', 'MnO3_173646', 'MnF2_14142', 'NaNO3_1011029'] is already being processed by another worker.
[36m(_remote_expand_node pid=2166906)[0m 2026-02-08 23:12:09,751 INFO dara.search.tree Expanding node b08a1ea2-0575-11f1-82fc-6805cae19192 with current phases ['TiO2_121632', 'Ba5V3O12F_18957', 'MnO3_173646'], Rwp = 50.31[32m [repeated 4x across cluster][0m
[36m(_remote_expand_node pid=2166906)[0m 2026-02-08 23:12:05,881 INFO dara.search.tree Overfitting detected for ['TiO2_121632', 'MnO3_173646', 'NaNO3_1011029', 'In_1538014'][32m [repeated 2x across cluster][0m
[36m(_remote_expand_node pid=2166906)[0m 2026-02-08 23:12:05,881 INFO dara.search.tree Rpb improvement: -2.5799999999999983, lattice strain: -0.015253595054932331[32m [repeated 2x across cluster][0m
[36m(_remote_expand_node pid=2166906)[0m 2026-02-08 23:12:10,934 INFO dara.search.tree Race condition avoided: ['TiO2_121632', 'Ba5V3O12F_18957', 'MnO3_173646', 'NaNO3_1011029'] is already being processed by another worker.[32m [repeated 5x across cluster][0m
[36m(_remote_expand_node pid=2168799)[0m 2026-02-08 23:12:18,631 INFO dara.search.tree Expanding node b08aa854-0575-11f1-82fc-6805cae19192 with current phases ['TiO2_121632', 'Ba5V3O12F_18957', 'NaNO3_1011029'], Rwp = 40.81
[36m(_remote_expand_node pid=2168799)[0m 2026-02-08 23:12:19,601 INFO dara.search.tree Race condition avoided: ['TiO2_121632', 'Ba5V3O12F_18957', 'NaNO3_1011029', 'Sr6(CoO3)5_81312'] is already being processed by another worker.
[36m(_remote_expand_node pid=2168799)[0m 2026-02-08 23:12:19,602 INFO dara.search.tree Race condition avoided: ['TiO2_121632', 'Ba5V3O12F_18957', 'NaNO3_1011029', 'MnO3_173646'] is already being processed by another worker.
[36m(_remote_expand_node pid=2172773)[0m 2026-02-08 23:12:27,534 INFO dara.search.tree Expanding node b08b329c-0575-11f1-82fc-6805cae19192 with current phases ['TiO2_121632', 'Ba5V3O12F_18957', 'Cs3CeF6_15793'], Rwp = 50.58
[36m(_remote_expand_node pid=2172773)[0m 2026-02-08 23:12:27,609 INFO dara.search.tree Race condition avoided: ['TiO2_121632', 'Ba5V3O12F_18957', 'Cs3CeF6_15793', 'NaNO3_1011029'] is already being processed by another worker.[32m [repeated 3x across cluster][0m
[36m(_remote_expand_node pid=2170030)[0m 2026-02-08 23:12:37,945 INFO dara.search.tree Overfitting detected for ['TiO2_121632', 'Ba5V3O12F_18957', 'Sr6(CoO3)5_81312', 'Cs3CeF6_15793']
[36m(_remote_expand_node pid=2170030)[0m 2026-02-08 23:12:37,946 INFO dara.search.tree Rpb improvement: 3.3500000000000085, lattice strain: -0.029456193353474314
[36m(_remote_expand_node pid=2173097)[0m 2026-02-08 23:12:37,957 INFO dara.search.tree Expanding node b08ccc7e-0575-11f1-82fc-6805cae19192 with current phases ['TiO2_121632', 'Ba5V3O12F_18957', 'Er3TlC_76824'], Rwp = 49.94
[36m(_remote_expand_node pid=2170030)[0m 2026-02-08 23:12:38,815 INFO dara.search.tree Race condition avoided: ['TiO2_121632', 'Ba5V3O12F_18957', 'Y2Ga5.422Cu2.218_184434', 'Sr6(CoO3)5_81312'] is already being processed by another worker.
[36m(_remote_expand_node pid=2170030)[0m 2026-02-08 23:12:38,816 INFO dara.search.tree Race condition avoided: ['TiO2_121632', 'Ba5V3O12F_18957', 'Y2Ga5.422Cu2.218_184434', 'MnO3_173646'] is already being processed by another worker.
[36m(_remote_expand_node pid=2170030)[0m 2026-02-08 23:12:38,817 INFO dara.search.tree Race condition avoided: ['TiO2_121632', 'Ba5V3O12F_18957', 'Y2Ga5.422Cu2.218_184434', 'Cs3CeF6_15793'] is already being processed by another worker.
[36m(_remote_expand_node pid=2170030)[0m 2026-02-08 23:12:38,818 INFO dara.search.tree Race condition avoided: ['TiO2_121632', 'Ba5V3O12F_18957', 'Y2Ga5.422Cu2.218_184434', 'NaNO3_1011029'] is already being processed by another worker.
[36m(_remote_expand_node pid=2173369)[0m 2026-02-08 23:12:50,058 INFO dara.search.tree Expanding node b08dde2a-0575-11f1-82fc-6805cae19192 with current phases ['TiO2_121632', 'Ba5V3O12F_18957', 'MnF2_14142'], Rwp = 45.43[32m [repeated 2x across cluster][0m
[36m(_remote_expand_node pid=2173097)[0m 2026-02-08 23:12:40,814 INFO dara.search.tree Race condition avoided: ['TiO2_121632', 'Ba5V3O12F_18957', 'Er3TlC_76824', 'Y2Ga5.422Cu2.218_184434'] is already being processed by another worker.[32m [repeated 5x across cluster][0m
[36m(_remote_expand_node pid=2173097)[0m 2026-02-08 23:12:50,725 INFO dara.search.tree Overfitting detected for ['TiO2_121632', 'Ba5V3O12F_18957', 'Er3TlC_76824', 'MnF2_14142']
[36m(_remote_expand_node pid=2173097)[0m 2026-02-08 23:12:50,725 INFO dara.search.tree Rpb improvement: 8.989999999999995, lattice strain: -0.01352671508306299
[36m(_remote_expand_node pid=2172773)[0m 2026-02-08 23:12:52,380 INFO dara.search.tree Expanding node b08ee356-0575-11f1-82fc-6805cae19192 with current phases ['TiO2_121632', 'Ba5V3O12F_18957', 'In_1538014'], Rwp = 47.65
[36m(_remote_expand_node pid=2172773)[0m 2026-02-08 23:12:55,179 INFO dara.search.tree Race condition avoided: ['TiO2_121632', 'Ba5V3O12F_18957', 'In_1538014', 'MnF2_14142'] is already being processed by another worker.[32m [repeated 10x across cluster][0m
[36m(_remote_expand_node pid=2173609)[0m 2026-02-08 23:12:58,238 INFO dara.search.tree Expanding node b662f222-0575-11f1-b2ef-6805cae19192 with current phases ['TiO2_121632', 'Er3TlC_76824', 'Sr6(CoO3)5_81312'], Rwp = 49.25
[36m(_remote_expand_node pid=2173369)[0m 2026-02-08 23:13:01,408 INFO dara.search.tree Overfitting detected for ['TiO2_121632', 'Ba5V3O12F_18957', 'MnF2_14142', 'V3B2_107318']
[36m(_remote_expand_node pid=2173369)[0m 2026-02-08 23:13:01,410 INFO dara.search.tree Rpb improvement: 2.5900000000000034, lattice strain: -0.021083279684295738
[36m(_remote_expand_node pid=2173609)[0m 2026-02-08 23:13:00,058 INFO dara.search.tree Race condition avoided: ['TiO2_121632', 'Er3TlC_76824', 'Sr6(CoO3)5_81312', 'MnO2_1514110'] is already being processed by another worker.[32m [repeated 4x across cluster][0m
[36m(_remote_expand_node pid=2166906)[0m 2026-02-08 23:13:03,952 INFO dara.search.tree Expanding node b6636888-0575-11f1-b2ef-6805cae19192 with current phases ['TiO2_121632', 'Er3TlC_76824', 'Cs3CeF6_15793'], Rwp = 49.97
[36m(_remote_expand_node pid=2172773)[0m 2026-02-08 23:13:04,127 INFO dara.search.tree Expanding node b663dc5a-0575-11f1-b2ef-6805cae19192 with current phases ['TiO2_121632', 'Er3TlC_76824', 'NaNO3_1011029'], Rwp = 41.49
[36m(_remote_expand_node pid=2172773)[0m 2026-02-08 23:13:13,560 INFO dara.search.tree Overfitting detected for ['TiO2_121632', 'Er3TlC_76824', 'NaNO3_1011029', 'V3B2_107318']
[36m(_remote_expand_node pid=2172773)[0m 2026-02-08 23:13:13,560 INFO dara.search.tree Rpb improvement: 0.1700000000000017, lattice strain: -0.00017602394660390028
[36m(_remote_expand_node pid=2172773)[0m 2026-02-08 23:13:04,174 INFO dara.search.tree Race condition avoided: ['TiO2_121632', 'Er3TlC_76824', 'NaNO3_1011029', 'Cs3CeF6_15793'] is already being processed by another worker.[32m [repeated 3x across cluster][0m
[36m(_remote_expand_node pid=2173805)[0m 2026-02-08 23:13:04,407 INFO dara.search.tree Expanding node b664deac-0575-11f1-b2ef-6805cae19192 with current phases ['TiO2_121632', 'Er3TlC_76824', 'Y2Ga5.422Cu2.218_184434'], Rwp = 50.17
[36m(_remote_expand_node pid=2173540)[0m 2026-02-08 23:13:13,726 INFO dara.search.tree Expanding node b9d1f9f8-0575-11f1-83d9-6805cae19192 with current phases ['TiO2_121632', 'MnO2_1514110', 'Cs3CeF6_15793'], Rwp = 50.06
[36m(_remote_expand_node pid=2174235)[0m 2026-02-08 23:13:20,003 INFO dara.search.tree Race condition avoided: ['TiO2_121632', 'Y2Ga5.422Cu2.218_184434', 'Sr6(CoO3)5_81312', 'Er3TlC_76824'] is already being processed by another worker.[32m [repeated 3x across cluster][0m
[36m(_remote_expand_node pid=2174235)[0m 2026-02-08 23:13:16,930 INFO dara.search.tree Expanding node bb6a8564-0575-11f1-85e2-6805cae19192 with current phases ['TiO2_121632', 'Y2Ga5.422Cu2.218_184434', 'Sr6(CoO3)5_81312'], Rwp = 48.45
[36m(_remote_expand_node pid=2169877)[0m 2026-02-08 23:13:20,517 INFO dara.search.tree Expanding node bb6b5bd8-0575-11f1-85e2-6805cae19192 with current phases ['TiO2_121632', 'Y2Ga5.422Cu2.218_184434', 'MnO3_173646'], Rwp = 50.58
[36m(_remote_expand_node pid=2173540)[0m 2026-02-08 23:13:26,593 INFO dara.search.tree Overfitting detected for ['TiO2_121632', 'MnO2_1514110', 'Cs3CeF6_15793', 'NaNO3_1011029']
[36m(_remote_expand_node pid=2173540)[0m 2026-02-08 23:13:26,593 INFO dara.search.tree Rpb improvement: 25.57999999999999, lattice strain: 0.004585976162891676
[36m(_remote_expand_node pid=2169877)[0m 2026-02-08 23:13:21,956 INFO dara.search.tree Race condition avoided: ['TiO2_121632', 'Y2Ga5.422Cu2.218_184434', 'MnO3_173646', 'Er3TlC_76824'] is already being processed by another worker.[32m [repeated 2x across cluster][0m
[36m(_remote_expand_node pid=2173805)[0m 2026-02-08 23:13:27,274 INFO dara.search.tree Expanding node bb6bcd02-0575-11f1-85e2-6805cae19192 with current phases ['TiO2_121632', 'Y2Ga5.422Cu2.218_184434', 'NaNO3_1011029'], Rwp = 40.93
[36m(_remote_expand_node pid=2170881)[0m 2026-02-08 23:13:32,512 INFO dara.search.tree Race condition avoided: ['TiO2_121632', 'Y2Ga5.422Cu2.218_184434', 'MnF2_14142', 'Er3TlC_76824'] is already being processed by another worker.[32m [repeated 11x across cluster][0m
[36m(_remote_expand_node pid=2170881)[0m 2026-02-08 23:13:30,726 INFO dara.search.tree Expanding node bb6d0f78-0575-11f1-85e2-6805cae19192 with current phases ['TiO2_121632', 'Y2Ga5.422Cu2.218_184434', 'MnF2_14142'], Rwp = 48.17[32m [repeated 2x across cluster][0m
[36m(_remote_expand_node pid=2173805)[0m 2026-02-08 23:13:32,660 INFO dara.search.tree Overfitting detected for ['TiO2_121632', 'Y2Ga5.422Cu2.218_184434', 'NaNO3_1011029', 'Cs3CeF6_15793']
[36m(_remote_expand_node pid=2173805)[0m 2026-02-08 23:13:32,660 INFO dara.search.tree Rpb improvement: 4.93, lattice strain: 0.011188318227593216
[36m(_remote_expand_node pid=2174785)[0m 2026-02-08 23:13:36,478 INFO dara.search.tree Race condition avoided: ['TiO2_121632', 'Y2Ga5.422Cu2.218_184434', 'In_1538014', 'MnF2_14142'] is already being processed by another worker.[32m [repeated 7x across cluster][0m
[36m(_remote_expand_node pid=2173540)[0m 2026-02-08 23:13:38,814 INFO dara.search.tree Expanding node bbcbdaee-0575-11f1-9cb1-6805cae19192 with current phases ['TiO2_121632', 'In_1538014', 'NaNO3_1011029'], Rwp = 41.24[32m [repeated 2x across cluster][0m
[36m(_remote_expand_node pid=2170881)[0m 2026-02-08 23:13:42,799 INFO dara.search.tree Overfitting detected for ['TiO2_121632', 'Y2Ga5.422Cu2.218_184434', 'MnF2_14142', 'Cs3CeF6_15793']
[36m(_remote_expand_node pid=2170881)[0m 2026-02-08 23:13:42,799 INFO dara.search.tree Rpb improvement: 1.4100000000000108, lattice strain: -0.007653575025176174
[36m(_remote_expand_node pid=2174785)[0m 2026-02-08 23:13:42,877 INFO dara.search.tree Race condition avoided: ['TiO2_121632', 'MnF2_14142', 'Cs3CeF6_15793', 'MnO2_1514110'] is already being processed by another worker.[32m [repeated 11x across cluster][0m
[36m(_remote_expand_node pid=2174785)[0m 2026-02-08 23:13:42,837 INFO dara.search.tree Expanding node bce1c286-0575-11f1-8a7d-6805cae19192 with current phases ['TiO2_121632', 'MnF2_14142', 'Cs3CeF6_15793'], Rwp = 48.48[32m [repeated 2x across cluster][0m
[36m(_remote_expand_node pid=2173540)[0m 2026-02-08 23:13:46,960 INFO dara.search.tree Overfitting detected for ['TiO2_121632', 'In_1538014', 'NaNO3_1011029', 'Cs3CeF6_15793'][32m [repeated 2x across cluster][0m
[36m(_remote_expand_node pid=2173540)[0m 2026-02-08 23:13:46,960 INFO dara.search.tree Rpb improvement: 6.3899999999999935, lattice strain: 0.012578046324269891[32m [repeated 2x across cluster][0m
[36m(_remote_expand_node pid=2174461)[0m 2026-02-08 23:13:54,933 INFO dara.search.tree Race condition avoided: ['NaNO3_1011029', 'Sr6(CoO3)5_81312', 'Cs3CeF6_15793', 'TiO2_121632'] is already being processed by another worker.[32m [repeated 14x across cluster][0m
[36m(_remote_expand_node pid=2174461)[0m 2026-02-08 23:13:54,895 INFO dara.search.tree Expanding node c0931b64-0575-11f1-9fcb-6805cae19192 with current phases ['NaNO3_1011029', 'Sr6(CoO3)5_81312', 'Cs3CeF6_15793'], Rwp = 39.96[32m [repeated 3x across cluster][0m
[36m(_remote_expand_node pid=2166906)[0m 2026-02-08 23:14:00,633 INFO dara.search.tree Overfitting detected for ['TiO2_121632', 'MnF2_14142', 'V3B2_107318', 'Ca3N2_419865']
[36m(_remote_expand_node pid=2166906)[0m 2026-02-08 23:14:00,633 INFO dara.search.tree Rpb improvement: 3.6099999999999994, lattice strain: -0.019264674636097504
[36m(_remote_expand_node pid=2174785)[0m 2026-02-08 23:14:01,063 INFO dara.search.tree Expanding node c093a58e-0575-11f1-9fcb-6805cae19192 with current phases ['NaNO3_1011029', 'Sr6(CoO3)5_81312', 'V3B2_107318'], Rwp = 45.14
[36m(_remote_expand_node pid=2174785)[0m 2026-02-08 23:14:03,131 INFO dara.search.tree Race condition avoided: ['NaNO3_1011029', 'Sr6(CoO3)5_81312', 'V3B2_107318', 'Cs3CeF6_15793'] is already being processed by another worker.
[36m(_remote_expand_node pid=2174785)[0m 2026-02-08 23:14:03,136 INFO dara.search.tree Race condition avoided: ['NaNO3_1011029', 'Sr6(CoO3)5_81312', 'V3B2_107318', 'TiO2_121632'] is already being processed by another worker.
[36m(_remote_expand_node pid=2172773)[0m 2026-02-08 23:14:03,132 INFO dara.search.tree Expanding node c09422a2-0575-11f1-9fcb-6805cae19192 with current phases ['NaNO3_1011029', 'Sr6(CoO3)5_81312', 'Er3TlC_76824'], Rwp = 45.12
[36m(_remote_expand_node pid=2174235)[0m 2026-02-08 23:14:09,008 INFO dara.search.tree Expanding node c09524ae-0575-11f1-9fcb-6805cae19192 with current phases ['NaNO3_1011029', 'Sr6(CoO3)5_81312', 'MnO2_1514110'], Rwp = 44.77
[36m(_remote_expand_node pid=2174235)[0m 2026-02-08 23:14:09,042 INFO dara.search.tree Race condition avoided: ['NaNO3_1011029', 'Sr6(CoO3)5_81312', 'MnO2_1514110', 'TiO2_121632'] is already being processed by another worker.[32m [repeated 7x across cluster][0m
[36m(_remote_expand_node pid=2174785)[0m 2026-02-08 23:14:12,099 INFO dara.search.tree Overfitting detected for ['NaNO3_1011029', 'Sr6(CoO3)5_81312', 'V3B2_107318', 'Er3TlC_76824']
[36m(_remote_expand_node pid=2174785)[0m 2026-02-08 23:14:12,099 INFO dara.search.tree Rpb improvement: 1.6899999999999977, lattice strain: 0.006024844720497059
[36m(_remote_expand_node pid=2172773)[0m 2026-02-08 23:14:22,640 INFO dara.search.tree Expanding node c91893d6-0575-11f1-9669-6805cae19192 with current phases ['Cs3CeF6_15793', 'MnO3_173646'], Rwp = 51.3[32m [repeated 3x across cluster][0m
[36m(_remote_expand_node pid=2175808)[0m 2026-02-08 23:14:12,504 INFO dara.search.tree Race condition avoided: ['NaNO3_1011029', 'MnO3_173646', 'Ba5V3O12F_18957', 'TiO2_121632'] is already being processed by another worker.[32m [repeated 4x across cluster][0m
[36m(_remote_expand_node pid=2172773)[0m 2026-02-08 23:14:12,477 INFO dara.search.tree Overfitting detected for ['NaNO3_1011029', 'Sr6(CoO3)5_81312', 'Er3TlC_76824', 'MnF2_14142']
[36m(_remote_expand_node pid=2172773)[0m 2026-02-08 23:14:12,477 INFO dara.search.tree Rpb improvement: 11.729999999999997, lattice strain: 0.035651526112347086
[36m(_remote_expand_node pid=2175808)[0m 2026-02-08 23:14:25,497 INFO dara.search.tree Overfitting detected for ['NaNO3_1011029', 'MnO3_173646', 'Ba5V3O12F_18957', 'MnF2_14142']
[36m(_remote_expand_node pid=2175808)[0m 2026-02-08 23:14:25,497 INFO dara.search.tree Rpb improvement: 21.739999999999995, lattice strain: 0.03692264122836813
[36m(_remote_expand_node pid=2173540)[0m 2026-02-08 23:14:26,894 INFO dara.search.tree Expanding node c9190758-0575-11f1-9669-6805cae19192 with current phases ['Cs3CeF6_15793', 'NaNO3_1011029'], Rwp = 41.81
[36m(_remote_expand_node pid=2172773)[0m 2026-02-08 23:14:23,296 INFO dara.search.tree Race condition avoided: ['Cs3CeF6_15793', 'MnO3_173646', 'TiO2_121632'] is already being processed by another worker.[32m [repeated 2x across cluster][0m
[36m(_remote_expand_node pid=2174461)[0m 2026-02-08 23:14:30,274 INFO dara.search.tree Expanding node c91b263c-0575-11f1-9669-6805cae19192 with current phases ['Cs3CeF6_15793', 'Er3TlC_76824'], Rwp = 50.92
[36m(_remote_expand_node pid=2175154)[0m 2026-02-08 23:14:29,609 INFO dara.search.tree Overfitting detected for ['NaNO3_1011029', 'MnO3_173646', 'Sr6(CoO3)5_81312', 'Er3TlC_76824']
[36m(_remote_expand_node pid=2175154)[0m 2026-02-08 23:14:29,609 INFO dara.search.tree Rpb improvement: 3.3299999999999983, lattice strain: 0.011987577639751704
[36m(_remote_expand_node pid=2166906)[0m 2026-02-08 23:14:37,708 INFO dara.search.tree Race condition avoided: ['NaNO3_1011029', 'Er3TlC_76824', 'Y2Ga5.422Cu2.218_184434', 'TiO2_121632'] is already being processed by another worker.[32m [repeated 17x across cluster][0m
[36m(_remote_expand_node pid=2166906)[0m 2026-02-08 23:14:34,246 INFO dara.search.tree Expanding node c996085c-0575-11f1-88ae-6805cae19192 with current phases ['NaNO3_1011029', 'Er3TlC_76824', 'Y2Ga5.422Cu2.218_184434'], Rwp = 45.42[32m [repeated 3x across cluster][0m
[36m(_remote_expand_node pid=2174461)[0m 2026-02-08 23:14:40,220 INFO dara.search.tree Overfitting detected for ['Cs3CeF6_15793', 'Er3TlC_76824', 'MnF2_14142']
[36m(_remote_expand_node pid=2174461)[0m 2026-02-08 23:14:40,220 INFO dara.search.tree Rpb improvement: 6.88000000000001, lattice strain: 0.0056521071949363665
[36m(_remote_expand_node pid=2174461)[0m 2026-02-08 23:14:42,417 INFO dara.search.tree Race condition avoided: ['NaNO3_1011029', 'Y2Ga5.422Cu2.218_184434', 'Sr6(CoO3)5_81312', 'TiO2_121632'] is already being processed by another worker.[32m [repeated 14x across cluster][0m
[36m(_remote_expand_node pid=2176419)[0m 2026-02-08 23:14:49,714 INFO dara.search.tree Expanding node d613f35a-0575-11f1-b093-6805cae19192 with current phases ['TiO2_121632', 'Sr6(CoO3)5_81312', 'NaNO3_1011029', 'Cs3CeF6_15793'], Rwp = 35.96[32m [repeated 3x across cluster][0m
[36m(_remote_expand_node pid=2176419)[0m 2026-02-08 23:14:49,761 INFO dara.search.tree Race condition avoided: ['TiO2_121632', 'Sr6(CoO3)5_81312', 'NaNO3_1011029', 'Cs3CeF6_15793', 'MnO3_173646'] is already being processed by another worker.
[36m(_remote_expand_node pid=2176582)[0m 2026-02-08 23:14:59,612 INFO dara.search.tree Expanding node d6161586-0575-11f1-b093-6805cae19192 with current phases ['TiO2_121632', 'Sr6(CoO3)5_81312', 'NaNO3_1011029', 'In_1538014'], Rwp = 38.97[32m [repeated 2x across cluster][0m
[36m(_remote_expand_node pid=2176582)[0m 2026-02-08 23:15:02,928 INFO dara.search.tree Race condition avoided: ['TiO2_121632', 'Sr6(CoO3)5_81312', 'NaNO3_1011029', 'In_1538014', 'MnO3_173646'] is already being processed by another worker.
[36m(_remote_expand_node pid=2176582)[0m 2026-02-08 23:15:02,931 INFO dara.search.tree Race condition avoided: ['TiO2_121632', 'Sr6(CoO3)5_81312', 'NaNO3_1011029', 'In_1538014', 'Cs3CeF6_15793'] is already being processed by another worker.
[36m(_remote_expand_node pid=2176810)[0m 2026-02-08 23:15:08,003 INFO dara.search.tree Overfitting detected for ['TiO2_121632', 'Sr6(CoO3)5_81312', 'NaNO3_1011029', 'MnO3_173646', 'Ba5V3O12F_18957']
[36m(_remote_expand_node pid=2176810)[0m 2026-02-08 23:15:08,004 INFO dara.search.tree Rpb improvement: 1.3500000000000014, lattice strain: 0.016940476980353936
[36m(_remote_expand_node pid=2175154)[0m 2026-02-08 23:15:08,462 INFO dara.search.tree Expanding node de495f1a-0575-11f1-acf2-6805cae19192 with current phases ['TiO2_121632', 'Sr6(CoO3)5_81312', 'MnF2_14142', 'MnO3_173646'], Rwp = 45.75
[36m(_remote_expand_node pid=2175154)[0m 2026-02-08 23:15:08,513 INFO dara.search.tree Race condition avoided: ['TiO2_121632', 'Sr6(CoO3)5_81312', 'MnF2_14142', 'MnO3_173646', 'NaNO3_1011029'] is already being processed by another worker.
[36m(_remote_expand_node pid=2176582)[0m 2026-02-08 23:15:14,235 INFO dara.search.tree Overfitting detected for ['TiO2_121632', 'Sr6(CoO3)5_81312', 'NaNO3_1011029', 'In_1538014', 'V3B2_107318']
[36m(_remote_expand_node pid=2176582)[0m 2026-02-08 23:15:14,235 INFO dara.search.tree Rpb improvement: 1.3999999999999986, lattice strain: 0.007690868887874615
[36m(_remote_expand_node pid=2176992)[0m 2026-02-08 23:15:09,368 INFO dara.search.tree Expanding node de49ec64-0575-11f1-acf2-6805cae19192 with current phases ['TiO2_121632', 'Sr6(CoO3)5_81312', 'MnF2_14142', 'Cs3CeF6_15793'], Rwp = 46.52
[36m(_remote_expand_node pid=2176992)[0m 2026-02-08 23:15:11,596 INFO dara.search.tree Race condition avoided: ['TiO2_121632', 'Sr6(CoO3)5_81312', 'MnF2_14142', 'Cs3CeF6_15793', 'NaNO3_1011029'] is already being processed by another worker.[32m [repeated 2x across cluster][0m
[36m(_remote_expand_node pid=2176419)[0m 2026-02-08 23:15:16,818 INFO dara.search.tree Expanding node de4b84ac-0575-11f1-acf2-6805cae19192 with current phases ['TiO2_121632', 'Sr6(CoO3)5_81312', 'MnF2_14142', 'In_1538014'], Rwp = 46.33
[36m(_remote_expand_node pid=2176419)[0m 2026-02-08 23:15:19,471 INFO dara.search.tree Race condition avoided: ['TiO2_121632', 'Sr6(CoO3)5_81312', 'MnF2_14142', 'In_1538014', 'NaNO3_1011029'] is already being processed by another worker.[32m [repeated 3x across cluster][0m
[36m(_remote_expand_node pid=2175154)[0m 2026-02-08 23:15:25,805 INFO dara.search.tree Overfitting detected for ['TiO2_121632', 'Sr6(CoO3)5_81312', 'MnF2_14142', 'MnO3_173646', 'Cs3CeF6_15793']
[36m(_remote_expand_node pid=2175154)[0m 2026-02-08 23:15:25,805 INFO dara.search.tree Rpb improvement: -1.3599999999999994, lattice strain: 0.016072507552870176
[36m(_remote_expand_node pid=2176184)[0m 2026-02-08 23:15:32,227 INFO dara.search.tree Expanding node dece545e-0575-11f1-b84e-6805cae19192 with current phases ['TiO2_121632', 'Sr6(CoO3)5_81312', 'MnO2_1514110', 'MnO3_173646'], Rwp = 46.31
[36m(_remote_expand_node pid=2176184)[0m 2026-02-08 23:15:34,370 INFO dara.search.tree Race condition avoided: ['TiO2_121632', 'Sr6(CoO3)5_81312', 'MnO2_1514110', 'MnO3_173646', 'MnF2_14142'] is already being processed by another worker.
[36m(_remote_expand_node pid=2176419)[0m 2026-02-08 23:15:36,887 INFO dara.search.tree Overfitting detected for ['TiO2_121632', 'Sr6(CoO3)5_81312', 'MnF2_14142', 'In_1538014', 'Ba5V3O12F_18957']
[36m(_remote_expand_node pid=2176419)[0m 2026-02-08 23:15:36,888 INFO dara.search.tree Rpb improvement: 6.920000000000002, lattice strain: -0.006694013687039224
[36m(_remote_expand_node pid=2176810)[0m 2026-02-08 23:15:45,098 INFO dara.search.tree Expanding node e05aac00-0575-11f1-9669-6805cae19192 with current phases ['TiO2_121632', 'MnO3_173646', 'NaNO3_1011029', 'Cs3CeF6_15793'], Rwp = 37.22[32m [repeated 2x across cluster][0m
[36m(_remote_expand_node pid=2177976)[0m 2026-02-08 23:15:36,756 INFO dara.search.tree Race condition avoided: ['TiO2_121632', 'MnO3_173646', 'NaNO3_1011029', 'Ba5V3O12F_18957', 'Sr6(CoO3)5_81312'] is already being processed by another worker.
[36m(_remote_expand_node pid=2176810)[0m 2026-02-08 23:15:46,274 INFO dara.search.tree Race condition avoided: ['TiO2_121632', 'MnO3_173646', 'NaNO3_1011029', 'Cs3CeF6_15793', 'Sr6(CoO3)5_81312'] is already being processed by another worker.
[36m(_remote_expand_node pid=2177976)[0m 2026-02-08 23:15:51,402 INFO dara.search.tree Overfitting detected for ['TiO2_121632', 'MnO3_173646', 'NaNO3_1011029', 'Ba5V3O12F_18957', 'Cs3CeF6_15793']
[36m(_remote_expand_node pid=2177976)[0m 2026-02-08 23:15:51,402 INFO dara.search.tree Rpb improvement: 5.410000000000004, lattice strain: 0.005740181268882215
[36m(_remote_expand_node pid=2178479)[0m 2026-02-08 23:15:55,961 INFO dara.search.tree Expanding node e05c1be4-0575-11f1-9669-6805cae19192 with current phases ['TiO2_121632', 'MnO3_173646', 'NaNO3_1011029', 'Ca3N2_419865'], Rwp = 39.62
[36m(_remote_expand_node pid=2178479)[0m 2026-02-08 23:15:56,726 INFO dara.search.tree Race condition avoided: ['TiO2_121632', 'MnO3_173646', 'NaNO3_1011029', 'Ca3N2_419865', 'Ba5V3O12F_18957'] is already being processed by another worker.
[36m(_remote_expand_node pid=2178479)[0m 2026-02-08 23:15:56,727 INFO dara.search.tree Race condition avoided: ['TiO2_121632', 'MnO3_173646', 'NaNO3_1011029', 'Ca3N2_419865', 'Sr6(CoO3)5_81312'] is already being processed by another worker.
[36m(_remote_expand_node pid=2178479)[0m 2026-02-08 23:15:56,728 INFO dara.search.tree Race condition avoided: ['TiO2_121632', 'MnO3_173646', 'NaNO3_1011029', 'Ca3N2_419865', 'Cs3CeF6_15793'] is already being processed by another worker.
[36m(_remote_expand_node pid=2176810)[0m 2026-02-08 23:16:04,362 INFO dara.search.tree Overfitting detected for ['TiO2_121632', 'MnO3_173646', 'NaNO3_1011029', 'Cs3CeF6_15793', 'MnF2_14142']
[36m(_remote_expand_node pid=2176810)[0m 2026-02-08 23:16:04,362 INFO dara.search.tree Rpb improvement: 5.32, lattice strain: 0.017433550596772793
[36m(_remote_expand_node pid=2178218)[0m 2026-02-08 23:16:04,510 INFO dara.search.tree Expanding node e05ca582-0575-11f1-9669-6805cae19192 with current phases ['TiO2_121632', 'MnO3_173646', 'NaNO3_1011029', 'Er3TlC_76824'], Rwp = 40.14
[36m(_remote_expand_node pid=2178218)[0m 2026-02-08 23:16:04,989 INFO dara.search.tree Race condition avoided: ['TiO2_121632', 'MnO3_173646', 'NaNO3_1011029', 'Er3TlC_76824', 'Ba5V3O12F_18957'] is already being processed by another worker.
[36m(_remote_expand_node pid=2178218)[0m 2026-02-08 23:16:04,990 INFO dara.search.tree Race condition avoided: ['TiO2_121632', 'MnO3_173646', 'NaNO3_1011029', 'Er3TlC_76824', 'Sr6(CoO3)5_81312'] is already being processed by another worker.
[36m(_remote_expand_node pid=2178218)[0m 2026-02-08 23:16:04,993 INFO dara.search.tree Race condition avoided: ['TiO2_121632', 'MnO3_173646', 'NaNO3_1011029', 'Er3TlC_76824', 'Cs3CeF6_15793'] is already being processed by another worker.
[36m(_remote_expand_node pid=2178218)[0m 2026-02-08 23:16:04,995 INFO dara.search.tree Race condition avoided: ['TiO2_121632', 'MnO3_173646', 'NaNO3_1011029', 'Er3TlC_76824', 'Ca3N2_419865'] is already being processed by another worker.
[36m(_remote_expand_node pid=2178479)[0m 2026-02-08 23:16:09,206 INFO dara.search.tree Overfitting detected for ['TiO2_121632', 'MnO3_173646', 'NaNO3_1011029', 'Ca3N2_419865', 'MnF2_14142'][32m [repeated 2x across cluster][0m
[36m(_remote_expand_node pid=2178479)[0m 2026-02-08 23:16:09,206 INFO dara.search.tree Rpb improvement: 6.0, lattice strain: 0.015352650683944967[32m [repeated 2x across cluster][0m
[36m(_remote_expand_node pid=2176184)[0m 2026-02-08 23:16:09,204 INFO dara.search.tree Expanding node e05d2606-0575-11f1-9669-6805cae19192 with current phases ['TiO2_121632', 'MnO3_173646', 'NaNO3_1011029', 'Y2Ga5.422Cu2.218_184434'], Rwp = 38.67
[36m(_remote_expand_node pid=2178639)[0m 2026-02-08 23:16:09,730 INFO dara.search.tree Expanding node e05dbcba-0575-11f1-9669-6805cae19192 with current phases ['TiO2_121632', 'MnO3_173646', 'NaNO3_1011029', 'MnO2_1514110'], Rwp = 39.71
[36m(_remote_expand_node pid=2178639)[0m 2026-02-08 23:16:10,209 INFO dara.search.tree Race condition avoided: ['TiO2_121632', 'MnO3_173646', 'NaNO3_1011029', 'MnO2_1514110', 'Y2Ga5.422Cu2.218_184434'] is already being processed by another worker.[32m [repeated 10x across cluster][0m
[36m(_remote_expand_node pid=2178639)[0m 2026-02-08 23:16:14,609 INFO dara.search.tree Overfitting detected for ['TiO2_121632', 'MnO3_173646', 'NaNO3_1011029', 'MnO2_1514110', 'V3B2_107318'][32m [repeated 2x across cluster][0m
[36m(_remote_expand_node pid=2178639)[0m 2026-02-08 23:16:14,609 INFO dara.search.tree Rpb improvement: 2.4499999999999957, lattice strain: 0.00045926943633456396[32m [repeated 2x across cluster][0m
[36m(_remote_expand_node pid=2178479)[0m 2026-02-08 23:16:16,115 INFO dara.search.tree Expanding node e259cd7e-0575-11f1-8a7d-6805cae19192 with current phases ['TiO2_121632', 'MnO3_173646', 'Er3TlC_76824', 'Cs3CeF6_15793'], Rwp = 48.9[32m [repeated 2x across cluster][0m
[36m(_remote_expand_node pid=2177383)[0m 2026-02-08 23:16:14,581 INFO dara.search.tree Race condition avoided: ['TiO2_121632', 'MnO3_173646', 'NaNO3_1011029', 'MnF2_14142', 'Y2Ga5.422Cu2.218_184434'] is already being processed by another worker.[32m [repeated 7x across cluster][0m
[36m(_remote_expand_node pid=2177383)[0m 2026-02-08 23:16:22,493 INFO dara.search.tree Overfitting detected for ['TiO2_121632', 'MnO3_173646', 'NaNO3_1011029', 'MnF2_14142', 'V3B2_107318']
[36m(_remote_expand_node pid=2177383)[0m 2026-02-08 23:16:22,493 INFO dara.search.tree Rpb improvement: 3.460000000000001, lattice strain: 0.001137152961136018
[36m(_remote_expand_node pid=2178479)[0m 2026-02-08 23:16:18,834 INFO dara.search.tree Race condition avoided: ['TiO2_121632', 'MnO3_173646', 'Er3TlC_76824', 'Cs3CeF6_15793', 'NaNO3_1011029'] is already being processed by another worker.
[36m(_remote_expand_node pid=2178218)[0m 2026-02-08 23:16:22,903 INFO dara.search.tree Expanding node e25aecae-0575-11f1-8a7d-6805cae19192 with current phases ['TiO2_121632', 'MnO3_173646', 'Er3TlC_76824', 'V3B2_107318'], Rwp = 49.71
[36m(_remote_expand_node pid=2178218)[0m 2026-02-08 23:16:23,637 INFO dara.search.tree Race condition avoided: ['TiO2_121632', 'MnO3_173646', 'Er3TlC_76824', 'V3B2_107318', 'Cs3CeF6_15793'] is already being processed by another worker.
[36m(_remote_expand_node pid=2178218)[0m 2026-02-08 23:16:23,638 INFO dara.search.tree Race condition avoided: ['TiO2_121632', 'MnO3_173646', 'Er3TlC_76824', 'V3B2_107318', 'NaNO3_1011029'] is already being processed by another worker.
[36m(_remote_expand_node pid=2176810)[0m 2026-02-08 23:16:29,240 INFO dara.search.tree Expanding node e25be9ce-0575-11f1-8a7d-6805cae19192 with current phases ['TiO2_121632', 'MnO3_173646', 'Er3TlC_76824', 'In_1538014'], Rwp = 49.5
[36m(_remote_expand_node pid=2176810)[0m 2026-02-08 23:16:31,370 INFO dara.search.tree Race condition avoided: ['TiO2_121632', 'MnO3_173646', 'Er3TlC_76824', 'In_1538014', 'Cs3CeF6_15793'] is already being processed by another worker.
[36m(_remote_expand_node pid=2176810)[0m 2026-02-08 23:16:31,371 INFO dara.search.tree Race condition avoided: ['TiO2_121632', 'MnO3_173646', 'Er3TlC_76824', 'In_1538014', 'NaNO3_1011029'] is already being processed by another worker.
[36m(_remote_expand_node pid=2176810)[0m 2026-02-08 23:16:31,372 INFO dara.search.tree Race condition avoided: ['TiO2_121632', 'MnO3_173646', 'Er3TlC_76824', 'In_1538014', 'V3B2_107318'] is already being processed by another worker.
[36m(_remote_expand_node pid=2178218)[0m 2026-02-08 23:16:34,166 INFO dara.search.tree Overfitting detected for ['TiO2_121632', 'MnO3_173646', 'Er3TlC_76824', 'V3B2_107318', 'Ba5V3O12F_18957']
[36m(_remote_expand_node pid=2178218)[0m 2026-02-08 23:16:34,166 INFO dara.search.tree Rpb improvement: 6.570000000000007, lattice strain: 0.007236651483428604
[36m(_remote_expand_node pid=2179278)[0m 2026-02-08 23:16:34,420 INFO dara.search.tree Expanding node e3720b0e-0575-11f1-9c2b-6805cae19192 with current phases ['TiO2_121632', 'MnO3_173646', 'MnO2_1514110', 'Cs3CeF6_15793'], Rwp = 49.47
[36m(_remote_expand_node pid=2179278)[0m 2026-02-08 23:16:36,169 INFO dara.search.tree Race condition avoided: ['TiO2_121632', 'MnO3_173646', 'MnO2_1514110', 'Cs3CeF6_15793', 'Er3TlC_76824'] is already being processed by another worker.[32m [repeated 7x across cluster][0m
[36m(_remote_expand_node pid=2176810)[0m 2026-02-08 23:16:39,320 INFO dara.search.tree Overfitting detected for ['TiO2_121632', 'MnO3_173646', 'Er3TlC_76824', 'In_1538014', 'Sr6(CoO3)5_81312'][32m [repeated 3x across cluster][0m
[36m(_remote_expand_node pid=2176810)[0m 2026-02-08 23:16:39,320 INFO dara.search.tree Rpb improvement: 8.590000000000003, lattice strain: -0.0018245845683970627[32m [repeated 3x across cluster][0m
[36m(_remote_expand_node pid=2166906)[0m 2026-02-08 23:16:36,143 INFO dara.search.tree Expanding node ed1e2f70-0575-11f1-9669-6805cae19192 with current phases ['TiO2_121632', 'Ba5V3O12F_18957', 'MnO3_173646', 'Cs3CeF6_15793'], Rwp = 49.49[32m [repeated 2x across cluster][0m
[36m(_remote_expand_node pid=2166906)[0m 2026-02-08 23:16:39,672 INFO dara.search.tree Race condition avoided: ['TiO2_121632', 'Ba5V3O12F_18957', 'MnO3_173646', 'Cs3CeF6_15793', 'Er3TlC_76824'] is already being processed by another worker.[32m [repeated 2x across cluster][0m
[36m(_remote_expand_node pid=2178218)[0m 2026-02-08 23:16:46,022 INFO dara.search.tree Expanding node ed1f5f80-0575-11f1-9669-6805cae19192 with current phases ['TiO2_121632', 'Ba5V3O12F_18957', 'MnO3_173646', 'Ca3N2_419865'], Rwp = 49.42
[36m(_remote_expand_node pid=2177383)[0m 2026-02-08 23:16:46,216 INFO dara.search.tree Overfitting detected for ['TiO2_121632', 'MnO3_173646', 'MnO2_1514110', 'V3B2_107318', 'Cs3CeF6_15793']
[36m(_remote_expand_node pid=2177383)[0m 2026-02-08 23:16:46,216 INFO dara.search.tree Rpb improvement: -0.480000000000004, lattice strain: -0.0019133937562940712
[36m(_remote_expand_node pid=2178479)[0m 2026-02-08 23:16:50,252 INFO dara.search.tree Expanding node ed1fe7ac-0575-11f1-9669-6805cae19192 with current phases ['TiO2_121632', 'Ba5V3O12F_18957', 'MnO3_173646', 'Er3TlC_76824'], Rwp = 48.75
[36m(_remote_expand_node pid=2178479)[0m 2026-02-08 23:16:52,718 INFO dara.search.tree Race condition avoided: ['TiO2_121632', 'Ba5V3O12F_18957', 'MnO3_173646', 'Er3TlC_76824', 'Ca3N2_419865'] is already being processed by another worker.[32m [repeated 6x across cluster][0m
[36m(_remote_expand_node pid=2166906)[0m 2026-02-08 23:16:49,133 INFO dara.search.tree Overfitting detected for ['TiO2_121632', 'Ba5V3O12F_18957', 'MnO3_173646', 'Cs3CeF6_15793', 'Sr6(CoO3)5_81312']
[36m(_remote_expand_node pid=2166906)[0m 2026-02-08 23:16:49,134 INFO dara.search.tree Rpb improvement: 12.61999999999999, lattice strain: -0.0058207327600430766
[36m(_remote_expand_node pid=2179561)[0m 2026-02-08 23:16:55,062 INFO dara.search.tree Expanding node ed20788e-0575-11f1-9669-6805cae19192 with current phases ['TiO2_121632', 'Ba5V3O12F_18957', 'MnO3_173646', 'Y2Ga5.422Cu2.218_184434'], Rwp = 48.93
[36m(_remote_expand_node pid=2179561)[0m 2026-02-08 23:17:02,125 INFO dara.search.tree Race condition avoided: ['TiO2_121632', 'Ba5V3O12F_18957', 'MnO3_173646', 'Y2Ga5.422Cu2.218_184434', 'Er3TlC_76824'] is already being processed by another worker.[32m [repeated 4x across cluster][0m
[36m(_remote_expand_node pid=2178218)[0m 2026-02-08 23:17:03,890 INFO dara.search.tree Overfitting detected for ['TiO2_121632', 'Ba5V3O12F_18957', 'MnO3_173646', 'Ca3N2_419865', 'Sr6(CoO3)5_81312']
[36m(_remote_expand_node pid=2178218)[0m 2026-02-08 23:17:03,890 INFO dara.search.tree Rpb improvement: 13.36, lattice strain: -0.005582224140411709
[36m(_remote_expand_node pid=2179990)[0m 2026-02-08 23:17:04,865 INFO dara.search.tree Expanding node ed213152-0575-11f1-9669-6805cae19192 with current phases ['TiO2_121632', 'Ba5V3O12F_18957', 'MnO3_173646', 'MnF2_14142'], Rwp = 46.76
[36m(_remote_expand_node pid=2179990)[0m 2026-02-08 23:17:07,052 INFO dara.search.tree Race condition avoided: ['TiO2_121632', 'Ba5V3O12F_18957', 'MnO3_173646', 'MnF2_14142', 'Er3TlC_76824'] is already being processed by another worker.[32m [repeated 5x across cluster][0m
[36m(_remote_expand_node pid=2178479)[0m 2026-02-08 23:17:12,126 INFO dara.search.tree Overfitting detected for ['TiO2_121632', 'Ba5V3O12F_18957', 'MnO3_173646', 'Er3TlC_76824', 'Y2Ga5.422Cu2.218_184434']
[36m(_remote_expand_node pid=2178479)[0m 2026-02-08 23:17:12,127 INFO dara.search.tree Rpb improvement: 7.489999999999995, lattice strain: 0.005682349987768068
[36m(_remote_expand_node pid=2178218)[0m 2026-02-08 23:17:12,626 INFO dara.search.tree Expanding node ed21bf8c-0575-11f1-9669-6805cae19192 with current phases ['TiO2_121632', 'Ba5V3O12F_18957', 'MnO3_173646', 'MnO2_1514110'], Rwp = 49.06
[36m(_remote_expand_node pid=2179561)[0m 2026-02-08 23:17:17,099 INFO dara.search.tree Overfitting detected for ['TiO2_121632', 'Ba5V3O12F_18957', 'MnO3_173646', 'Y2Ga5.422Cu2.218_184434', 'MnF2_14142']
[36m(_remote_expand_node pid=2179561)[0m 2026-02-08 23:17:17,099 INFO dara.search.tree Rpb improvement: 14.79, lattice strain: 0.013410181566728867
[36m(_remote_expand_node pid=2178218)[0m 2026-02-08 23:17:14,100 INFO dara.search.tree Race condition avoided: ['TiO2_121632', 'Ba5V3O12F_18957', 'MnO3_173646', 'MnO2_1514110', 'MnF2_14142'] is already being processed by another worker.[32m [repeated 7x across cluster][0m
[36m(_remote_expand_node pid=2177383)[0m 2026-02-08 23:17:18,058 INFO dara.search.tree Expanding node eefd4376-0575-11f1-9cb1-6805cae19192 with current phases ['TiO2_121632', 'Ba5V3O12F_18957', 'NaNO3_1011029', 'Ca3N2_419865'], Rwp = 39.53[32m [repeated 3x across cluster][0m
[36m(_remote_expand_node pid=2178218)[0m 2026-02-08 23:17:28,326 INFO dara.search.tree Overfitting detected for ['TiO2_121632', 'Ba5V3O12F_18957', 'MnO3_173646', 'MnO2_1514110', 'Sr6(CoO3)5_81312'][32m [repeated 2x across cluster][0m
[36m(_remote_expand_node pid=2178218)[0m 2026-02-08 23:17:28,326 INFO dara.search.tree Rpb improvement: 10.400000000000006, lattice strain: -0.006066256339075336[32m [repeated 2x across cluster][0m
[36m(_remote_expand_node pid=2177383)[0m 2026-02-08 23:17:20,303 INFO dara.search.tree Race condition avoided: ['TiO2_121632', 'Ba5V3O12F_18957', 'NaNO3_1011029', 'Ca3N2_419865', 'MnO3_173646'] is already being processed by another worker.[32m [repeated 6x across cluster][0m
[36m(_remote_expand_node pid=2178218)[0m 2026-02-08 23:17:28,519 INFO dara.search.tree Expanding node eefdc9c2-0575-11f1-9cb1-6805cae19192 with current phases ['TiO2_121632', 'Ba5V3O12F_18957', 'NaNO3_1011029', 'Er3TlC_76824'], Rwp = 40.02
[36m(_remote_expand_node pid=2177383)[0m 2026-02-08 23:17:32,212 INFO dara.search.tree Overfitting detected for ['TiO2_121632', 'Ba5V3O12F_18957', 'NaNO3_1011029', 'Ca3N2_419865', 'Sr6(CoO3)5_81312'][32m [repeated 2x across cluster][0m
[36m(_remote_expand_node pid=2177383)[0m 2026-02-08 23:17:32,212 INFO dara.search.tree Rpb improvement: 4.390000000000001, lattice strain: -0.0014652135843115793[32m [repeated 2x across cluster][0m
[36m(_remote_expand_node pid=2178479)[0m 2026-02-08 23:17:33,975 INFO dara.search.tree Race condition avoided: ['TiO2_121632', 'Ba5V3O12F_18957', 'NaNO3_1011029', 'MnF2_14142', 'Y2Ga5.422Cu2.218_184434'] is already being processed by another worker.[32m [repeated 14x across cluster][0m
[36m(_remote_expand_node pid=2178479)[0m 2026-02-08 23:17:32,372 INFO dara.search.tree Expanding node eeff619c-0575-11f1-9cb1-6805cae19192 with current phases ['TiO2_121632', 'Ba5V3O12F_18957', 'NaNO3_1011029', 'MnF2_14142'], Rwp = 38.3[32m [repeated 2x across cluster][0m
[36m(_remote_expand_node pid=2178218)[0m 2026-02-08 23:17:36,103 INFO dara.search.tree Overfitting detected for ['TiO2_121632', 'Ba5V3O12F_18957', 'NaNO3_1011029', 'Er3TlC_76824', 'MnO2_1514110']
[36m(_remote_expand_node pid=2178218)[0m 2026-02-08 23:17:36,103 INFO dara.search.tree Rpb improvement: 0.01999999999999602, lattice strain: 0.011394995248653674
[36m(_remote_expand_node pid=2177383)[0m 2026-02-08 23:17:38,085 INFO dara.search.tree Race condition avoided: ['TiO2_121632', 'Ba5V3O12F_18957', 'NaNO3_1011029', 'In_1538014', 'MnF2_14142'] is already being processed by another worker.[32m [repeated 6x across cluster][0m
[36m(_remote_expand_node pid=2178303)[0m 2026-02-08 23:17:41,254 INFO dara.search.tree Expanding node f9d7d838-0575-11f1-ba41-6805cae19192 with current phases ['TiO2_121632', 'Ba5V3O12F_18957', 'Cs3CeF6_15793', 'Er3TlC_76824'], Rwp = 47.85[32m [repeated 2x across cluster][0m
[36m(_remote_expand_node pid=2177383)[0m 2026-02-08 23:17:44,014 INFO dara.search.tree Overfitting detected for ['TiO2_121632', 'Ba5V3O12F_18957', 'NaNO3_1011029', 'In_1538014', 'Sr6(CoO3)5_81312']
[36m(_remote_expand_node pid=2177383)[0m 2026-02-08 23:17:44,014 INFO dara.search.tree Rpb improvement: 5.830000000000005, lattice strain: -0.0018276499844441542
[36m(_remote_expand_node pid=2178303)[0m 2026-02-08 23:17:41,784 INFO dara.search.tree Race condition avoided: ['TiO2_121632', 'Ba5V3O12F_18957', 'Cs3CeF6_15793', 'Er3TlC_76824', 'NaNO3_1011029'] is already being processed by another worker.[32m [repeated 2x across cluster][0m
[36m(_remote_expand_node pid=2178218)[0m 2026-02-08 23:17:47,311 INFO dara.search.tree Expanding node f9d86abe-0575-11f1-ba41-6805cae19192 with current phases ['TiO2_121632', 'Ba5V3O12F_18957', 'Cs3CeF6_15793', 'Y2Ga5.422Cu2.218_184434'], Rwp = 49.51
[36m(_remote_expand_node pid=2179561)[0m 2026-02-08 23:17:46,047 INFO dara.search.tree Overfitting detected for ['TiO2_121632', 'Ba5V3O12F_18957', 'NaNO3_1011029', 'Y2Ga5.422Cu2.218_184434', 'MnO2_1514110']
[36m(_remote_expand_node pid=2179561)[0m 2026-02-08 23:17:46,048 INFO dara.search.tree Rpb improvement: 1.25, lattice strain: 0.010198659064512654
[36m(_remote_expand_node pid=2178303)[0m 2026-02-08 23:17:55,434 INFO dara.search.tree Overfitting detected for ['TiO2_121632', 'Ba5V3O12F_18957', 'Cs3CeF6_15793', 'Er3TlC_76824', 'Sr6(CoO3)5_81312']
[36m(_remote_expand_node pid=2178303)[0m 2026-02-08 23:17:55,434 INFO dara.search.tree Rpb improvement: 2.2099999999999937, lattice strain: -0.0031140902998472004
[36m(_remote_expand_node pid=2178218)[0m 2026-02-08 23:17:50,129 INFO dara.search.tree Race condition avoided: ['TiO2_121632', 'Ba5V3O12F_18957', 'Cs3CeF6_15793', 'Y2Ga5.422Cu2.218_184434', 'Er3TlC_76824'] is already being processed by another worker.[32m [repeated 3x across cluster][0m
[36m(_remote_expand_node pid=2179990)[0m 2026-02-08 23:17:56,512 INFO dara.search.tree Expanding node f9d9076c-0575-11f1-ba41-6805cae19192 with current phases ['TiO2_121632', 'Ba5V3O12F_18957', 'Cs3CeF6_15793', 'MnF2_14142'], Rwp = 44.19
[36m(_remote_expand_node pid=2166906)[0m 2026-02-08 23:18:06,221 INFO dara.search.tree Race condition avoided: ['TiO2_121632', 'Ba5V3O12F_18957', 'Cs3CeF6_15793', 'MnO2_1514110', 'MnF2_14142'] is already being processed by another worker.[32m [repeated 8x across cluster][0m
[36m(_remote_expand_node pid=2166906)[0m 2026-02-08 23:17:59,303 INFO dara.search.tree Expanding node f9d99808-0575-11f1-ba41-6805cae19192 with current phases ['TiO2_121632', 'Ba5V3O12F_18957', 'Cs3CeF6_15793', 'MnO2_1514110'], Rwp = 48.9
[36m(_remote_expand_node pid=2180975)[0m 2026-02-08 23:18:06,227 INFO dara.search.tree Expanding node f9da2444-0575-11f1-ba41-6805cae19192 with current phases ['TiO2_121632', 'Ba5V3O12F_18957', 'Cs3CeF6_15793', 'In_1538014'], Rwp = 49.97
[36m(_remote_expand_node pid=2180975)[0m 2026-02-08 23:18:14,161 INFO dara.search.tree Race condition avoided: ['TiO2_121632', 'Ba5V3O12F_18957', 'Cs3CeF6_15793', 'In_1538014', 'MnO2_1514110'] is already being processed by another worker.[32m [repeated 6x across cluster][0m
[36m(_remote_expand_node pid=2179990)[0m 2026-02-08 23:18:22,272 INFO dara.search.tree Overfitting detected for ['TiO2_121632', 'Ba5V3O12F_18957', 'Cs3CeF6_15793', 'MnF2_14142', 'Ca3N2_419865']
[36m(_remote_expand_node pid=2179990)[0m 2026-02-08 23:18:22,272 INFO dara.search.tree Rpb improvement: -4.040000000000006, lattice strain: -0.030007043059833368
[36m(_remote_expand_node pid=2178218)[0m 2026-02-08 23:18:23,337 INFO dara.search.tree Expanding node fb16970c-0575-11f1-88e1-6805cae19192 with current phases ['TiO2_121632', 'Ba5V3O12F_18957', 'Er3TlC_76824', 'V3B2_107318'], Rwp = 49.43
[36m(_remote_expand_node pid=2178218)[0m 2026-02-08 23:18:25,108 INFO dara.search.tree Race condition avoided: ['TiO2_121632', 'Ba5V3O12F_18957', 'Er3TlC_76824', 'V3B2_107318', 'MnO3_173646'] is already being processed by another worker.
[36m(_remote_expand_node pid=2178218)[0m 2026-02-08 23:18:25,110 INFO dara.search.tree Race condition avoided: ['TiO2_121632', 'Ba5V3O12F_18957', 'Er3TlC_76824', 'V3B2_107318', 'NaNO3_1011029'] is already being processed by another worker.
[36m(_remote_expand_node pid=2178218)[0m 2026-02-08 23:18:25,110 INFO dara.search.tree Race condition avoided: ['TiO2_121632', 'Ba5V3O12F_18957', 'Er3TlC_76824', 'V3B2_107318', 'Cs3CeF6_15793'] is already being processed by another worker.
[36m(_remote_expand_node pid=2180975)[0m 2026-02-08 23:18:30,642 INFO dara.search.tree Overfitting detected for ['TiO2_121632', 'Ba5V3O12F_18957', 'Cs3CeF6_15793', 'In_1538014', 'Sr6(CoO3)5_81312'][32m [repeated 2x across cluster][0m
[36m(_remote_expand_node pid=2180975)[0m 2026-02-08 23:18:30,642 INFO dara.search.tree Rpb improvement: 10.47999999999999, lattice strain: 0.0035442380401884757[32m [repeated 2x across cluster][0m
[36m(_remote_expand_node pid=2181726)[0m 2026-02-08 23:18:30,736 INFO dara.search.tree Expanding node fb17b84e-0575-11f1-88e1-6805cae19192 with current phases ['TiO2_121632', 'Ba5V3O12F_18957', 'Er3TlC_76824', 'Ca3N2_419865'], Rwp = 48.59
[36m(_remote_expand_node pid=2181726)[0m 2026-02-08 23:18:34,205 INFO dara.search.tree Race condition avoided: ['TiO2_121632', 'Ba5V3O12F_18957', 'Er3TlC_76824', 'Ca3N2_419865', 'Cs3CeF6_15793'] is already being processed by another worker.
[36m(_remote_expand_node pid=2181726)[0m 2026-02-08 23:18:34,206 INFO dara.search.tree Race condition avoided: ['TiO2_121632', 'Ba5V3O12F_18957', 'Er3TlC_76824', 'Ca3N2_419865', 'MnO3_173646'] is already being processed by another worker.
[36m(_remote_expand_node pid=2181726)[0m 2026-02-08 23:18:34,207 INFO dara.search.tree Race condition avoided: ['TiO2_121632', 'Ba5V3O12F_18957', 'Er3TlC_76824', 'Ca3N2_419865', 'NaNO3_1011029'] is already being processed by another worker.
[36m(_remote_expand_node pid=2181726)[0m 2026-02-08 23:18:34,209 INFO dara.search.tree Race condition avoided: ['TiO2_121632', 'Ba5V3O12F_18957', 'Er3TlC_76824', 'Ca3N2_419865', 'V3B2_107318'] is already being processed by another worker.
[36m(_remote_expand_node pid=2178218)[0m 2026-02-08 23:18:41,460 INFO dara.search.tree Overfitting detected for ['TiO2_121632', 'Ba5V3O12F_18957', 'Er3TlC_76824', 'V3B2_107318', 'Ca3N2_419865']
[36m(_remote_expand_node pid=2178218)[0m 2026-02-08 23:18:41,461 INFO dara.search.tree Rpb improvement: 3.719999999999999, lattice strain: -0.021049030343763427
[36m(_remote_expand_node pid=2178479)[0m 2026-02-08 23:18:35,337 INFO dara.search.tree Expanding node fb18d256-0575-11f1-88e1-6805cae19192 with current phases ['TiO2_121632', 'Ba5V3O12F_18957', 'Er3TlC_76824', 'In_1538014'], Rwp = 48.58
[36m(_remote_expand_node pid=2178479)[0m 2026-02-08 23:18:41,959 INFO dara.search.tree Race condition avoided: ['TiO2_121632', 'Ba5V3O12F_18957', 'Er3TlC_76824', 'In_1538014', 'Cs3CeF6_15793'] is already being processed by another worker.
[36m(_remote_expand_node pid=2178479)[0m 2026-02-08 23:18:41,960 INFO dara.search.tree Race condition avoided: ['TiO2_121632', 'Ba5V3O12F_18957', 'Er3TlC_76824', 'In_1538014', 'MnO3_173646'] is already being processed by another worker.
[36m(_remote_expand_node pid=2178479)[0m 2026-02-08 23:18:41,961 INFO dara.search.tree Race condition avoided: ['TiO2_121632', 'Ba5V3O12F_18957', 'Er3TlC_76824', 'In_1538014', 'NaNO3_1011029'] is already being processed by another worker.
[36m(_remote_expand_node pid=2178479)[0m 2026-02-08 23:18:41,962 INFO dara.search.tree Race condition avoided: ['TiO2_121632', 'Ba5V3O12F_18957', 'Er3TlC_76824', 'In_1538014', 'V3B2_107318'] is already being processed by another worker.
[36m(_remote_expand_node pid=2178479)[0m 2026-02-08 23:18:41,963 INFO dara.search.tree Race condition avoided: ['TiO2_121632', 'Ba5V3O12F_18957', 'Er3TlC_76824', 'In_1538014', 'Ca3N2_419865'] is already being processed by another worker.
[36m(_remote_expand_node pid=2181170)[0m 2026-02-08 23:18:41,941 INFO dara.search.tree Expanding node fe1ac8c4-0575-11f1-acf2-6805cae19192 with current phases ['TiO2_121632', 'Ba5V3O12F_18957', 'Y2Ga5.422Cu2.218_184434', 'Er3TlC_76824'], Rwp = 47.35
[36m(_remote_expand_node pid=2181170)[0m 2026-02-08 23:18:50,337 INFO dara.search.tree Expanding node fe1bcfd0-0575-11f1-acf2-6805cae19192 with current phases ['TiO2_121632', 'Ba5V3O12F_18957', 'Y2Ga5.422Cu2.218_184434', 'MnF2_14142'], Rwp = 44.3
[36m(_remote_expand_node pid=2181170)[0m 2026-02-08 23:18:50,388 INFO dara.search.tree Race condition avoided: ['TiO2_121632', 'Ba5V3O12F_18957', 'Y2Ga5.422Cu2.218_184434', 'MnF2_14142', 'Er3TlC_76824'] is already being processed by another worker.[32m [repeated 10x across cluster][0m
[36m(_remote_expand_node pid=2181726)[0m 2026-02-08 23:18:50,331 INFO dara.search.tree Overfitting detected for ['TiO2_121632', 'Ba5V3O12F_18957', 'Er3TlC_76824', 'Ca3N2_419865', 'Sr6(CoO3)5_81312']
[36m(_remote_expand_node pid=2181726)[0m 2026-02-08 23:18:50,331 INFO dara.search.tree Rpb improvement: 4.769999999999996, lattice strain: -0.002356569751999884
[36m(_remote_expand_node pid=2181870)[0m 2026-02-08 23:18:58,017 INFO dara.search.tree Expanding node fe1c6026-0575-11f1-acf2-6805cae19192 with current phases ['TiO2_121632', 'Ba5V3O12F_18957', 'Y2Ga5.422Cu2.218_184434', 'MnO2_1514110'], Rwp = 49.53
[36m(_remote_expand_node pid=2181870)[0m 2026-02-08 23:18:58,553 INFO dara.search.tree Race condition avoided: ['TiO2_121632', 'Ba5V3O12F_18957', 'Y2Ga5.422Cu2.218_184434', 'MnO2_1514110', 'Cs3CeF6_15793'] is already being processed by another worker.
[36m(_remote_expand_node pid=2181870)[0m 2026-02-08 23:18:58,554 INFO dara.search.tree Race condition avoided: ['TiO2_121632', 'Ba5V3O12F_18957', 'Y2Ga5.422Cu2.218_184434', 'MnO2_1514110', 'NaNO3_1011029'] is already being processed by another worker.
[36m(_remote_expand_node pid=2181870)[0m 2026-02-08 23:18:58,560 INFO dara.search.tree Race condition avoided: ['TiO2_121632', 'Ba5V3O12F_18957', 'Y2Ga5.422Cu2.218_184434', 'MnO2_1514110', 'Er3TlC_76824'] is already being processed by another worker.
[36m(_remote_expand_node pid=2181870)[0m 2026-02-08 23:18:58,562 INFO dara.search.tree Race condition avoided: ['TiO2_121632', 'Ba5V3O12F_18957', 'Y2Ga5.422Cu2.218_184434', 'MnO2_1514110', 'MnF2_14142'] is already being processed by another worker.
[36m(_remote_expand_node pid=2178479)[0m 2026-02-08 23:18:58,613 INFO dara.search.tree Overfitting detected for ['TiO2_121632', 'Ba5V3O12F_18957', 'Er3TlC_76824', 'In_1538014', 'Sr6(CoO3)5_81312']
[36m(_remote_expand_node pid=2178479)[0m 2026-02-08 23:18:58,613 INFO dara.search.tree Rpb improvement: 5.170000000000002, lattice strain: -0.0008098044777048223
[36m(_remote_expand_node pid=2181726)[0m 2026-02-08 23:19:05,236 INFO dara.search.tree Expanding node fe1d0116-0575-11f1-acf2-6805cae19192 with current phases ['TiO2_121632', 'Ba5V3O12F_18957', 'Y2Ga5.422Cu2.218_184434', 'In_1538014'], Rwp = 46.55
[36m(_remote_expand_node pid=2181726)[0m 2026-02-08 23:19:05,306 INFO dara.search.tree Race condition avoided: ['TiO2_121632', 'Ba5V3O12F_18957', 'Y2Ga5.422Cu2.218_184434', 'In_1538014', 'MnO2_1514110'] is already being processed by another worker.[32m [repeated 6x across cluster][0m
[36m(_remote_expand_node pid=2178479)[0m 2026-02-08 23:19:05,397 INFO dara.search.tree Expanding node 03157bbc-0576-11f1-812f-6805cae19192 with current phases ['TiO2_121632', 'MnO3_173646', 'MnF2_14142', 'Cs3CeF6_15793'], Rwp = 46.83
[36m(_remote_expand_node pid=2179278)[0m 2026-02-08 23:19:05,419 INFO dara.search.tree Overfitting detected for ['TiO2_121632', 'Ba5V3O12F_18957', 'NaNO3_1011029', 'Cs3CeF6_15793', 'MnO2_1514110']
[36m(_remote_expand_node pid=2179278)[0m 2026-02-08 23:19:05,419 INFO dara.search.tree Rpb improvement: 0.8299999999999983, lattice strain: 0.01215156794425074
[36m(_remote_expand_node pid=2178479)[0m 2026-02-08 23:19:11,270 INFO dara.search.tree Race condition avoided: ['TiO2_121632', 'MnO3_173646', 'MnF2_14142', 'Cs3CeF6_15793', 'MnO2_1514110'] is already being processed by another worker.[32m [repeated 5x across cluster][0m
[36m(_remote_expand_node pid=2181101)[0m 2026-02-08 23:19:09,037 INFO dara.search.tree Expanding node 031607f8-0576-11f1-812f-6805cae19192 with current phases ['TiO2_121632', 'MnO3_173646', 'MnF2_14142', 'V3B2_107318'], Rwp = 47.74
[36m(_remote_expand_node pid=2181870)[0m 2026-02-08 23:19:12,753 INFO dara.search.tree Overfitting detected for ['TiO2_121632', 'Ba5V3O12F_18957', 'Y2Ga5.422Cu2.218_184434', 'MnO2_1514110', 'Sr6(CoO3)5_81312']
[36m(_remote_expand_node pid=2181870)[0m 2026-02-08 23:19:12,754 INFO dara.search.tree Rpb improvement: 10.719999999999999, lattice strain: 0.0004646708631835088
[36m(_remote_expand_node pid=2181170)[0m 2026-02-08 23:19:13,759 INFO dara.search.tree Expanding node 03170716-0576-11f1-812f-6805cae19192 with current phases ['TiO2_121632', 'MnO3_173646', 'MnF2_14142', 'MnO2_1514110'], Rwp = 47.14
[36m(_remote_expand_node pid=2181170)[0m 2026-02-08 23:19:13,797 INFO dara.search.tree Race condition avoided: ['TiO2_121632', 'MnO3_173646', 'MnF2_14142', 'MnO2_1514110', 'V3B2_107318'] is already being processed by another worker.[32m [repeated 9x across cluster][0m
[36m(_remote_expand_node pid=2181726)[0m 2026-02-08 23:19:13,842 INFO dara.search.tree Overfitting detected for ['TiO2_121632', 'Ba5V3O12F_18957', 'Y2Ga5.422Cu2.218_184434', 'In_1538014', 'Ca3N2_419865']
[36m(_remote_expand_node pid=2181726)[0m 2026-02-08 23:19:13,842 INFO dara.search.tree Rpb improvement: 6.700000000000003, lattice strain: 0.003311576953349965
[36m(_remote_expand_node pid=2181870)[0m 2026-02-08 23:19:18,956 INFO dara.search.tree Expanding node 089b4bac-0576-11f1-bd07-6805cae19192 with current phases ['TiO2_121632', 'Er3TlC_76824', 'Sr6(CoO3)5_81312', 'In_1538014'], Rwp = 48.42[32m [repeated 2x across cluster][0m
[36m(_remote_expand_node pid=2181101)[0m 2026-02-08 23:19:24,325 INFO dara.search.tree Overfitting detected for ['TiO2_121632', 'MnO3_173646', 'MnF2_14142', 'V3B2_107318', 'Cs3CeF6_15793']
[36m(_remote_expand_node pid=2181101)[0m 2026-02-08 23:19:24,325 INFO dara.search.tree Rpb improvement: 1.0100000000000051, lattice strain: 0.015367573011077483
[36m(_remote_expand_node pid=2181870)[0m 2026-02-08 23:19:19,049 INFO dara.search.tree Race condition avoided: ['TiO2_121632', 'Er3TlC_76824', 'Sr6(CoO3)5_81312', 'In_1538014', 'MnF2_14142'] is already being processed by another worker.[32m [repeated 9x across cluster][0m
[36m(_remote_expand_node pid=2182946)[0m 2026-02-08 23:19:25,107 INFO dara.search.tree Expanding node 0cbbdca6-0576-11f1-a2e8-6805cae19192 with current phases ['TiO2_121632', 'Er3TlC_76824', 'Y2Ga5.422Cu2.218_184434', 'Sr6(CoO3)5_81312'], Rwp = 47.4
[36m(_remote_expand_node pid=2181870)[0m 2026-02-08 23:19:31,096 INFO dara.search.tree Overfitting detected for ['TiO2_121632', 'Er3TlC_76824', 'Sr6(CoO3)5_81312', 'In_1538014', 'Cs3CeF6_15793']
[36m(_remote_expand_node pid=2181870)[0m 2026-02-08 23:19:31,096 INFO dara.search.tree Rpb improvement: -0.37999999999999545, lattice strain: -0.005438066465256758
[36m(_remote_expand_node pid=2182946)[0m 2026-02-08 23:19:27,708 INFO dara.search.tree Race condition avoided: ['TiO2_121632', 'Er3TlC_76824', 'Y2Ga5.422Cu2.218_184434', 'Sr6(CoO3)5_81312', 'In_1538014'] is already being processed by another worker.[32m [repeated 5x across cluster][0m
[36m(_remote_expand_node pid=2181101)[0m 2026-02-08 23:19:25,113 INFO dara.search.tree Expanding node 0cbc61bc-0576-11f1-a2e8-6805cae19192 with current phases ['TiO2_121632', 'Er3TlC_76824', 'Y2Ga5.422Cu2.218_184434', 'Cs3CeF6_15793'], Rwp = 48.76
[36m(_remote_expand_node pid=2183157)[0m 2026-02-08 23:19:33,909 INFO dara.search.tree Expanding node 0cbcdeb2-0576-11f1-a2e8-6805cae19192 with current phases ['TiO2_121632', 'Er3TlC_76824', 'Y2Ga5.422Cu2.218_184434', 'MnO3_173646'], Rwp = 48.98
[36m(_remote_expand_node pid=2182946)[0m 2026-02-08 23:19:39,071 INFO dara.search.tree Overfitting detected for ['TiO2_121632', 'Er3TlC_76824', 'Y2Ga5.422Cu2.218_184434', 'Sr6(CoO3)5_81312', 'NaNO3_1011029']
[36m(_remote_expand_node pid=2182946)[0m 2026-02-08 23:19:39,071 INFO dara.search.tree Rpb improvement: 16.85000000000001, lattice strain: 0.0033306235339672975
[36m(_remote_expand_node pid=2183157)[0m 2026-02-08 23:19:34,410 INFO dara.search.tree Race condition avoided: ['TiO2_121632', 'Er3TlC_76824', 'Y2Ga5.422Cu2.218_184434', 'MnO3_173646', 'In_1538014'] is already being processed by another worker.[32m [repeated 5x across cluster][0m
[36m(_remote_expand_node pid=2178218)[0m 2026-02-08 23:19:39,231 INFO dara.search.tree Expanding node 0cbd6062-0576-11f1-a2e8-6805cae19192 with current phases ['TiO2_121632', 'Er3TlC_76824', 'Y2Ga5.422Cu2.218_184434', 'NaNO3_1011029'], Rwp = 40.22
[36m(_remote_expand_node pid=2178218)[0m 2026-02-08 23:19:44,799 INFO dara.search.tree Overfitting detected for ['TiO2_121632', 'Er3TlC_76824', 'Y2Ga5.422Cu2.218_184434', 'NaNO3_1011029', 'Ca3N2_419865']
[36m(_remote_expand_node pid=2178218)[0m 2026-02-08 23:19:44,799 INFO dara.search.tree Rpb improvement: 4.810000000000002, lattice strain: 0.02274898777225239
[36m(_remote_expand_node pid=2178218)[0m 2026-02-08 23:19:39,302 INFO dara.search.tree Race condition avoided: ['TiO2_121632', 'Er3TlC_76824', 'Y2Ga5.422Cu2.218_184434', 'NaNO3_1011029', 'Cs3CeF6_15793'] is already being processed by another worker.[32m [repeated 3x across cluster][0m
[36m(_remote_expand_node pid=2183157)[0m 2026-02-08 23:19:43,741 INFO dara.search.tree Expanding node 0cbe9554-0576-11f1-a2e8-6805cae19192 with current phases ['TiO2_121632', 'Er3TlC_76824', 'Y2Ga5.422Cu2.218_184434', 'Ca3N2_419865'], Rwp = 49.64
[36m(_remote_expand_node pid=2178218)[0m 2026-02-08 23:19:44,840 INFO dara.search.tree Expanding node 0cbf8b4e-0576-11f1-a2e8-6805cae19192 with current phases ['TiO2_121632', 'Er3TlC_76824', 'Y2Ga5.422Cu2.218_184434', 'MnF2_14142'], Rwp = 48.52
[36m(_remote_expand_node pid=2181101)[0m 2026-02-08 23:19:44,828 INFO dara.search.tree Overfitting detected for ['TiO2_121632', 'Er3TlC_76824', 'Y2Ga5.422Cu2.218_184434', 'Cs3CeF6_15793', 'MnF2_14142']
[36m(_remote_expand_node pid=2181101)[0m 2026-02-08 23:19:44,828 INFO dara.search.tree Rpb improvement: 2.9599999999999937, lattice strain: -0.0008710874249850843
[36m(_remote_expand_node pid=2183157)[0m 2026-02-08 23:19:46,367 INFO dara.search.tree Race condition avoided: ['TiO2_121632', 'Er3TlC_76824', 'Y2Ga5.422Cu2.218_184434', 'Ca3N2_419865', 'In_1538014'] is already being processed by another worker.[32m [repeated 14x across cluster][0m
[36m(_remote_expand_node pid=2183294)[0m 2026-02-08 23:19:51,101 INFO dara.search.tree Expanding node 10ff730e-0576-11f1-8a7d-6805cae19192 with current phases ['TiO2_121632', 'Y2Ga5.422Cu2.218_184434', 'MnO3_173646', 'Sr6(CoO3)5_81312'], Rwp = 47.52[32m [repeated 2x across cluster][0m
[36m(_remote_expand_node pid=2178218)[0m 2026-02-08 23:19:53,974 INFO dara.search.tree Overfitting detected for ['TiO2_121632', 'Er3TlC_76824', 'Y2Ga5.422Cu2.218_184434', 'MnF2_14142', 'Sr6(CoO3)5_81312']
[36m(_remote_expand_node pid=2178218)[0m 2026-02-08 23:19:53,975 INFO dara.search.tree Rpb improvement: 13.140000000000008, lattice strain: -0.009441536145753169
[36m(_remote_expand_node pid=2182807)[0m 2026-02-08 23:19:55,705 INFO dara.search.tree Race condition avoided: ['TiO2_121632', 'Y2Ga5.422Cu2.218_184434', 'MnO3_173646', 'Ca3N2_419865', 'Er3TlC_76824'] is already being processed by another worker.[32m [repeated 8x across cluster][0m
[36m(_remote_expand_node pid=2182807)[0m 2026-02-08 23:19:54,349 INFO dara.search.tree Expanding node 11008b72-0576-11f1-8a7d-6805cae19192 with current phases ['TiO2_121632', 'Y2Ga5.422Cu2.218_184434', 'MnO3_173646', 'Ca3N2_419865'], Rwp = 49.83
[36m(_remote_expand_node pid=2181170)[0m 2026-02-08 23:19:59,729 INFO dara.search.tree Expanding node 110111b4-0576-11f1-8a7d-6805cae19192 with current phases ['TiO2_121632', 'Y2Ga5.422Cu2.218_184434', 'MnO3_173646', 'MnO2_1514110'], Rwp = 49.12
[36m(_remote_expand_node pid=2181101)[0m 2026-02-08 23:19:58,104 INFO dara.search.tree Overfitting detected for ['TiO2_121632', 'Er3TlC_76824', 'Y2Ga5.422Cu2.218_184434', 'In_1538014', 'V3B2_107318']
[36m(_remote_expand_node pid=2181101)[0m 2026-02-08 23:19:58,104 INFO dara.search.tree Rpb improvement: 0.1700000000000017, lattice strain: -0.01231708433322593
[36m(_remote_expand_node pid=2182807)[0m 2026-02-08 23:20:03,840 INFO dara.search.tree Overfitting detected for ['TiO2_121632', 'Y2Ga5.422Cu2.218_184434', 'MnO3_173646', 'Ca3N2_419865', 'In_1538014']
[36m(_remote_expand_node pid=2182807)[0m 2026-02-08 23:20:03,840 INFO dara.search.tree Rpb improvement: -0.39000000000000057, lattice strain: -0.008752430886550764
[36m(_remote_expand_node pid=2181170)[0m 2026-02-08 23:20:01,346 INFO dara.search.tree Race condition avoided: ['TiO2_121632', 'Y2Ga5.422Cu2.218_184434', 'MnO3_173646', 'MnO2_1514110', 'MnF2_14142'] is already being processed by another worker.[32m [repeated 7x across cluster][0m
[36m(_remote_expand_node pid=2181170)[0m 2026-02-08 23:20:04,667 INFO dara.search.tree Expanding node 1102176c-0576-11f1-8a7d-6805cae19192 with current phases ['TiO2_121632', 'Y2Ga5.422Cu2.218_184434', 'MnO3_173646', 'In_1538014'], Rwp = 49.89[32m [repeated 2x across cluster][0m
[36m(_remote_expand_node pid=2183157)[0m 2026-02-08 23:20:06,882 INFO dara.search.tree Overfitting detected for ['TiO2_121632', 'Er3TlC_76824', 'Y2Ga5.422Cu2.218_184434', 'Ca3N2_419865', 'V3B2_107318']
[36m(_remote_expand_node pid=2183157)[0m 2026-02-08 23:20:06,882 INFO dara.search.tree Rpb improvement: 2.4399999999999977, lattice strain: -0.008046177050701977
[36m(_remote_expand_node pid=2184079)[0m 2026-02-08 23:20:08,712 INFO dara.search.tree Race condition avoided: ['TiO2_121632', 'Y2Ga5.422Cu2.218_184434', 'MnO2_1514110', 'Cs3CeF6_15793', 'Er3TlC_76824'] is already being processed by another worker.[32m [repeated 26x across cluster][0m
[36m(_remote_expand_node pid=2184643)[0m 2026-02-08 23:20:18,370 INFO dara.search.tree Expanding node 166fd612-0576-11f1-9e42-6805cae19192 with current phases ['TiO2_121632', 'Y2Ga5.422Cu2.218_184434', 'MnO2_1514110', 'In_1538014'], Rwp = 48.52[32m [repeated 4x across cluster][0m
[36m(_remote_expand_node pid=2184079)[0m 2026-02-08 23:20:24,922 INFO dara.search.tree Overfitting detected for ['TiO2_121632', 'Y2Ga5.422Cu2.218_184434', 'MnO2_1514110', 'Cs3CeF6_15793', 'Sr6(CoO3)5_81312']
[36m(_remote_expand_node pid=2184079)[0m 2026-02-08 23:20:24,922 INFO dara.search.tree Rpb improvement: 17.189999999999998, lattice strain: -0.010044718080034898
[36m(_remote_expand_node pid=2184643)[0m 2026-02-08 23:20:21,662 INFO dara.search.tree Race condition avoided: ['TiO2_121632', 'Y2Ga5.422Cu2.218_184434', 'MnO2_1514110', 'In_1538014', 'Er3TlC_76824'] is already being processed by another worker.[32m [repeated 6x across cluster][0m
[36m(_remote_expand_node pid=2183294)[0m 2026-02-08 23:20:18,386 INFO dara.search.tree Expanding node 21230340-0576-11f1-a429-6805cae19192 with current phases ['TiO2_121632', 'MnF2_14142', 'Cs3CeF6_15793', 'NaNO3_1011029'], Rwp = 36.58
[36m(_remote_expand_node pid=2182807)[0m 2026-02-08 23:20:28,692 INFO dara.search.tree Expanding node 21244886-0576-11f1-a429-6805cae19192 with current phases ['TiO2_121632', 'MnF2_14142', 'Cs3CeF6_15793', 'Lu2Ni12P7_642456'], Rwp = 46.8
[36m(_remote_expand_node pid=2184643)[0m 2026-02-08 23:20:33,497 INFO dara.search.tree Overfitting detected for ['TiO2_121632', 'Y2Ga5.422Cu2.218_184434', 'MnO2_1514110', 'In_1538014', 'Sr6(CoO3)5_81312']
[36m(_remote_expand_node pid=2184643)[0m 2026-02-08 23:20:33,497 INFO dara.search.tree Rpb improvement: 8.75, lattice strain: 0.0028778168971008364
[36m(_remote_expand_node pid=2184793)[0m 2026-02-08 23:20:34,044 INFO dara.search.tree Race condition avoided: ['TiO2_121632', 'MnF2_14142', 'Cs3CeF6_15793', 'Ca3N2_419865', 'Sr6(CoO3)5_81312'] is already being processed by another worker.
[36m(_remote_expand_node pid=2184793)[0m 2026-02-08 23:20:34,045 INFO dara.search.tree Race condition avoided: ['TiO2_121632', 'MnF2_14142', 'Cs3CeF6_15793', 'Ca3N2_419865', 'MnO3_173646'] is already being processed by another worker.
[36m(_remote_expand_node pid=2184793)[0m 2026-02-08 23:20:34,046 INFO dara.search.tree Race condition avoided: ['TiO2_121632', 'MnF2_14142', 'Cs3CeF6_15793', 'Ca3N2_419865', 'NaNO3_1011029'] is already being processed by another worker.
[36m(_remote_expand_node pid=2184793)[0m 2026-02-08 23:20:33,967 INFO dara.search.tree Expanding node 2124fe8e-0576-11f1-a429-6805cae19192 with current phases ['TiO2_121632', 'MnF2_14142', 'Cs3CeF6_15793', 'Ca3N2_419865'], Rwp = 47.84
[36m(_remote_expand_node pid=2178218)[0m 2026-02-08 23:20:36,925 INFO dara.search.tree Expanding node 2125d3ae-0576-11f1-a429-6805cae19192 with current phases ['TiO2_121632', 'MnF2_14142', 'Cs3CeF6_15793', 'In_1538014'], Rwp = 47.73
[36m(_remote_expand_node pid=2184793)[0m 2026-02-08 23:20:40,969 INFO dara.search.tree Overfitting detected for ['TiO2_121632', 'MnF2_14142', 'Cs3CeF6_15793', 'Ca3N2_419865', 'Y2Ga5.422Cu2.218_184434']
[36m(_remote_expand_node pid=2184793)[0m 2026-02-08 23:20:40,969 INFO dara.search.tree Rpb improvement: 0.8099999999999881, lattice strain: -0.01601840562146749
[36m(_remote_expand_node pid=2178218)[0m 2026-02-08 23:20:41,499 INFO dara.search.tree Race condition avoided: ['TiO2_121632', 'MnF2_14142', 'Cs3CeF6_15793', 'In_1538014', 'MnO3_173646'] is already being processed by another worker.
[36m(_remote_expand_node pid=2178218)[0m 2026-02-08 23:20:41,500 INFO dara.search.tree Race condition avoided: ['TiO2_121632', 'MnF2_14142', 'Cs3CeF6_15793', 'In_1538014', 'NaNO3_1011029'] is already being processed by another worker.
[36m(_remote_expand_node pid=2178218)[0m 2026-02-08 23:20:41,501 INFO dara.search.tree Race condition avoided: ['TiO2_121632', 'MnF2_14142', 'Cs3CeF6_15793', 'In_1538014', 'Sr6(CoO3)5_81312'] is already being processed by another worker.
[36m(_remote_expand_node pid=2178218)[0m 2026-02-08 23:20:41,505 INFO dara.search.tree Race condition avoided: ['TiO2_121632', 'MnF2_14142', 'Cs3CeF6_15793', 'In_1538014', 'Ca3N2_419865'] is already being processed by another worker.
[36m(_remote_expand_node pid=2185135)[0m 2026-02-08 23:20:41,477 INFO dara.search.tree Expanding node 2508285a-0576-11f1-812f-6805cae19192 with current phases ['TiO2_121632', 'MnF2_14142', 'NaNO3_1011029', 'V3B2_107318'], Rwp = 39.43
[36m(_remote_expand_node pid=2178218)[0m 2026-02-08 23:20:50,744 INFO dara.search.tree Overfitting detected for ['TiO2_121632', 'MnF2_14142', 'Cs3CeF6_15793', 'In_1538014', 'V3B2_107318']
[36m(_remote_expand_node pid=2178218)[0m 2026-02-08 23:20:50,744 INFO dara.search.tree Rpb improvement: 1.759999999999991, lattice strain: -0.011081740622745218
[36m(_remote_expand_node pid=2185135)[0m 2026-02-08 23:20:41,521 INFO dara.search.tree Race condition avoided: ['TiO2_121632', 'MnF2_14142', 'NaNO3_1011029', 'V3B2_107318', 'Cs3CeF6_15793'] is already being processed by another worker.[32m [repeated 3x across cluster][0m
[36m(_remote_expand_node pid=2178218)[0m 2026-02-08 23:20:50,820 INFO dara.search.tree Expanding node 29bc9e12-0576-11f1-a2c3-6805cae19192 with current phases ['TiO2_121632', 'MnF2_14142', 'In_1538014', 'MnO2_1514110'], Rwp = 47.41
[36m(_remote_expand_node pid=2182807)[0m 2026-02-08 23:20:50,822 INFO dara.search.tree Overfitting detected for ['TiO2_121632', 'MnF2_14142', 'Cs3CeF6_15793', 'Lu2Ni12P7_642456', 'NaNO3_1011029']
[36m(_remote_expand_node pid=2182807)[0m 2026-02-08 23:20:50,822 INFO dara.search.tree Rpb improvement: 20.230000000000004, lattice strain: 0.0041374184888551095
[36m(_remote_expand_node pid=2183294)[0m 2026-02-08 23:20:51,343 INFO dara.search.tree Race condition avoided: ['NaNO3_1011029', 'Sr6(CoO3)5_81312', 'Cs3CeF6_15793', 'MnO3_173646', 'TiO2_121632'] is already being processed by another worker.[32m [repeated 4x across cluster][0m
[36m(_remote_expand_node pid=2184793)[0m 2026-02-08 23:21:01,032 INFO dara.search.tree Expanding node 2acea84a-0576-11f1-b0ae-6805cae19192 with current phases ['NaNO3_1011029', 'Sr6(CoO3)5_81312', 'Cs3CeF6_15793', 'MnO2_1514110'], Rwp = 38.94[32m [repeated 2x across cluster][0m
[36m(_remote_expand_node pid=2185135)[0m 2026-02-08 23:21:01,143 INFO dara.search.tree Overfitting detected for ['TiO2_121632', 'MnF2_14142', 'NaNO3_1011029', 'V3B2_107318', 'Sr6(CoO3)5_81312']
[36m(_remote_expand_node pid=2185135)[0m 2026-02-08 23:21:01,143 INFO dara.search.tree Rpb improvement: 6.079999999999998, lattice strain: 0.006841041645552953
[36m(_remote_expand_node pid=2185135)[0m 2026-02-08 23:21:12,991 INFO dara.search.tree Race condition avoided: ['NaNO3_1011029', 'Sr6(CoO3)5_81312', 'Cs3CeF6_15793', 'In_1538014', 'TiO2_121632'] is already being processed by another worker.[32m [repeated 5x across cluster][0m
[36m(_remote_expand_node pid=2185135)[0m 2026-02-08 23:21:01,204 INFO dara.search.tree Expanding node 2ad044f2-0576-11f1-b0ae-6805cae19192 with current phases ['NaNO3_1011029', 'Sr6(CoO3)5_81312', 'Cs3CeF6_15793', 'In_1538014'], Rwp = 39.38
[36m(_remote_expand_node pid=2185851)[0m 2026-02-08 23:21:14,901 INFO dara.search.tree Expanding node 324de6f8-0576-11f1-a2c3-6805cae19192 with current phases ['NaNO3_1011029', 'Sr6(CoO3)5_81312', 'MnO2_1514110', 'MnO3_173646'], Rwp = 43.53
[36m(_remote_expand_node pid=2183863)[0m 2026-02-08 23:21:18,843 INFO dara.search.tree Race condition avoided: ['NaNO3_1011029', 'MnO3_173646', 'Ba5V3O12F_18957', 'Sr6(CoO3)5_81312', 'MnO2_1514110'] is already being processed by another worker.[32m [repeated 4x across cluster][0m
[36m(_remote_expand_node pid=2184793)[0m 2026-02-08 23:21:37,280 INFO dara.search.tree Overfitting detected for ['NaNO3_1011029', 'MnO3_173646', 'Ba5V3O12F_18957', 'Cs3CeF6_15793', 'MnO2_1514110']
[36m(_remote_expand_node pid=2184793)[0m 2026-02-08 23:21:37,280 INFO dara.search.tree Rpb improvement: 1.0399999999999991, lattice strain: 0.011163182346109066
[36m(_remote_expand_node pid=2184793)[0m 2026-02-08 23:21:18,804 INFO dara.search.tree Expanding node 33929040-0576-11f1-be70-6805cae19192 with current phases ['NaNO3_1011029', 'MnO3_173646', 'Ba5V3O12F_18957', 'Cs3CeF6_15793'], Rwp = 39.03[32m [repeated 2x across cluster][0m
[36m(_remote_expand_node pid=2184793)[0m 2026-02-08 23:21:18,859 INFO dara.search.tree Race condition avoided: ['NaNO3_1011029', 'MnO3_173646', 'Ba5V3O12F_18957', 'Cs3CeF6_15793', 'TiO2_121632'] is already being processed by another worker.[32m [repeated 2x across cluster][0m
[36m(_remote_expand_node pid=2183863)[0m 2026-02-08 23:21:43,001 INFO dara.search.tree Overfitting detected for ['NaNO3_1011029', 'MnO3_173646', 'Ba5V3O12F_18957', 'Sr6(CoO3)5_81312', 'Er3TlC_76824']
[36m(_remote_expand_node pid=2183863)[0m 2026-02-08 23:21:43,001 INFO dara.search.tree Rpb improvement: 6.850000000000001, lattice strain: 0.012877846790890393
[36m(_remote_expand_node pid=2186154)[0m 2026-02-08 23:21:38,694 INFO dara.search.tree Expanding node 3393b57e-0576-11f1-be70-6805cae19192 with current phases ['NaNO3_1011029', 'MnO3_173646', 'Ba5V3O12F_18957', 'V3B2_107318'], Rwp = 44.27
[36m(_remote_expand_node pid=2186154)[0m 2026-02-08 23:21:39,885 INFO dara.search.tree Race condition avoided: ['NaNO3_1011029', 'MnO3_173646', 'Ba5V3O12F_18957', 'V3B2_107318', 'TiO2_121632'] is already being processed by another worker.[32m [repeated 3x across cluster][0m
[36m(_remote_expand_node pid=2185851)[0m 2026-02-08 23:21:47,316 INFO dara.search.tree Overfitting detected for ['NaNO3_1011029', 'Sr6(CoO3)5_81312', 'MnO2_1514110', 'MnO3_173646', 'V3B2_107318']
[36m(_remote_expand_node pid=2185851)[0m 2026-02-08 23:21:47,316 INFO dara.search.tree Rpb improvement: 2.760000000000005, lattice strain: 0.0016260020737151177
[36m(_remote_expand_node pid=2184960)[0m 2026-02-08 23:21:48,617 INFO dara.search.tree Expanding node 3394428c-0576-11f1-be70-6805cae19192 with current phases ['NaNO3_1011029', 'MnO3_173646', 'Ba5V3O12F_18957', 'Ca3N2_419865'], Rwp = 44.89
[36m(_remote_expand_node pid=2184960)[0m 2026-02-08 23:21:49,537 INFO dara.search.tree Race condition avoided: ['NaNO3_1011029', 'MnO3_173646', 'Ba5V3O12F_18957', 'Ca3N2_419865', 'Sr6(CoO3)5_81312'] is already being processed by another worker.
[36m(_remote_expand_node pid=2184960)[0m 2026-02-08 23:21:49,538 INFO dara.search.tree Race condition avoided: ['NaNO3_1011029', 'MnO3_173646', 'Ba5V3O12F_18957', 'Ca3N2_419865', 'Cs3CeF6_15793'] is already being processed by another worker.
[36m(_remote_expand_node pid=2184960)[0m 2026-02-08 23:21:49,539 INFO dara.search.tree Race condition avoided: ['NaNO3_1011029', 'MnO3_173646', 'Ba5V3O12F_18957', 'Ca3N2_419865', 'V3B2_107318'] is already being processed by another worker.
[36m(_remote_expand_node pid=2184960)[0m 2026-02-08 23:21:49,543 INFO dara.search.tree Race condition avoided: ['NaNO3_1011029', 'MnO3_173646', 'Ba5V3O12F_18957', 'Ca3N2_419865', 'TiO2_121632'] is already being processed by another worker.
[36m(_remote_expand_node pid=2186720)[0m 2026-02-08 23:21:51,310 INFO dara.search.tree Expanding node 33955c44-0576-11f1-be70-6805cae19192 with current phases ['NaNO3_1011029', 'MnO3_173646', 'Ba5V3O12F_18957', 'Er3TlC_76824'], Rwp = 44.36
[36m(_remote_expand_node pid=2186720)[0m 2026-02-08 23:21:54,597 INFO dara.search.tree Race condition avoided: ['NaNO3_1011029', 'MnO3_173646', 'Ba5V3O12F_18957', 'Er3TlC_76824', 'TiO2_121632'] is already being processed by another worker.[32m [repeated 5x across cluster][0m
[36m(_remote_expand_node pid=2184960)[0m 2026-02-08 23:22:00,234 INFO dara.search.tree Overfitting detected for ['NaNO3_1011029', 'MnO3_173646', 'Ba5V3O12F_18957', 'Ca3N2_419865', 'Er3TlC_76824']
[36m(_remote_expand_node pid=2184960)[0m 2026-02-08 23:22:00,234 INFO dara.search.tree Rpb improvement: 11.659999999999997, lattice strain: 0.01296066252588001
[36m(_remote_expand_node pid=2186571)[0m 2026-02-08 23:22:02,682 INFO dara.search.tree Expanding node 3395ef2e-0576-11f1-be70-6805cae19192 with current phases ['NaNO3_1011029', 'MnO3_173646', 'Ba5V3O12F_18957', 'Y2Ga5.422Cu2.218_184434'], Rwp = 44.32
[36m(_remote_expand_node pid=2184960)[0m 2026-02-08 23:22:04,841 INFO dara.search.tree Race condition avoided: ['NaNO3_1011029', 'MnO3_173646', 'Sr6(CoO3)5_81312', 'V3B2_107318', 'Ba5V3O12F_18957'] is already being processed by another worker.
[36m(_remote_expand_node pid=2184960)[0m 2026-02-08 23:22:04,842 INFO dara.search.tree Race condition avoided: ['NaNO3_1011029', 'MnO3_173646', 'Sr6(CoO3)5_81312', 'V3B2_107318', 'Cs3CeF6_15793'] is already being processed by another worker.
[36m(_remote_expand_node pid=2184960)[0m 2026-02-08 23:22:04,844 INFO dara.search.tree Race condition avoided: ['NaNO3_1011029', 'MnO3_173646', 'Sr6(CoO3)5_81312', 'V3B2_107318', 'TiO2_121632'] is already being processed by another worker.
[36m(_remote_expand_node pid=2184960)[0m 2026-02-08 23:22:04,847 INFO dara.search.tree Race condition avoided: ['NaNO3_1011029', 'MnO3_173646', 'Sr6(CoO3)5_81312', 'V3B2_107318', 'MnO2_1514110'] is already being processed by another worker.
[36m(_remote_expand_node pid=2186154)[0m 2026-02-08 23:22:00,266 INFO dara.search.tree Overfitting detected for ['NaNO3_1011029', 'MnO3_173646', 'Ba5V3O12F_18957', 'V3B2_107318', 'Y2Ga5.422Cu2.218_184434']
[36m(_remote_expand_node pid=2186154)[0m 2026-02-08 23:22:00,266 INFO dara.search.tree Rpb improvement: 1.259999999999991, lattice strain: 0.013293223065596882
[36m(_remote_expand_node pid=2185135)[0m 2026-02-08 23:22:06,172 INFO dara.search.tree Overfitting detected for ['NaNO3_1011029', 'Sr6(CoO3)5_81312', 'Cs3CeF6_15793', 'In_1538014', 'V3B2_107318']
[36m(_remote_expand_node pid=2185135)[0m 2026-02-08 23:22:06,172 INFO dara.search.tree Rpb improvement: 1.740000000000002, lattice strain: 0.002204206298840847
[36m(_remote_expand_node pid=2187286)[0m 2026-02-08 23:22:08,408 INFO dara.search.tree Expanding node 376a8b3c-0576-11f1-9e42-6805cae19192 with current phases ['Cs3CeF6_15793', 'NaNO3_1011029', 'MnF2_14142'], Rwp = 38.24[32m [repeated 2x across cluster][0m
[36m(_remote_expand_node pid=2187286)[0m 2026-02-08 23:22:08,743 INFO dara.search.tree Race condition avoided: ['Cs3CeF6_15793', 'NaNO3_1011029', 'MnF2_14142', 'TiO2_121632'] is already being processed by another worker.[32m [repeated 8x across cluster][0m
[36m(_remote_expand_node pid=2184960)[0m 2026-02-08 23:22:18,975 INFO dara.search.tree Overfitting detected for ['NaNO3_1011029', 'MnO3_173646', 'Sr6(CoO3)5_81312', 'V3B2_107318', 'Ca3N2_419865'][32m [repeated 2x across cluster][0m
[36m(_remote_expand_node pid=2184960)[0m 2026-02-08 23:22:18,975 INFO dara.search.tree Rpb improvement: 2.760000000000005, lattice strain: -0.0015564166984950295[32m [repeated 2x across cluster][0m
[36m(_remote_expand_node pid=2186792)[0m 2026-02-08 23:22:10,997 INFO dara.search.tree Expanding node 37a2108e-0576-11f1-ba41-6805cae19192 with current phases ['Cs3CeF6_15793', 'MnO3_173646', 'Sr6(CoO3)5_81312'], Rwp = 49.82
[36m(_remote_expand_node pid=2186792)[0m 2026-02-08 23:22:18,900 INFO dara.search.tree Race condition avoided: ['Cs3CeF6_15793', 'MnO3_173646', 'Sr6(CoO3)5_81312', 'NaNO3_1011029'] is already being processed by another worker.
[36m(_remote_expand_node pid=2187781)[0m 2026-02-08 23:22:22,502 INFO dara.search.tree Expanding node 37a47630-0576-11f1-ba41-6805cae19192 with current phases ['Cs3CeF6_15793', 'MnO3_173646', 'Er3TlC_76824'], Rwp = 49.72
[36m(_remote_expand_node pid=2187781)[0m 2026-02-08 23:22:25,310 INFO dara.search.tree Race condition avoided: ['Cs3CeF6_15793', 'MnO3_173646', 'Er3TlC_76824', 'TiO2_121632'] is already being processed by another worker.[32m [repeated 2x across cluster][0m
[36m(_remote_expand_node pid=2183294)[0m 2026-02-08 23:22:26,753 INFO dara.search.tree Expanding node 37a4ee62-0576-11f1-ba41-6805cae19192 with current phases ['Cs3CeF6_15793', 'MnO3_173646', 'MnO2_1514110'], Rwp = 49.69
[36m(_remote_expand_node pid=2183294)[0m 2026-02-08 23:22:30,942 INFO dara.search.tree Race condition avoided: ['Cs3CeF6_15793', 'MnO3_173646', 'MnO2_1514110', 'TiO2_121632'] is already being processed by another worker.[32m [repeated 3x across cluster][0m
[36m(_remote_expand_node pid=2187285)[0m 2026-02-08 23:22:31,285 INFO dara.search.tree Expanding node 37a56b3a-0576-11f1-ba41-6805cae19192 with current phases ['Cs3CeF6_15793', 'MnO3_173646', 'MnF2_14142'], Rwp = 47.51
[36m(_remote_expand_node pid=2186792)[0m 2026-02-08 23:22:36,803 INFO dara.search.tree Race condition avoided: ['Cs3CeF6_15793', 'MnO2_1514110', 'Er3TlC_76824', 'TiO2_121632'] is already being processed by another worker.[32m [repeated 5x across cluster][0m
[36m(_remote_expand_node pid=2186792)[0m 2026-02-08 23:22:35,645 INFO dara.search.tree Expanding node 3ad4b3ec-0576-11f1-8e9a-6805cae19192 with current phases ['Cs3CeF6_15793', 'MnO2_1514110', 'Er3TlC_76824'], Rwp = 49.84
[36m(_remote_expand_node pid=2187286)[0m 2026-02-08 23:22:42,106 INFO dara.search.tree Expanding node 3ad52a66-0576-11f1-8e9a-6805cae19192 with current phases ['Cs3CeF6_15793', 'MnO2_1514110', 'In_1538014'], Rwp = 50.45
[36m(_remote_expand_node pid=2186571)[0m 2026-02-08 23:22:43,894 INFO dara.search.tree Overfitting detected for ['NaNO3_1011029', 'MnO3_173646', 'Ba5V3O12F_18957', 'Y2Ga5.422Cu2.218_184434', 'MnF2_14142']
[36m(_remote_expand_node pid=2186571)[0m 2026-02-08 23:22:43,894 INFO dara.search.tree Rpb improvement: 21.230000000000004, lattice strain: 0.03622775618652394
[36m(_remote_expand_node pid=2187286)[0m 2026-02-08 23:22:43,855 INFO dara.search.tree Race condition avoided: ['Cs3CeF6_15793', 'MnO2_1514110', 'In_1538014', 'MnO3_173646'] is already being processed by another worker.
[36m(_remote_expand_node pid=2187286)[0m 2026-02-08 23:22:43,864 INFO dara.search.tree Race condition avoided: ['Cs3CeF6_15793', 'MnO2_1514110', 'In_1538014', 'Er3TlC_76824'] is already being processed by another worker.
[36m(_remote_expand_node pid=2187286)[0m 2026-02-08 23:22:43,865 INFO dara.search.tree Race condition avoided: ['Cs3CeF6_15793', 'MnO2_1514110', 'In_1538014', 'TiO2_121632'] is already being processed by another worker.
[36m(_remote_expand_node pid=2186571)[0m 2026-02-08 23:22:53,651 INFO dara.search.tree Expanding node 418b941c-0576-11f1-8648-6805cae19192 with current phases ['Cs3CeF6_15793', 'MnF2_14142', 'Sr6(CoO3)5_81312'], Rwp = 47.56[32m [repeated 3x across cluster][0m
[36m(_remote_expand_node pid=2186792)[0m 2026-02-08 23:22:45,561 INFO dara.search.tree Overfitting detected for ['Cs3CeF6_15793', 'MnO2_1514110', 'Er3TlC_76824', 'NaNO3_1011029']
[36m(_remote_expand_node pid=2186792)[0m 2026-02-08 23:22:45,561 INFO dara.search.tree Rpb improvement: 20.29, lattice strain: 0.0037306844319170856
[36m(_remote_expand_node pid=2188033)[0m 2026-02-08 23:22:45,460 INFO dara.search.tree Race condition avoided: ['Cs3CeF6_15793', 'Er3TlC_76824', 'Ca3N2_419865', 'MnO2_1514110'] is already being processed by another worker.[32m [repeated 2x across cluster][0m
[36m(_remote_expand_node pid=2188033)[0m 2026-02-08 23:22:56,533 INFO dara.search.tree Overfitting detected for ['Cs3CeF6_15793', 'Er3TlC_76824', 'Ca3N2_419865', 'Sr6(CoO3)5_81312']
[36m(_remote_expand_node pid=2188033)[0m 2026-02-08 23:22:56,533 INFO dara.search.tree Rpb improvement: 2.0700000000000074, lattice strain: 0.00107009056079967
[36m(_remote_expand_node pid=2186792)[0m 2026-02-08 23:23:01,373 INFO dara.search.tree Expanding node 418d20f2-0576-11f1-8648-6805cae19192 with current phases ['Cs3CeF6_15793', 'MnF2_14142', 'Ca3N2_419865'], Rwp = 48.29
[36m(_remote_expand_node pid=2188366)[0m 2026-02-08 23:22:56,431 INFO dara.search.tree Race condition avoided: ['Cs3CeF6_15793', 'Er3TlC_76824', 'Sr6(CoO3)5_81312', 'TiO2_121632'] is already being processed by another worker.[32m [repeated 5x across cluster][0m
[36m(_remote_expand_node pid=2187286)[0m 2026-02-08 23:23:04,398 INFO dara.search.tree Overfitting detected for ['Cs3CeF6_15793', 'MnO2_1514110', 'In_1538014', 'Sr6(CoO3)5_81312']
[36m(_remote_expand_node pid=2187286)[0m 2026-02-08 23:23:04,398 INFO dara.search.tree Rpb improvement: 8.829999999999998, lattice strain: 0.012958708793500591
[36m(_remote_expand_node pid=2186720)[0m 2026-02-08 23:23:05,679 INFO dara.search.tree Expanding node 418d9ec4-0576-11f1-8648-6805cae19192 with current phases ['Cs3CeF6_15793', 'MnF2_14142', 'MnO2_1514110'], Rwp = 47.55
[36m(_remote_expand_node pid=2186792)[0m 2026-02-08 23:23:02,656 INFO dara.search.tree Race condition avoided: ['Cs3CeF6_15793', 'MnF2_14142', 'Ca3N2_419865', 'TiO2_121632'] is already being processed by another worker.[32m [repeated 7x across cluster][0m
[36m(_remote_expand_node pid=2188366)[0m 2026-02-08 23:23:07,229 INFO dara.search.tree Overfitting detected for ['Cs3CeF6_15793', 'Er3TlC_76824', 'Sr6(CoO3)5_81312', 'MnF2_14142']
[36m(_remote_expand_node pid=2188366)[0m 2026-02-08 23:23:07,230 INFO dara.search.tree Rpb improvement: 9.939999999999998, lattice strain: -0.0006292663575053423
[36m(_remote_expand_node pid=2188214)[0m 2026-02-08 23:23:16,546 INFO dara.search.tree Expanding node 418e8ff0-0576-11f1-8648-6805cae19192 with current phases ['Cs3CeF6_15793', 'MnF2_14142', 'In_1538014'], Rwp = 48.11[32m [repeated 2x across cluster][0m
[36m(_remote_expand_node pid=2188214)[0m 2026-02-08 23:23:16,603 INFO dara.search.tree Race condition avoided: ['Cs3CeF6_15793', 'MnF2_14142', 'In_1538014', 'Lu2Ni12P7_642456'] is already being processed by another worker.[32m [repeated 16x across cluster][0m
[36m(_remote_expand_node pid=2188530)[0m 2026-02-08 23:23:23,489 INFO dara.search.tree Overfitting detected for ['Cs3CeF6_15793', 'MnF2_14142', 'Lu2Ni12P7_642456', 'NaNO3_1011029']
[36m(_remote_expand_node pid=2188530)[0m 2026-02-08 23:23:23,489 INFO dara.search.tree Rpb improvement: 16.260000000000005, lattice strain: 0.0034829701184808776
[36m(_remote_expand_node pid=2189085)[0m 2026-02-08 23:23:19,633 INFO dara.search.tree Expanding node 419186c4-0576-11f1-bac7-6805cae19192 with current phases ['NaNO3_1011029', 'TiO2_121632', 'Cs3CeF6_15793', 'Ca3N2_419865'], Rwp = 37.71
[36m(_remote_expand_node pid=2189085)[0m 2026-02-08 23:23:20,335 INFO dara.search.tree Race condition avoided: ['NaNO3_1011029', 'TiO2_121632', 'Cs3CeF6_15793', 'Ca3N2_419865', 'MnF2_14142'] is already being processed by another worker.[32m [repeated 3x across cluster][0m
[36m(_remote_expand_node pid=2186571)[0m 2026-02-08 23:23:27,271 INFO dara.search.tree Expanding node 4595c690-0576-11f1-b0ae-6805cae19192 with current phases ['NaNO3_1011029', 'Y2Ga5.422Cu2.218_184434', 'Sr6(CoO3)5_81312', 'MnO3_173646'], Rwp = 43.54
[36m(_remote_expand_node pid=2188214)[0m 2026-02-08 23:23:29,602 INFO dara.search.tree Overfitting detected for ['Cs3CeF6_15793', 'MnF2_14142', 'In_1538014', 'V3B2_107318']
[36m(_remote_expand_node pid=2188214)[0m 2026-02-08 23:23:29,602 INFO dara.search.tree Rpb improvement: -0.39000000000000057, lattice strain: -0.00932272567111814
[36m(_remote_expand_node pid=2186571)[0m 2026-02-08 23:23:30,003 INFO dara.search.tree Race condition avoided: ['NaNO3_1011029', 'Y2Ga5.422Cu2.218_184434', 'Sr6(CoO3)5_81312', 'MnO3_173646', 'Ba5V3O12F_18957'] is already being processed by another worker.
[36m(_remote_expand_node pid=2186571)[0m 2026-02-08 23:23:30,004 INFO dara.search.tree Race condition avoided: ['NaNO3_1011029', 'Y2Ga5.422Cu2.218_184434', 'Sr6(CoO3)5_81312', 'MnO3_173646', 'Cs3CeF6_15793'] is already being processed by another worker.
[36m(_remote_expand_node pid=2186571)[0m 2026-02-08 23:23:30,006 INFO dara.search.tree Race condition avoided: ['NaNO3_1011029', 'Y2Ga5.422Cu2.218_184434', 'Sr6(CoO3)5_81312', 'MnO3_173646', 'V3B2_107318'] is already being processed by another worker.
[36m(_remote_expand_node pid=2186571)[0m 2026-02-08 23:23:30,010 INFO dara.search.tree Race condition avoided: ['NaNO3_1011029', 'Y2Ga5.422Cu2.218_184434', 'Sr6(CoO3)5_81312', 'MnO3_173646', 'MnO2_1514110'] is already being processed by another worker.
[36m(_remote_expand_node pid=2186571)[0m 2026-02-08 23:23:30,011 INFO dara.search.tree Race condition avoided: ['NaNO3_1011029', 'Y2Ga5.422Cu2.218_184434', 'Sr6(CoO3)5_81312', 'MnO3_173646', 'TiO2_121632'] is already being processed by another worker.
[36m(_remote_expand_node pid=2188214)[0m 2026-02-08 23:23:32,567 INFO dara.search.tree Expanding node 459861ac-0576-11f1-b0ae-6805cae19192 with current phases ['NaNO3_1011029', 'Y2Ga5.422Cu2.218_184434', 'Sr6(CoO3)5_81312', 'MnO2_1514110'], Rwp = 43.47[32m [repeated 2x across cluster][0m
[36m(_remote_expand_node pid=2186792)[0m 2026-02-08 23:23:43,224 INFO dara.search.tree Overfitting detected for ['Cs3CeF6_15793', 'MnF2_14142', 'Ca3N2_419865', 'MnO3_173646']
[36m(_remote_expand_node pid=2186792)[0m 2026-02-08 23:23:43,225 INFO dara.search.tree Rpb improvement: 3.269999999999996, lattice strain: 0.0033706276278153966
[36m(_remote_expand_node pid=2189535)[0m 2026-02-08 23:23:33,370 INFO dara.search.tree Race condition avoided: ['NaNO3_1011029', 'Y2Ga5.422Cu2.218_184434', 'Sr6(CoO3)5_81312', 'Ba5V3O12F_18957', 'MnO2_1514110'] is already being processed by another worker.[32m [repeated 6x across cluster][0m
[36m(_remote_expand_node pid=2186792)[0m 2026-02-08 23:23:43,277 INFO dara.search.tree Expanding node 4fd322d2-0577-11f1-acbc-6805cae19192 with current phases ['Cs3CeF6_15793', 'NaNO3_1011029', 'MnF2_14142', 'Ca3N2_419865'], Rwp = 37.43
[36m(_remote_expand_node pid=2186571)[0m 2026-02-08 23:23:43,276 INFO dara.search.tree Overfitting detected for ['NaNO3_1011029', 'Y2Ga5.422Cu2.218_184434', 'Sr6(CoO3)5_81312', 'MnO3_173646', 'In_1538014']
[36m(_remote_expand_node pid=2186571)[0m 2026-02-08 23:23:43,276 INFO dara.search.tree Rpb improvement: 1.25, lattice strain: -0.0005300034601339836
[36m(_remote_expand_node pid=2189085)[0m 2026-02-08 23:23:50,146 INFO dara.search.tree Race condition avoided: ['Cs3CeF6_15793', 'NaNO3_1011029', 'MnF2_14142', 'In_1538014', 'TiO2_121632'] is already being processed by another worker.[32m [repeated 9x across cluster][0m
[36m(_remote_expand_node pid=2189085)[0m 2026-02-08 23:23:50,099 INFO dara.search.tree Expanding node 4fd6bb86-0577-11f1-acbc-6805cae19192 with current phases ['Cs3CeF6_15793', 'NaNO3_1011029', 'MnF2_14142', 'In_1538014'], Rwp = 37.56[32m [repeated 2x across cluster][0m
[36m(_remote_expand_node pid=2189535)[0m 2026-02-08 23:23:50,471 INFO dara.search.tree Overfitting detected for ['NaNO3_1011029', 'Y2Ga5.422Cu2.218_184434', 'Sr6(CoO3)5_81312', 'Ba5V3O12F_18957', 'Cs3CeF6_15793']
[36m(_remote_expand_node pid=2189535)[0m 2026-02-08 23:23:50,471 INFO dara.search.tree Rpb improvement: 9.880000000000003, lattice strain: 0.009144008056394853
[36m(_remote_expand_node pid=2188366)[0m 2026-02-08 23:23:53,237 INFO dara.search.tree Race condition avoided: ['Cs3CeF6_15793', 'MnO3_173646', 'Sr6(CoO3)5_81312', 'Ba5V3O12F_18957', 'TiO2_121632'] is already being processed by another worker.[32m [repeated 3x across cluster][0m
[36m(_remote_expand_node pid=2188366)[0m 2026-02-08 23:23:53,021 INFO dara.search.tree Expanding node 5506d852-0577-11f1-999d-6805cae19192 with current phases ['Cs3CeF6_15793', 'MnO3_173646', 'Sr6(CoO3)5_81312', 'Ba5V3O12F_18957'], Rwp = 48.06[32m [repeated 2x across cluster][0m
[36m(_remote_expand_node pid=2189085)[0m 2026-02-08 23:23:55,839 INFO dara.search.tree Overfitting detected for ['Cs3CeF6_15793', 'NaNO3_1011029', 'MnF2_14142', 'In_1538014', 'Er3TlC_76824']
[36m(_remote_expand_node pid=2189085)[0m 2026-02-08 23:23:55,839 INFO dara.search.tree Rpb improvement: -0.28000000000000114, lattice strain: 0.016501035196687556
[36m(_remote_expand_node pid=2189914)[0m 2026-02-08 23:24:05,062 INFO dara.search.tree Expanding node 550c820c-0577-11f1-999d-6805cae19192 with current phases ['Cs3CeF6_15793', 'MnO3_173646', 'Sr6(CoO3)5_81312', 'MnO2_1514110'], Rwp = 47.59
[36m(_remote_expand_node pid=2189914)[0m 2026-02-08 23:24:07,880 INFO dara.search.tree Race condition avoided: ['Cs3CeF6_15793', 'MnO3_173646', 'Sr6(CoO3)5_81312', 'MnO2_1514110', 'NaNO3_1011029'] is already being processed by another worker.
[36m(_remote_expand_node pid=2189914)[0m 2026-02-08 23:24:07,882 INFO dara.search.tree Race condition avoided: ['Cs3CeF6_15793', 'MnO3_173646', 'Sr6(CoO3)5_81312', 'MnO2_1514110', 'Ba5V3O12F_18957'] is already being processed by another worker.
[36m(_remote_expand_node pid=2189914)[0m 2026-02-08 23:24:07,885 INFO dara.search.tree Race condition avoided: ['Cs3CeF6_15793', 'MnO3_173646', 'Sr6(CoO3)5_81312', 'MnO2_1514110', 'Lu2Ni12P7_642456'] is already being processed by another worker.
[36m(_remote_expand_node pid=2189914)[0m 2026-02-08 23:24:07,886 INFO dara.search.tree Race condition avoided: ['Cs3CeF6_15793', 'MnO3_173646', 'Sr6(CoO3)5_81312', 'MnO2_1514110', 'TiO2_121632'] is already being processed by another worker.
[36m(_remote_expand_node pid=2188366)[0m 2026-02-08 23:24:07,995 INFO dara.search.tree Overfitting detected for ['Cs3CeF6_15793', 'MnO3_173646', 'Sr6(CoO3)5_81312', 'Ba5V3O12F_18957', 'MnO2_1514110']
[36m(_remote_expand_node pid=2188366)[0m 2026-02-08 23:24:07,995 INFO dara.search.tree Rpb improvement: 1.6300000000000097, lattice strain: 0.0003120050681025039
[36m(_remote_expand_node pid=2188214)[0m 2026-02-08 23:24:14,371 INFO dara.search.tree Expanding node 550d3256-0577-11f1-999d-6805cae19192 with current phases ['Cs3CeF6_15793', 'MnO3_173646', 'Sr6(CoO3)5_81312', 'TiO2_121632'], Rwp = 48.16
[36m(_remote_expand_node pid=2188214)[0m 2026-02-08 23:24:15,384 INFO dara.search.tree Race condition avoided: ['Cs3CeF6_15793', 'MnO3_173646', 'Sr6(CoO3)5_81312', 'TiO2_121632', 'NaNO3_1011029'] is already being processed by another worker.
[36m(_remote_expand_node pid=2188214)[0m 2026-02-08 23:24:15,386 INFO dara.search.tree Race condition avoided: ['Cs3CeF6_15793', 'MnO3_173646', 'Sr6(CoO3)5_81312', 'TiO2_121632', 'Er3TlC_76824'] is already being processed by another worker.
[36m(_remote_expand_node pid=2188214)[0m 2026-02-08 23:24:15,388 INFO dara.search.tree Race condition avoided: ['Cs3CeF6_15793', 'MnO3_173646', 'Sr6(CoO3)5_81312', 'TiO2_121632', 'Lu2Ni12P7_642456'] is already being processed by another worker.
[36m(_remote_expand_node pid=2188214)[0m 2026-02-08 23:24:15,389 INFO dara.search.tree Race condition avoided: ['Cs3CeF6_15793', 'MnO3_173646', 'Sr6(CoO3)5_81312', 'TiO2_121632', 'MnF2_14142'] is already being processed by another worker.
[36m(_remote_expand_node pid=2188214)[0m 2026-02-08 23:24:15,390 INFO dara.search.tree Race condition avoided: ['Cs3CeF6_15793', 'MnO3_173646', 'Sr6(CoO3)5_81312', 'TiO2_121632', 'MnO2_1514110'] is already being processed by another worker.
[36m(_remote_expand_node pid=2188214)[0m 2026-02-08 23:24:15,391 INFO dara.search.tree Race condition avoided: ['Cs3CeF6_15793', 'MnO3_173646', 'Sr6(CoO3)5_81312', 'TiO2_121632', 'Y2Ga5.422Cu2.218_184434'] is already being processed by another worker.
[36m(_remote_expand_node pid=2186571)[0m 2026-02-08 23:24:18,905 INFO dara.search.tree Overfitting detected for ['Cs3CeF6_15793', 'MnO3_173646', 'Sr6(CoO3)5_81312', 'Lu2Ni12P7_642456', 'NaNO3_1011029']
[36m(_remote_expand_node pid=2186571)[0m 2026-02-08 23:24:18,905 INFO dara.search.tree Rpb improvement: 18.15, lattice strain: 0.0035287623346473428
[36m(_remote_expand_node pid=2189363)[0m 2026-02-08 23:24:20,696 INFO dara.search.tree Expanding node 550ed16a-0577-11f1-999d-6805cae19192 with current phases ['Cs3CeF6_15793', 'MnO3_173646', 'Sr6(CoO3)5_81312', 'MnF2_14142'], Rwp = 46.45
[36m(_remote_expand_node pid=2189363)[0m 2026-02-08 23:24:23,297 INFO dara.search.tree Race condition avoided: ['Cs3CeF6_15793', 'MnO3_173646', 'Sr6(CoO3)5_81312', 'MnF2_14142', 'NaNO3_1011029'] is already being processed by another worker.
[36m(_remote_expand_node pid=2189363)[0m 2026-02-08 23:24:23,303 INFO dara.search.tree Race condition avoided: ['Cs3CeF6_15793', 'MnO3_173646', 'Sr6(CoO3)5_81312', 'MnF2_14142', 'MnO2_1514110'] is already being processed by another worker.
[36m(_remote_expand_node pid=2189363)[0m 2026-02-08 23:24:23,304 INFO dara.search.tree Race condition avoided: ['Cs3CeF6_15793', 'MnO3_173646', 'Sr6(CoO3)5_81312', 'MnF2_14142', 'TiO2_121632'] is already being processed by another worker.
[36m(_remote_expand_node pid=2188214)[0m 2026-02-08 23:24:30,139 INFO dara.search.tree Expanding node 5623076a-0577-11f1-a885-6805cae19192 with current phases ['Cs3CeF6_15793', 'MnO3_173646', 'Er3TlC_76824', 'NaNO3_1011029'], Rwp = 39.24
[36m(_remote_expand_node pid=2188214)[0m 2026-02-08 23:24:30,257 INFO dara.search.tree Race condition avoided: ['Cs3CeF6_15793', 'MnO3_173646', 'Er3TlC_76824', 'NaNO3_1011029', 'Sr6(CoO3)5_81312'] is already being processed by another worker.
[36m(_remote_expand_node pid=2188214)[0m 2026-02-08 23:24:30,265 INFO dara.search.tree Race condition avoided: ['Cs3CeF6_15793', 'MnO3_173646', 'Er3TlC_76824', 'NaNO3_1011029', 'TiO2_121632'] is already being processed by another worker.
[36m(_remote_expand_node pid=2188214)[0m 2026-02-08 23:24:30,266 INFO dara.search.tree Race condition avoided: ['Cs3CeF6_15793', 'MnO3_173646', 'Er3TlC_76824', 'NaNO3_1011029', 'MnF2_14142'] is already being processed by another worker.
[36m(_remote_expand_node pid=2189363)[0m 2026-02-08 23:24:35,420 INFO dara.search.tree Overfitting detected for ['Cs3CeF6_15793', 'MnO3_173646', 'Sr6(CoO3)5_81312', 'MnF2_14142', 'In_1538014']
[36m(_remote_expand_node pid=2189363)[0m 2026-02-08 23:24:35,420 INFO dara.search.tree Rpb improvement: 3.0, lattice strain: -0.014097521223855587
[36m(_remote_expand_node pid=2190900)[0m 2026-02-08 23:24:30,263 INFO dara.search.tree Expanding node 5624f6f6-0577-11f1-a885-6805cae19192 with current phases ['Cs3CeF6_15793', 'MnO3_173646', 'Er3TlC_76824', 'MnO2_1514110'], Rwp = 48.37
[36m(_remote_expand_node pid=2190578)[0m 2026-02-08 23:24:35,576 INFO dara.search.tree Expanding node 562570e0-0577-11f1-a885-6805cae19192 with current phases ['Cs3CeF6_15793', 'MnO3_173646', 'Er3TlC_76824', 'In_1538014'], Rwp = 49.18
[36m(_remote_expand_node pid=2190578)[0m 2026-02-08 23:24:35,634 INFO dara.search.tree Race condition avoided: ['Cs3CeF6_15793', 'MnO3_173646', 'Er3TlC_76824', 'In_1538014', 'NaNO3_1011029'] is already being processed by another worker.
[36m(_remote_expand_node pid=2190578)[0m 2026-02-08 23:24:35,638 INFO dara.search.tree Race condition avoided: ['Cs3CeF6_15793', 'MnO3_173646', 'Er3TlC_76824', 'In_1538014', 'MnO2_1514110'] is already being processed by another worker.
[36m(_remote_expand_node pid=2190578)[0m 2026-02-08 23:24:35,639 INFO dara.search.tree Race condition avoided: ['Cs3CeF6_15793', 'MnO3_173646', 'Er3TlC_76824', 'In_1538014', 'TiO2_121632'] is already being processed by another worker.
[36m(_remote_expand_node pid=2188214)[0m 2026-02-08 23:24:40,648 INFO dara.search.tree Overfitting detected for ['Cs3CeF6_15793', 'MnO3_173646', 'Er3TlC_76824', 'NaNO3_1011029', 'MnO2_1514110']
[36m(_remote_expand_node pid=2188214)[0m 2026-02-08 23:24:40,648 INFO dara.search.tree Rpb improvement: 2.190000000000005, lattice strain: 0.010416270721148637
[36m(_remote_expand_node pid=2189363)[0m 2026-02-08 23:24:41,294 INFO dara.search.tree Expanding node 5a56440a-0577-11f1-8162-6805cae19192 with current phases ['Cs3CeF6_15793', 'MnO3_173646', 'MnF2_14142', 'In_1538014'], Rwp = 46.62
[36m(_remote_expand_node pid=2190900)[0m 2026-02-08 23:24:35,607 INFO dara.search.tree Race condition avoided: ['Cs3CeF6_15793', 'MnO3_173646', 'Er3TlC_76824', 'MnO2_1514110', 'TiO2_121632'] is already being processed by another worker.[32m [repeated 3x across cluster][0m
[36m(_remote_expand_node pid=2190900)[0m 2026-02-08 23:24:47,126 INFO dara.search.tree Overfitting detected for ['Cs3CeF6_15793', 'MnO3_173646', 'Er3TlC_76824', 'MnO2_1514110', 'MnF2_14142']
[36m(_remote_expand_node pid=2190900)[0m 2026-02-08 23:24:47,126 INFO dara.search.tree Rpb improvement: 7.3999999999999915, lattice strain: 0.01226191555204518
[36m(_remote_expand_node pid=2189363)[0m 2026-02-08 23:24:41,707 INFO dara.search.tree Race condition avoided: ['Cs3CeF6_15793', 'MnO3_173646', 'MnF2_14142', 'In_1538014', 'TiO2_121632'] is already being processed by another worker.[32m [repeated 4x across cluster][0m
[36m(_remote_expand_node pid=2189914)[0m 2026-02-08 23:24:47,703 INFO dara.search.tree Expanding node 5abc4a70-0577-11f1-9b63-6805cae19192 with current phases ['Cs3CeF6_15793', 'MnO3_173646', 'MnO2_1514110', 'NaNO3_1011029'], Rwp = 38.8
[36m(_remote_expand_node pid=2190578)[0m 2026-02-08 23:24:49,028 INFO dara.search.tree Overfitting detected for ['Cs3CeF6_15793', 'MnO3_173646', 'Er3TlC_76824', 'In_1538014', 'Sr6(CoO3)5_81312'][32m [repeated 3x across cluster][0m
[36m(_remote_expand_node pid=2190578)[0m 2026-02-08 23:24:49,028 INFO dara.search.tree Rpb improvement: 2.2099999999999937, lattice strain: 0.0008269274839732291[32m [repeated 3x across cluster][0m
[36m(_remote_expand_node pid=2189914)[0m 2026-02-08 23:24:47,741 INFO dara.search.tree Race condition avoided: ['Cs3CeF6_15793', 'MnO3_173646', 'MnO2_1514110', 'NaNO3_1011029', 'MnF2_14142'] is already being processed by another worker.[32m [repeated 5x across cluster][0m
[36m(_remote_expand_node pid=2190900)[0m 2026-02-08 23:24:52,932 INFO dara.search.tree Expanding node 5abd58b6-0577-11f1-9b63-6805cae19192 with current phases ['Cs3CeF6_15793', 'MnO3_173646', 'MnO2_1514110', 'Ca3N2_419865'], Rwp = 49.32
[36m(_remote_expand_node pid=2190578)[0m 2026-02-08 23:24:53,895 INFO dara.search.tree Expanding node 5abeeafa-0577-11f1-9b63-6805cae19192 with current phases ['Cs3CeF6_15793', 'MnO3_173646', 'MnO2_1514110', 'In_1538014'], Rwp = 49.12
[36m(_remote_expand_node pid=2190578)[0m 2026-02-08 23:24:58,026 INFO dara.search.tree Race condition avoided: ['Cs3CeF6_15793', 'MnO3_173646', 'MnO2_1514110', 'In_1538014', 'NaNO3_1011029'] is already being processed by another worker.[32m [repeated 10x across cluster][0m
[36m(_remote_expand_node pid=2191448)[0m 2026-02-08 23:25:08,957 INFO dara.search.tree Expanding node 5da5a970-0577-11f1-999d-6805cae19192 with current phases ['Cs3CeF6_15793', 'MnO2_1514110', 'Er3TlC_76824', 'Sr6(CoO3)5_81312'], Rwp = 49.13[32m [repeated 2x across cluster][0m
[36m(_remote_expand_node pid=2190578)[0m 2026-02-08 23:24:58,033 INFO dara.search.tree Race condition avoided: ['Cs3CeF6_15793', 'MnO3_173646', 'MnO2_1514110', 'In_1538014', 'MnF2_14142'] is already being processed by another worker.[32m [repeated 3x across cluster][0m
[36m(_remote_expand_node pid=2190900)[0m 2026-02-08 23:25:11,686 INFO dara.search.tree Overfitting detected for ['Cs3CeF6_15793', 'MnO3_173646', 'MnO2_1514110', 'Ca3N2_419865', 'V3B2_107318']
[36m(_remote_expand_node pid=2190900)[0m 2026-02-08 23:25:11,686 INFO dara.search.tree Rpb improvement: 0.8200000000000074, lattice strain: -0.006096141677541994
[36m(_remote_expand_node pid=2188214)[0m 2026-02-08 23:25:16,694 INFO dara.search.tree Expanding node 68dfdfa4-0577-11f1-acbc-6805cae19192 with current phases ['Cs3CeF6_15793', 'MnO2_1514110', 'In_1538014', 'NaNO3_1011029'], Rwp = 39.23
[36m(_remote_expand_node pid=2191448)[0m 2026-02-08 23:25:09,562 INFO dara.search.tree Race condition avoided: ['Cs3CeF6_15793', 'MnO2_1514110', 'Er3TlC_76824', 'Sr6(CoO3)5_81312', 'MnO3_173646'] is already being processed by another worker.[32m [repeated 2x across cluster][0m
[36m(_remote_expand_node pid=2190578)[0m 2026-02-08 23:25:13,177 INFO dara.search.tree Overfitting detected for ['Cs3CeF6_15793', 'MnO3_173646', 'MnO2_1514110', 'In_1538014', 'Sr6(CoO3)5_81312']
[36m(_remote_expand_node pid=2190578)[0m 2026-02-08 23:25:13,182 INFO dara.search.tree Rpb improvement: 8.340000000000003, lattice strain: -0.002250118424973515
[36m(_remote_expand_node pid=2191977)[0m 2026-02-08 23:25:17,171 INFO dara.search.tree Expanding node 6fa78030-0577-11f1-a5af-6805cae19192 with current phases ['Cs3CeF6_15793', 'MnF2_14142', 'MnO2_1514110', 'Lu2Ni12P7_642456'], Rwp = 45.62
[36m(_remote_expand_node pid=2192109)[0m 2026-02-08 23:25:22,413 INFO dara.search.tree Race condition avoided: ['Cs3CeF6_15793', 'MnF2_14142', 'Sr6(CoO3)5_81312', 'V3B2_107318', 'TiO2_121632'] is already being processed by another worker.[32m [repeated 5x across cluster][0m
[36m(_remote_expand_node pid=2192109)[0m 2026-02-08 23:25:19,687 INFO dara.search.tree Expanding node 7021090a-0577-11f1-9173-6805cae19192 with current phases ['Cs3CeF6_15793', 'MnF2_14142', 'Sr6(CoO3)5_81312', 'V3B2_107318'], Rwp = 47.28
[36m(_remote_expand_node pid=2191448)[0m 2026-02-08 23:25:22,596 INFO dara.search.tree Overfitting detected for ['Cs3CeF6_15793', 'MnO2_1514110', 'Er3TlC_76824', 'Sr6(CoO3)5_81312', 'MnF2_14142']
[36m(_remote_expand_node pid=2191448)[0m 2026-02-08 23:25:22,596 INFO dara.search.tree Rpb improvement: 7.710000000000008, lattice strain: -0.014387731710340171
[36m(_remote_expand_node pid=2190784)[0m 2026-02-08 23:25:31,356 INFO dara.search.tree Expanding node 7021d39e-0577-11f1-9173-6805cae19192 with current phases ['Cs3CeF6_15793', 'MnF2_14142', 'Sr6(CoO3)5_81312', 'MnO2_1514110'], Rwp = 43.05
[36m(_remote_expand_node pid=2188214)[0m 2026-02-08 23:25:32,345 INFO dara.search.tree Overfitting detected for ['Cs3CeF6_15793', 'MnO2_1514110', 'In_1538014', 'NaNO3_1011029', 'Ca3N2_419865']
[36m(_remote_expand_node pid=2188214)[0m 2026-02-08 23:25:32,345 INFO dara.search.tree Rpb improvement: 0.38000000000000256, lattice strain: 0.0028175452801469467
[36m(_remote_expand_node pid=2190784)[0m 2026-02-08 23:25:32,287 INFO dara.search.tree Race condition avoided: ['Cs3CeF6_15793', 'MnF2_14142', 'Sr6(CoO3)5_81312', 'MnO2_1514110', 'MnO3_173646'] is already being processed by another worker.
[36m(_remote_expand_node pid=2190784)[0m 2026-02-08 23:25:32,289 INFO dara.search.tree Race condition avoided: ['Cs3CeF6_15793', 'MnF2_14142', 'Sr6(CoO3)5_81312', 'MnO2_1514110', 'V3B2_107318'] is already being processed by another worker.
[36m(_remote_expand_node pid=2190784)[0m 2026-02-08 23:25:32,292 INFO dara.search.tree Race condition avoided: ['Cs3CeF6_15793', 'MnF2_14142', 'Sr6(CoO3)5_81312', 'MnO2_1514110', 'Er3TlC_76824'] is already being processed by another worker.
[36m(_remote_expand_node pid=2190784)[0m 2026-02-08 23:25:32,293 INFO dara.search.tree Race condition avoided: ['Cs3CeF6_15793', 'MnF2_14142', 'Sr6(CoO3)5_81312', 'MnO2_1514110', 'NaNO3_1011029'] is already being processed by another worker.
[36m(_remote_expand_node pid=2190784)[0m 2026-02-08 23:25:32,296 INFO dara.search.tree Race condition avoided: ['Cs3CeF6_15793', 'MnF2_14142', 'Sr6(CoO3)5_81312', 'MnO2_1514110', 'TiO2_121632'] is already being processed by another worker.
[36m(_remote_expand_node pid=2192537)[0m 2026-02-08 23:25:37,236 INFO dara.search.tree Expanding node 74401eae-0577-11f1-a6a6-6805cae19192 with current phases ['Cs3CeF6_15793', 'MnF2_14142', 'Lu2Ni12P7_642456', 'MnO3_173646'], Rwp = 45.68[32m [repeated 2x across cluster][0m
[36m(_remote_expand_node pid=2192109)[0m 2026-02-08 23:25:35,590 INFO dara.search.tree Overfitting detected for ['Cs3CeF6_15793', 'MnF2_14142', 'Sr6(CoO3)5_81312', 'V3B2_107318', 'Ba5V3O12F_18957']
[36m(_remote_expand_node pid=2192109)[0m 2026-02-08 23:25:35,591 INFO dara.search.tree Rpb improvement: 5.510000000000005, lattice strain: 0.01359214364511365
[36m(_remote_expand_node pid=2192537)[0m 2026-02-08 23:25:38,422 INFO dara.search.tree Race condition avoided: ['Cs3CeF6_15793', 'MnF2_14142', 'Lu2Ni12P7_642456', 'MnO3_173646', 'In_1538014'] is already being processed by another worker.[32m [repeated 6x across cluster][0m
[36m(_remote_expand_node pid=2188214)[0m 2026-02-08 23:25:43,235 INFO dara.search.tree Expanding node 744105e4-0577-11f1-a6a6-6805cae19192 with current phases ['Cs3CeF6_15793', 'MnF2_14142', 'Lu2Ni12P7_642456', 'Sr6(CoO3)5_81312'], Rwp = 45.35
[36m(_remote_expand_node pid=2192537)[0m 2026-02-08 23:25:46,183 INFO dara.search.tree Overfitting detected for ['Cs3CeF6_15793', 'MnF2_14142', 'Lu2Ni12P7_642456', 'MnO3_173646', 'NaNO3_1011029']
[36m(_remote_expand_node pid=2192537)[0m 2026-02-08 23:25:46,183 INFO dara.search.tree Rpb improvement: 15.759999999999998, lattice strain: 0.0035231745279686185
[36m(_remote_expand_node pid=2188214)[0m 2026-02-08 23:25:46,381 INFO dara.search.tree Race condition avoided: ['Cs3CeF6_15793', 'MnF2_14142', 'Lu2Ni12P7_642456', 'Sr6(CoO3)5_81312', 'MnO3_173646'] is already being processed by another worker.
[36m(_remote_expand_node pid=2188214)[0m 2026-02-08 23:25:46,388 INFO dara.search.tree Race condition avoided: ['Cs3CeF6_15793', 'MnF2_14142', 'Lu2Ni12P7_642456', 'Sr6(CoO3)5_81312', 'TiO2_121632'] is already being processed by another worker.
[36m(_remote_expand_node pid=2188214)[0m 2026-02-08 23:25:46,389 INFO dara.search.tree Race condition avoided: ['Cs3CeF6_15793', 'MnF2_14142', 'Lu2Ni12P7_642456', 'Sr6(CoO3)5_81312', 'MnO2_1514110'] is already being processed by another worker.
[36m(_remote_expand_node pid=2192110)[0m 2026-02-08 23:25:58,409 INFO dara.search.tree Race condition avoided: ['Cs3CeF6_15793', 'MnF2_14142', 'Sr6(CoO3)5_81312', 'In_1538014', 'TiO2_121632'] is already being processed by another worker.[32m [repeated 5x across cluster][0m
[36m(_remote_expand_node pid=2188214)[0m 2026-02-08 23:26:00,626 INFO dara.search.tree Overfitting detected for ['Cs3CeF6_15793', 'MnF2_14142', 'Lu2Ni12P7_642456', 'Sr6(CoO3)5_81312', 'NaNO3_1011029']
[36m(_remote_expand_node pid=2188214)[0m 2026-02-08 23:26:00,626 INFO dara.search.tree Rpb improvement: 14.759999999999998, lattice strain: 0.003537597377401108
Search tree:
Root 
├── ([32mexpanded[39m[26m) Cs3CeF6_15793                                    Rwp: 52.68% | Strain: 0.75% | Group 0  
│   ├── ([32mexpanded[39m[26m) MnO3_173646                                      Rwp: 51.30% | Strain: 0.4% | Group 0  
│   │   ├── ([32mexpanded[39m[26m) Sr6(CoO3)5_81312                                 Rwp: 49.82% | Strain: 0.25% | Group 0  
│   │   │   ├── ([32mexpanded[39m[26m) Ba5V3O12F_18957                                  Rwp: 48.06% | Strain: 0.87% | Group 0  
│   │   │   │   ├── ([34mmax_depth[39m[26m) V3B2_107318                                     Rwp: 47.87% | Strain: -0.32% | Group 0  
│   │   │   │   ├── (no_improvement) Er3TlC_76824                               Rwp: 47.96% | Strain: 0.23% | Group 1  
│   │   │   │   ├── (no_improvement) Y2Ga5.422Cu2.218_184434                    Rwp: 47.82% | Strain: -0.33% | Group 2  
│   │   │   │   ├── (no_improvement) Ca3N2_419865                               Rwp: 48.30% | Strain: -0.68% | Group 3  
│   │   │   │   ├── (high_strain) MnF2_14142                                    Rwp: 41.41% | Strain: 2.03% | Group 4  
│   │   │   │   └── (overfitting) MnO2_1514110                                  Rwp: 47.21% | Strain: 0.03% | Group 5  
│   │   │   ├── (no_improvement) V3B2_107318                                Rwp: 49.67% | Strain: -0.58% | Group 1  
│   │   │   ├── ([32mexpanded[39m[26m) Lu2Ni12P7_642456                                 Rwp: 48.47% | Strain: -0.11% | Group 2  
│   │   │   │   ├── (no_improvement) Y2Ga5.422Cu2.218_184434                    Rwp: 48.17% | Strain: -0.19% | Group 0  
│   │   │   │   ├── ([34mmax_depth[39m[26m) V3B2_107318                                     Rwp: 47.25% | Strain: -0.47% | Group 1  
│   │   │   │   └── (overfitting) NaNO3_1011029                                 Rwp: 38.26% | Strain: 0.35% | Group 2  
│   │   │   ├── (no_improvement) Ca3N2_419865                               Rwp: 49.61% | Strain: -0.83% | Group 3  
│   │   │   ├── (no_improvement) Y2Ga5.422Cu2.218_184434                    Rwp: 49.56% | Strain: -0.45% | Group 4  
│   │   │   ├── (no_improvement) Er3TlC_76824                               Rwp: 48.64% | Strain: 0.25% | Group 5  
│   │   │   ├── ([32mexpanded[39m[26m) MnO2_1514110                                     Rwp: 47.59% | Strain: 0.06% | Group 6  
│   │   │   │   ├── ([34mmax_depth[39m[26m) V3B2_107318                                     Rwp: 47.15% | Strain: -0.61% | Group 0  
│   │   │   │   ├── ([34mmax_depth[39m[26m) Ca3N2_419865                                    Rwp: 47.02% | Strain: -0.11% | Group 1  
│   │   │   │   ├── (no_improvement) Er3TlC_76824                               Rwp: 47.88% | Strain: 0.38% | Group 2  
│   │   │   │   ├── (no_improvement) Y2Ga5.422Cu2.218_184434                    Rwp: 46.92% | Strain: -0.01% | Group 3  
│   │   │   │   └── ([34mmax_depth[39m[26m) MnF2_14142                                      Rwp: 41.42% | Strain: 1.92% | Group 4  
│   │   │   ├── ([32mexpanded[39m[26m) TiO2_121632                                      Rwp: 48.16% | Strain: 0.97% | Group 7  
│   │   │   │   ├── ([34mmax_depth[39m[26m) V3B2_107318                                     Rwp: 46.54% | Strain: -0.57% | Group 0  
│   │   │   │   ├── (no_improvement) Ca3N2_419865                               Rwp: 47.76% | Strain: -0.9% | Group 1  
│   │   │   │   └── ([34mmax_depth[39m[26m) In_1538014                                      Rwp: 47.67% | Strain: -1.43% | Group 2  
│   │   │   └── ([32mexpanded[39m[26m) MnF2_14142                                       Rwp: 46.45% | Strain: 1.18% | Group 8  
│   │   │       ├── (no_improvement) V3B2_107318                                Rwp: 46.29% | Strain: -0.05% | Group 0  
│   │   │       ├── (no_improvement) Ca3N2_419865                               Rwp: 46.30% | Strain: -0.67% | Group 1  
│   │   │       ├── (no_improvement) Y2Ga5.422Cu2.218_184434                    Rwp: 46.42% | Strain: -0.23% | Group 2  
│   │   │       ├── (no_improvement) Er3TlC_76824                               Rwp: 46.51% | Strain: 0.66% | Group 3  
│   │   │       └── (overfitting) In_1538014                                    Rwp: 45.82% | Strain: -1.41% | Group 4  
│   │   ├── (no_improvement) V3B2_107318                                Rwp: 51.06% | Strain: -0.6% | Group 1  
│   │   ├── (no_improvement) Y2Ga5.422Cu2.218_184434                    Rwp: 51.21% | Strain: -0.33% | Group 2  
│   │   ├── (no_improvement) Ca3N2_419865                               Rwp: 51.04% | Strain: -0.63% | Group 3  
│   │   ├── ([32mexpanded[39m[26m) Er3TlC_76824                                     Rwp: 49.72% | Strain: 0.07% | Group 4  
│   │   │   ├── ([32mexpanded[39m[26m) NaNO3_1011029                                    Rwp: 39.24% | Strain: 0.38% | Group 0  
│   │   │   │   ├── (no_improvement) V3B2_107318                                Rwp: 38.93% | Strain: 0.23% | Group 0  
│   │   │   │   ├── ([34mmax_depth[39m[26m) Ca3N2_419865                                    Rwp: 38.58% | Strain: -0.08% | Group 1  
│   │   │   │   ├── (no_improvement) Y2Ga5.422Cu2.218_184434                    Rwp: 39.07% | Strain: 0.87% | Group 2  
│   │   │   │   └── (overfitting) MnO2_1514110                                  Rwp: 37.98% | Strain: 1.04% | Group 3  
│   │   │   ├── (no_improvement) V3B2_107318                                Rwp: 49.55% | Strain: -0.6% | Group 1  
│   │   │   ├── (no_improvement) Ca3N2_419865                               Rwp: 49.42% | Strain: -0.63% | Group 2  
│   │   │   ├── (no_improvement) Y2Ga5.422Cu2.218_184434                    Rwp: 49.46% | Strain: -0.33% | Group 3  
│   │   │   ├── ([32mexpanded[39m[26m) MnO2_1514110                                     Rwp: 48.37% | Strain: 0.03% | Group 4  
│   │   │   │   ├── (no_improvement) V3B2_107318                                Rwp: 48.18% | Strain: -0.57% | Group 0  
│   │   │   │   ├── ([34mmax_depth[39m[26m) Ca3N2_419865                                    Rwp: 47.95% | Strain: -0.61% | Group 1  
│   │   │   │   ├── (no_improvement) Y2Ga5.422Cu2.218_184434                    Rwp: 48.25% | Strain: -0.32% | Group 2  
│   │   │   │   └── (overfitting) MnF2_14142                                    Rwp: 46.06% | Strain: 1.23% | Group 3  
│   │   │   └── ([32mexpanded[39m[26m) In_1538014                                       Rwp: 49.18% | Strain: -1.32% | Group 5  
│   │   │       └── (overfitting) Sr6(CoO3)5_81312                              Rwp: 48.11% | Strain: 0.08% | Group 0  
│   │   ├── ([32mexpanded[39m[26m) MnO2_1514110                                     Rwp: 49.69% | Strain: 0.02% | Group 5  
│   │   │   ├── ([32mexpanded[39m[26m) NaNO3_1011029                                    Rwp: 38.80% | Strain: 0.38% | Group 0  
│   │   │   │   ├── ([34mmax_depth[39m[26m) V3B2_107318                                     Rwp: 38.17% | Strain: 0.2% | Group 0  
│   │   │   │   ├── ([34mmax_depth[39m[26m) Ca3N2_419865                                    Rwp: 37.89% | Strain: 0.31% | Group 1  
│   │   │   │   ├── (no_improvement) Y2Ga5.422Cu2.218_184434                    Rwp: 38.72% | Strain: 0.67% | Group 2  
│   │   │   │   └── ([34mmax_depth[39m[26m) In_1538014                                      Rwp: 38.17% | Strain: -0.02% | Group 3  
│   │   │   ├── (no_improvement) V3B2_107318                                Rwp: 49.44% | Strain: -0.6% | Group 1  
│   │   │   ├── ([32mexpanded[39m[26m) Ca3N2_419865                                     Rwp: 49.32% | Strain: -0.56% | Group 2  
│   │   │   │   └── (overfitting) V3B2_107318                                   Rwp: 49.05% | Strain: -0.61% | Group 0  
│   │   │   ├── (no_improvement) Y2Ga5.422Cu2.218_184434                    Rwp: 49.57% | Strain: -0.35% | Group 3  
│   │   │   ├── ([32mexpanded[39m[26m) MnF2_14142                                       Rwp: 46.06% | Strain: 1.23% | Group 4  
│   │   │   │   ├── (no_improvement) V3B2_107318                                Rwp: 45.93% | Strain: -0.6% | Group 0  
│   │   │   │   ├── (no_improvement) Y2Ga5.422Cu2.218_184434                    Rwp: 46.04% | Strain: -0.33% | Group 1  
│   │   │   │   ├── ([34mmax_depth[39m[26m) Ba5V3O12F_18957                                 Rwp: 43.75% | Strain: 0.24% | Group 2  
│   │   │   │   └── ([34mmax_depth[39m[26m) Lu2Ni12P7_642456                                Rwp: 43.99% | Strain: -0.02% | Group 3  
│   │   │   └── ([32mexpanded[39m[26m) In_1538014                                       Rwp: 49.12% | Strain: -0.86% | Group 5  
│   │   │       └── (overfitting) Sr6(CoO3)5_81312                              Rwp: 46.71% | Strain: -0.23% | Group 0  
│   │   ├── ([32mexpanded[39m[26m) MnF2_14142                                       Rwp: 47.51% | Strain: 1.19% | Group 6  
│   │   │   ├── (no_improvement) V3B2_107318                                Rwp: 47.39% | Strain: -0.62% | Group 0  
│   │   │   ├── (no_improvement) Er3TlC_76824                               Rwp: 47.51% | Strain: 0.45% | Group 1  
│   │   │   └── ([32mexpanded[39m[26m) In_1538014                                       Rwp: 46.62% | Strain: -1.29% | Group 2  
│   │   │       └── (overfitting) V3B2_107318                                   Rwp: 46.52% | Strain: -0.59% | Group 0  
│   │   └── (no_improvement) In_1538014                                 Rwp: 50.84% | Strain: -1.09% | Group 7  
│   ├── ([32mexpanded[39m[26m) NaNO3_1011029                                    Rwp: 41.81% | Strain: 0.39% | Group 1  
│   │   └── ([32mexpanded[39m[26m) MnF2_14142                                       Rwp: 38.24% | Strain: 1.75% | Group 0  
│   │       ├── (no_improvement) V3B2_107318                                Rwp: 37.96% | Strain: 0.18% | Group 0  
│   │       ├── (no_improvement) Y2Ga5.422Cu2.218_184434                    Rwp: 38.24% | Strain: 0.0% | Group 1  
│   │       ├── ([32mexpanded[39m[26m) Ca3N2_419865                                     Rwp: 37.43% | Strain: -0.05% | Group 2  
│   │       │   └── (overfitting) Sr6(CoO3)5_81312                              Rwp: 36.77% | Strain: 0.96% | Group 0  
│   │       ├── ([32mexpanded[39m[26m) MnO3_173646                                      Rwp: 36.63% | Strain: 1.32% | Group 3  
│   │       │   ├── (no_improvement) V3B2_107318                                Rwp: 36.43% | Strain: 0.28% | Group 0  
│   │       │   ├── (no_improvement) Y2Ga5.422Cu2.218_184434                    Rwp: 36.63% | Strain: 0.0% | Group 1  
│   │       │   ├── (no_improvement) Er3TlC_76824                               Rwp: 36.30% | Strain: 1.67% | Group 2  
│   │       │   ├── ([34mmax_depth[39m[26m) MnO2_1514110                                    Rwp: 35.36% | Strain: 1.02% | Group 3  
│   │       │   └── (no_improvement) In_1538014                                 Rwp: 36.36% | Strain: -0.15% | Group 4  
│   │       ├── (no_improvement) Er3TlC_76824                               Rwp: 37.90% | Strain: 1.66% | Group 4  
│   │       ├── (no_improvement) MnO2_1514110                               Rwp: 37.23% | Strain: 1.0% | Group 5  
│   │       └── ([32mexpanded[39m[26m) In_1538014                                       Rwp: 37.56% | Strain: -0.21% | Group 6  
│   │           ├── (no_improvement) V3B2_107318                                Rwp: 37.32% | Strain: 0.18% | Group 0  
│   │           ├── (no_improvement) Y2Ga5.422Cu2.218_184434                    Rwp: 37.56% | Strain: 0.76% | Group 1  
│   │           └── (overfitting) Er3TlC_76824                                  Rwp: 37.55% | Strain: 1.65% | Group 2  
│   ├── (high_strain) Sr6(CoO3)5_81312                              Rwp: 50.14% | Strain: -2.14% | Group 2  
│   ├── (no_improvement) V3B2_107318                                Rwp: 52.47% | Strain: -1.11% | Group 3  
│   ├── (no_improvement) Y2Ga5.422Cu2.218_184434                    Rwp: 52.55% | Strain: -1.0% | Group 4  
│   ├── (high_strain) Ca3N2_419865                                  Rwp: 50.90% | Strain: 2.48% | Group 5  
│   ├── ([32mexpanded[39m[26m) Er3TlC_76824                                     Rwp: 50.92% | Strain: -0.12% | Group 6  
│   │   ├── ([32mexpanded[39m[26m) Sr6(CoO3)5_81312                                 Rwp: 49.81% | Strain: 0.1% | Group 0  
│   │   │   ├── (no_improvement) V3B2_107318                                Rwp: 49.50% | Strain: -0.58% | Group 0  
│   │   │   ├── (no_improvement) Y2Ga5.422Cu2.218_184434                    Rwp: 49.55% | Strain: -1.07% | Group 1  
│   │   │   └── (overfitting) MnF2_14142                                    Rwp: 47.40% | Strain: -0.06% | Group 2  
│   │   ├── (no_improvement) V3B2_107318                                Rwp: 50.79% | Strain: -0.62% | Group 1  
│   │   ├── ([32mexpanded[39m[26m) Ca3N2_419865                                     Rwp: 50.52% | Strain: -1.39% | Group 2  
│   │   │   └── (overfitting) Sr6(CoO3)5_81312                              Rwp: 49.51% | Strain: 0.11% | Group 0  
│   │   ├── (no_improvement) Y2Ga5.422Cu2.218_184434                    Rwp: 50.79% | Strain: -0.92% | Group 3  
│   │   └── (overfitting) MnF2_14142                                    Rwp: 48.82% | Strain: 0.57% | Group 4  
│   ├── ([32mexpanded[39m[26m) MnO2_1514110                                     Rwp: 51.12% | Strain: -0.72% | Group 7  
│   │   ├── (no_improvement) V3B2_107318                                Rwp: 50.93% | Strain: -1.14% | Group 0  
│   │   ├── ([32mexpanded[39m[26m) Er3TlC_76824                                     Rwp: 49.84% | Strain: 0.99% | Group 1  
│   │   │   ├── ([32mexpanded[39m[26m) Sr6(CoO3)5_81312                                 Rwp: 49.13% | Strain: 0.13% | Group 0  
│   │   │   │   ├── (no_improvement) V3B2_107318                                Rwp: 48.84% | Strain: -0.56% | Group 0  
│   │   │   │   ├── (no_improvement) Ca3N2_419865                               Rwp: 48.85% | Strain: -0.71% | Group 1  
│   │   │   │   ├── ([34mmax_depth[39m[26m) Y2Ga5.422Cu2.218_184434                         Rwp: 48.87% | Strain: -0.51% | Group 2  
│   │   │   │   └── (overfitting) MnF2_14142                                    Rwp: 46.81% | Strain: -1.44% | Group 3  
│   │   │   └── (overfitting) NaNO3_1011029                                 Rwp: 39.71% | Strain: 0.37% | Group 1  
│   │   └── ([32mexpanded[39m[26m) In_1538014                                       Rwp: 50.45% | Strain: -1.3% | Group 2  
│   │       ├── ([32mexpanded[39m[26m) NaNO3_1011029                                    Rwp: 39.23% | Strain: 0.36% | Group 0  
│   │       │   ├── ([34mmax_depth[39m[26m) V3B2_107318                                     Rwp: 38.70% | Strain: 0.14% | Group 0  
│   │       │   └── (overfitting) Ca3N2_419865                                  Rwp: 39.19% | Strain: 0.28% | Group 1  
│   │       └── (overfitting) Sr6(CoO3)5_81312                              Rwp: 46.74% | Strain: 1.3% | Group 1  
│   ├── (no_improvement) TiO2_121632                                Rwp: 52.13% | Strain: 0.22% | Group 8  
│   ├── ([32mexpanded[39m[26m) MnF2_14142                                       Rwp: 48.81% | Strain: 0.63% | Group 9  
│   │   ├── ([32mexpanded[39m[26m) Sr6(CoO3)5_81312                                 Rwp: 47.56% | Strain: -1.28% | Group 0  
│   │   │   ├── ([32mexpanded[39m[26m) V3B2_107318                                      Rwp: 47.28% | Strain: -1.13% | Group 0  
│   │   │   │   └── (overfitting) Ba5V3O12F_18957                               Rwp: 43.60% | Strain: 1.36% | Group 0  
│   │   │   ├── ([32mexpanded[39m[26m) MnO2_1514110                                     Rwp: 43.05% | Strain: 0.66% | Group 1  
│   │   │   │   ├── ([34mmax_depth[39m[26m) Ca3N2_419865                                    Rwp: 42.61% | Strain: -0.16% | Group 0  
│   │   │   │   ├── (no_improvement) Y2Ga5.422Cu2.218_184434                    Rwp: 43.05% | Strain: 0.0% | Group 1  
│   │   │   │   └── ([34mmax_depth[39m[26m) In_1538014                                      Rwp: 42.16% | Strain: -0.94% | Group 2  
│   │   │   └── ([32mexpanded[39m[26m) In_1538014                                       Rwp: 47.09% | Strain: -1.64% | Group 2  
│   │   │       └── (overfitting) Ca3N2_419865                                  Rwp: 47.09% | Strain: 0.0% | Group 0  
│   │   ├── (no_improvement) V3B2_107318                                Rwp: 48.70% | Strain: -1.08% | Group 1  
│   │   ├── (no_improvement) Y2Ga5.422Cu2.218_184434                    Rwp: 48.70% | Strain: -1.54% | Group 2  
│   │   ├── ([32mexpanded[39m[26m) Ca3N2_419865                                     Rwp: 48.29% | Strain: -1.57% | Group 3  
│   │   │   └── (overfitting) MnO3_173646                                   Rwp: 46.81% | Strain: 0.34% | Group 0  
│   │   ├── ([32mexpanded[39m[26m) MnO2_1514110                                     Rwp: 47.55% | Strain: -0.13% | Group 4  
│   │   │   ├── (no_improvement) V3B2_107318                                Rwp: 47.44% | Strain: -0.61% | Group 0  
│   │   │   ├── (no_improvement) Y2Ga5.422Cu2.218_184434                    Rwp: 47.52% | Strain: -0.57% | Group 1  
│   │   │   └── ([32mexpanded[39m[26m) Lu2Ni12P7_642456                                 Rwp: 45.62% | Strain: -0.57% | Group 2  
│   │   │       ├── (no_improvement) Y2Ga5.422Cu2.218_184434                    Rwp: 45.52% | Strain: -0.65% | Group 0  
│   │   │       ├── ([34mmax_depth[39m[26m) Sr6(CoO3)5_81312                                Rwp: 41.07% | Strain: -1.2% | Group 1  
│   │   │       └── (overfitting) Ba5V3O12F_18957                               Rwp: 42.29% | Strain: -1.28% | Group 2  
│   │   ├── ([32mexpanded[39m[26m) Lu2Ni12P7_642456                                 Rwp: 47.11% | Strain: -0.63% | Group 5  
│   │   │   ├── (no_improvement) Y2Ga5.422Cu2.218_184434                    Rwp: 47.02% | Strain: -0.83% | Group 0  
│   │   │   ├── ([32mexpanded[39m[26m) MnO3_173646                                      Rwp: 45.68% | Strain: 0.32% | Group 1  
│   │   │   │   ├── (no_improvement) Y2Ga5.422Cu2.218_184434                    Rwp: 45.59% | Strain: -0.09% | Group 0  
│   │   │   │   └── (overfitting) NaNO3_1011029                                 Rwp: 36.37% | Strain: 0.35% | Group 1  
│   │   │   ├── ([32mexpanded[39m[26m) Sr6(CoO3)5_81312                                 Rwp: 45.35% | Strain: -1.35% | Group 2  
│   │   │   │   ├── (no_improvement) Y2Ga5.422Cu2.218_184434                    Rwp: 45.32% | Strain: -0.96% | Group 0  
│   │   │   │   ├── ([34mmax_depth[39m[26m) Ba5V3O12F_18957                                 Rwp: 43.52% | Strain: -0.34% | Group 1  
│   │   │   │   ├── (no_improvement) V3B2_107318                                Rwp: 45.18% | Strain: -1.0% | Group 2  
│   │   │   │   └── (overfitting) NaNO3_1011029                                 Rwp: 36.26% | Strain: 0.35% | Group 3  
│   │   │   └── (overfitting) NaNO3_1011029                                 Rwp: 38.02% | Strain: 0.35% | Group 3  
│   │   └── ([32mexpanded[39m[26m) In_1538014                                       Rwp: 48.11% | Strain: -1.51% | Group 6  
│   │       └── (overfitting) V3B2_107318                                   Rwp: 48.09% | Strain: -0.93% | Group 0  
│   └── (no_improvement) In_1538014                                 Rwp: 52.12% | Strain: -1.12% | Group 10  
├── ([32mexpanded[39m[26m) NaNO3_1011029                                    Rwp: 47.75% | Strain: 0.4% | Group 1  
│   ├── ([32mexpanded[39m[26m) Sr6(CoO3)5_81312                                 Rwp: 46.03% | Strain: 0.95% | Group 0  
│   │   ├── ([32mexpanded[39m[26m) Cs3CeF6_15793                                    Rwp: 39.96% | Strain: 1.22% | Group 0  
│   │   │   ├── ([32mexpanded[39m[26m) MnO3_173646                                      Rwp: 38.34% | Strain: 1.32% | Group 0  
│   │   │   │   ├── (no_improvement) V3B2_107318                                Rwp: 37.85% | Strain: 0.35% | Group 0  
│   │   │   │   ├── (no_improvement) Ca3N2_419865                               Rwp: 37.96% | Strain: -0.3% | Group 1  
│   │   │   │   ├── (no_improvement) Er3TlC_76824                               Rwp: 37.63% | Strain: 0.72% | Group 2  
│   │   │   │   ├── ([34mmax_depth[39m[26m) MnO2_1514110                                    Rwp: 37.26% | Strain: 1.1% | Group 3  
│   │   │   │   ├── (no_improvement) Y2Ga5.422Cu2.218_184434                    Rwp: 38.07% | Strain: 0.98% | Group 4  
│   │   │   │   ├── (high_strain) MnF2_14142                                    Rwp: 35.84% | Strain: 2.24% | Group 5  
│   │   │   │   └── (no_improvement) In_1538014                                 Rwp: 38.08% | Strain: -0.23% | Group 6  
│   │   │   ├── (no_improvement) V3B2_107318                                Rwp: 39.41% | Strain: 0.21% | Group 1  
│   │   │   ├── (no_improvement) Er3TlC_76824                               Rwp: 39.26% | Strain: 0.67% | Group 2  
│   │   │   ├── (no_improvement) Ca3N2_419865                               Rwp: 39.58% | Strain: 0.1% | Group 3  
│   │   │   ├── (no_improvement) Lu2Ni12P7_642456                           Rwp: 39.90% | Strain: 0.9% | Group 4  
│   │   │   ├── ([32mexpanded[39m[26m) MnO2_1514110                                     Rwp: 38.94% | Strain: 1.07% | Group 5  
│   │   │   │   ├── (no_improvement) Ba5V3O12F_18957                            Rwp: 38.36% | Strain: 1.65% | Group 0  
│   │   │   │   ├── ([34mmax_depth[39m[26m) V3B2_107318                                     Rwp: 38.22% | Strain: 0.18% | Group 1  
│   │   │   │   ├── (no_improvement) Ca3N2_419865                               Rwp: 38.48% | Strain: 0.24% | Group 2  
│   │   │   │   ├── (no_improvement) Lu2Ni12P7_642456                           Rwp: 38.79% | Strain: 0.91% | Group 3  
│   │   │   │   ├── (no_improvement) Er3TlC_76824                               Rwp: 38.50% | Strain: 1.61% | Group 4  
│   │   │   │   ├── (high_strain) MnF2_14142                                    Rwp: 35.61% | Strain: 2.34% | Group 5  
│   │   │   │   ├── (no_improvement) Y2Ga5.422Cu2.218_184434                    Rwp: 38.58% | Strain: 0.85% | Group 6  
│   │   │   │   └── ([34mmax_depth[39m[26m) In_1538014                                      Rwp: 38.28% | Strain: -0.16% | Group 7  
│   │   │   ├── (no_improvement) Y2Ga5.422Cu2.218_184434                    Rwp: 39.73% | Strain: 0.98% | Group 6  
│   │   │   ├── (high_strain) MnF2_14142                                    Rwp: 37.57% | Strain: 2.24% | Group 7  
│   │   │   └── ([32mexpanded[39m[26m) In_1538014                                       Rwp: 39.38% | Strain: -0.2% | Group 8  
│   │   │       └── (overfitting) V3B2_107318                                   Rwp: 38.82% | Strain: 0.22% | Group 0  
│   │   ├── ([32mexpanded[39m[26m) V3B2_107318                                      Rwp: 45.14% | Strain: 0.22% | Group 1  
│   │   │   └── (overfitting) Er3TlC_76824                                  Rwp: 44.54% | Strain: 0.6% | Group 0  
│   │   ├── ([32mexpanded[39m[26m) Er3TlC_76824                                     Rwp: 45.12% | Strain: 1.19% | Group 2  
│   │   │   ├── (no_improvement) MnO2_1514110                               Rwp: 44.09% | Strain: 1.05% | Group 0  
│   │   │   └── (overfitting) MnF2_14142                                    Rwp: 39.50% | Strain: 3.57% | Group 1  
│   │   ├── (high_strain) MnF2_14142                                    Rwp: 39.66% | Strain: 3.59% | Group 3  
│   │   ├── ([32mexpanded[39m[26m) MnO2_1514110                                     Rwp: 44.77% | Strain: 1.08% | Group 4  
│   │   │   ├── ([32mexpanded[39m[26m) MnO3_173646                                      Rwp: 43.53% | Strain: 1.33% | Group 0  
│   │   │   │   ├── ([34mmax_depth[39m[26m) Ba5V3O12F_18957                                 Rwp: 42.72% | Strain: 1.43% | Group 0  
│   │   │   │   └── (overfitting) V3B2_107318                                   Rwp: 42.96% | Strain: 0.16% | Group 1  
│   │   │   ├── (no_improvement) Ca3N2_419865                               Rwp: 44.41% | Strain: -0.07% | Group 1  
│   │   │   ├── (high_strain) MnF2_14142                                    Rwp: 38.65% | Strain: 3.7% | Group 2  
│   │   │   └── (no_improvement) In_1538014                                 Rwp: 44.30% | Strain: -0.13% | Group 3  
│   │   └── (no_improvement) In_1538014                                 Rwp: 45.56% | Strain: -0.12% | Group 5  
│   ├── ([32mexpanded[39m[26m) MnO3_173646                                      Rwp: 46.59% | Strain: 1.35% | Group 1  
│   │   ├── ([32mexpanded[39m[26m) Sr6(CoO3)5_81312                                 Rwp: 44.81% | Strain: 0.98% | Group 0  
│   │   │   ├── ([32mexpanded[39m[26m) V3B2_107318                                      Rwp: 44.36% | Strain: 0.31% | Group 0  
│   │   │   │   └── (overfitting) Ca3N2_419865                                  Rwp: 43.57% | Strain: -0.16% | Group 0  
│   │   │   └── (overfitting) Er3TlC_76824                                  Rwp: 43.92% | Strain: 1.2% | Group 1  
│   │   ├── ([32mexpanded[39m[26m) Ba5V3O12F_18957                                  Rwp: 45.51% | Strain: 1.72% | Group 1  
│   │   │   ├── ([32mexpanded[39m[26m) Sr6(CoO3)5_81312                                 Rwp: 43.65% | Strain: 0.97% | Group 0  
│   │   │   │   ├── ([34mmax_depth[39m[26m) Cs3CeF6_15793                                   Rwp: 37.57% | Strain: 1.0% | Group 0  
│   │   │   │   ├── ([34mmax_depth[39m[26m) V3B2_107318                                     Rwp: 43.17% | Strain: 0.21% | Group 1  
│   │   │   │   ├── ([34mmax_depth[39m[26m) Y2Ga5.422Cu2.218_184434                         Rwp: 42.62% | Strain: 1.37% | Group 2  
│   │   │   │   ├── (no_improvement) Ca3N2_419865                               Rwp: 43.32% | Strain: 0.16% | Group 3  
│   │   │   │   └── (overfitting) Er3TlC_76824                                  Rwp: 41.55% | Strain: 1.29% | Group 4  
│   │   │   ├── ([32mexpanded[39m[26m) Cs3CeF6_15793                                    Rwp: 39.03% | Strain: 1.48% | Group 1  
│   │   │   │   ├── (no_improvement) V3B2_107318                                Rwp: 38.67% | Strain: 0.2% | Group 0  
│   │   │   │   ├── ([34mmax_depth[39m[26m) Ca3N2_419865                                    Rwp: 38.32% | Strain: 0.17% | Group 1  
│   │   │   │   ├── ([34mmax_depth[39m[26m) Er3TlC_76824                                    Rwp: 37.93% | Strain: 0.53% | Group 2  
│   │   │   │   ├── (no_improvement) Y2Ga5.422Cu2.218_184434                    Rwp: 38.74% | Strain: 0.85% | Group 3  
│   │   │   │   └── (overfitting) MnO2_1514110                                  Rwp: 38.31% | Strain: 1.12% | Group 4  
│   │   │   ├── ([32mexpanded[39m[26m) V3B2_107318                                      Rwp: 44.27% | Strain: -0.5% | Group 2  
│   │   │   │   └── (overfitting) Y2Ga5.422Cu2.218_184434                       Rwp: 43.71% | Strain: 1.33% | Group 0  
│   │   │   ├── ([32mexpanded[39m[26m) Ca3N2_419865                                     Rwp: 44.89% | Strain: 0.12% | Group 3  
│   │   │   │   └── (overfitting) Er3TlC_76824                                  Rwp: 41.96% | Strain: 1.3% | Group 0  
│   │   │   ├── ([32mexpanded[39m[26m) Er3TlC_76824                                     Rwp: 44.36% | Strain: 1.11% | Group 4  
│   │   │   │   ├── ([34mmax_depth[39m[26m) Y2Ga5.422Cu2.218_184434                         Rwp: 42.96% | Strain: 1.35% | Group 0  
│   │   │   │   └── (overfitting) MnF2_14142                                    Rwp: 36.64% | Strain: 3.56% | Group 1  
│   │   │   ├── ([32mexpanded[39m[26m) Y2Ga5.422Cu2.218_184434                          Rwp: 44.32% | Strain: 1.34% | Group 5  
│   │   │   │   └── (overfitting) MnF2_14142                                    Rwp: 36.22% | Strain: 3.62% | Group 0  
│   │   │   └── (overfitting) MnF2_14142                                    Rwp: 37.29% | Strain: 3.69% | Group 6  
│   │   ├── (high_strain) Cs3CeF6_15793                                 Rwp: 40.31% | Strain: 2.07% | Group 2  
│   │   └── (overfitting) V3B2_107318                                   Rwp: 45.61% | Strain: 0.02% | Group 3  
│   ├── ([32mexpanded[39m[26m) V3B2_107318                                      Rwp: 46.65% | Strain: 0.06% | Group 2  
│   │   └── (overfitting) Ba5V3O12F_18957                               Rwp: 45.16% | Strain: 1.41% | Group 0  
│   ├── ([32mexpanded[39m[26m) Ca3N2_419865                                     Rwp: 46.64% | Strain: 0.25% | Group 3  
│   │   └── (overfitting) Sr6(CoO3)5_81312                              Rwp: 45.13% | Strain: 0.97% | Group 0  
│   ├── ([32mexpanded[39m[26m) Er3TlC_76824                                     Rwp: 46.71% | Strain: 0.71% | Group 4  
│   │   ├── (high_strain) Cs3CeF6_15793                                 Rwp: 40.76% | Strain: 2.12% | Group 0  
│   │   ├── ([32mexpanded[39m[26m) Y2Ga5.422Cu2.218_184434                          Rwp: 45.42% | Strain: 1.38% | Group 1  
│   │   │   └── (overfitting) Cs3CeF6_15793                                 Rwp: 40.60% | Strain: 1.55% | Group 0  
│   │   └── (overfitting) MnF2_14142                                    Rwp: 41.16% | Strain: 3.51% | Group 2  
│   ├── ([32mexpanded[39m[26m) TiO2_121632                                      Rwp: 42.23% | Strain: 1.83% | Group 5  
│   │   └── ([32mexpanded[39m[26m) Cs3CeF6_15793                                    Rwp: 38.84% | Strain: 1.24% | Group 0  
│   │       ├── (no_improvement) V3B2_107318                                Rwp: 38.63% | Strain: 0.25% | Group 0  
│   │       └── ([32mexpanded[39m[26m) Ca3N2_419865                                     Rwp: 37.71% | Strain: 0.38% | Group 1  
│   │           ├── (no_improvement) Er3TlC_76824                               Rwp: 37.24% | Strain: 0.41% | Group 0  
│   │           ├── (no_improvement) Y2Ga5.422Cu2.218_184434                    Rwp: 39.03% | Strain: 1.35% | Group 1  
│   │           ├── ([34mmax_depth[39m[26m) MnO2_1514110                                    Rwp: 36.30% | Strain: 1.15% | Group 2  
│   │           ├── (high_strain) In_1538014                                    Rwp: 37.27% | Strain: 2.67% | Group 3  
│   │           └── (no_improvement) V3B2_107318                                Rwp: 37.53% | Strain: 0.25% | Group 4  
│   ├── ([32mexpanded[39m[26m) Y2Ga5.422Cu2.218_184434                          Rwp: 46.67% | Strain: 1.38% | Group 6  
│   │   ├── ([32mexpanded[39m[26m) Sr6(CoO3)5_81312                                 Rwp: 44.81% | Strain: 0.95% | Group 0  
│   │   │   ├── ([32mexpanded[39m[26m) MnO3_173646                                      Rwp: 43.54% | Strain: 1.33% | Group 0  
│   │   │   │   ├── (no_improvement) Lu2Ni12P7_642456                           Rwp: 43.28% | Strain: 0.88% | Group 0  
│   │   │   │   ├── (no_improvement) Ca3N2_419865                               Rwp: 43.38% | Strain: -0.0% | Group 1  
│   │   │   │   ├── ([34mmax_depth[39m[26m) Er3TlC_76824                                    Rwp: 42.55% | Strain: 1.13% | Group 2  
│   │   │   │   ├── (high_strain) MnF2_14142                                    Rwp: 36.92% | Strain: 3.46% | Group 3  
│   │   │   │   └── (overfitting) In_1538014                                    Rwp: 43.20% | Strain: -0.05% | Group 4  
│   │   │   ├── ([32mexpanded[39m[26m) Ba5V3O12F_18957                                  Rwp: 43.92% | Strain: 1.38% | Group 1  
│   │   │   │   ├── (no_improvement) Lu2Ni12P7_642456                           Rwp: 43.70% | Strain: 0.95% | Group 0  
│   │   │   │   └── (overfitting) Cs3CeF6_15793                                 Rwp: 38.76% | Strain: 0.91% | Group 1  
│   │   │   ├── (no_improvement) V3B2_107318                                Rwp: 44.26% | Strain: -0.14% | Group 2  
│   │   │   ├── (no_improvement) Lu2Ni12P7_642456                           Rwp: 44.55% | Strain: 0.89% | Group 3  
│   │   │   ├── ([32mexpanded[39m[26m) MnO2_1514110                                     Rwp: 43.47% | Strain: 1.08% | Group 4  
│   │   │   │   ├── (no_improvement) Ba5V3O12F_18957                            Rwp: 42.97% | Strain: 1.43% | Group 0  
│   │   │   │   ├── (no_improvement) V3B2_107318                                Rwp: 43.01% | Strain: -0.28% | Group 1  
│   │   │   │   ├── ([34mmax_depth[39m[26m) Lu2Ni12P7_642456                                Rwp: 43.09% | Strain: 0.89% | Group 2  
│   │   │   │   ├── (no_improvement) Er3TlC_76824                               Rwp: 42.78% | Strain: 1.56% | Group 3  
│   │   │   │   ├── (high_strain) MnF2_14142                                    Rwp: 37.38% | Strain: 3.61% | Group 4  
│   │   │   │   └── (no_improvement) In_1538014                                 Rwp: 43.02% | Strain: 0.15% | Group 5  
│   │   │   ├── (high_strain) MnF2_14142                                    Rwp: 38.48% | Strain: 3.48% | Group 5  
│   │   │   └── (no_improvement) In_1538014                                 Rwp: 44.18% | Strain: 0.11% | Group 6  
│   │   └── (overfitting) Cs3CeF6_15793                                 Rwp: 41.67% | Strain: 1.62% | Group 1  
│   ├── (high_strain) MnF2_14142                                    Rwp: 41.31% | Strain: 3.55% | Group 7  
│   ├── ([32mexpanded[39m[26m) MnO2_1514110                                     Rwp: 46.63% | Strain: 1.08% | Group 8  
│   │   ├── (high_strain) Cs3CeF6_15793                                 Rwp: 40.25% | Strain: 2.12% | Group 0  
│   │   └── (high_strain) MnF2_14142                                    Rwp: 40.09% | Strain: 3.6% | Group 1  
│   └── ([32mexpanded[39m[26m) In_1538014                                       Rwp: 47.25% | Strain: 0.03% | Group 9  
│       └── (overfitting) Cs3CeF6_15793                                 Rwp: 41.17% | Strain: 2.13% | Group 0  
├── ([32mexpanded[39m[26m) V3B2_107318                                      Rwp: 56.91% | Strain: -0.68% | Group 2  
│   └── (overfitting) Sr6(CoO3)5_81312                              Rwp: 54.17% | Strain: -2.34% | Group 0  
├── (high_strain) Er3TlC_76824                                  Rwp: 55.27% | Strain: 4.76% | Group 3  
├── ([32mexpanded[39m[26m) TiO2_121632                                      Rwp: 52.82% | Strain: 0.4% | Group 4  
│   ├── ([32mexpanded[39m[26m) Sr6(CoO3)5_81312                                 Rwp: 49.89% | Strain: -1.24% | Group 0  
│   │   ├── (high_strain) Cs3CeF6_15793                                 Rwp: 48.20% | Strain: -2.67% | Group 0  
│   │   ├── ([32mexpanded[39m[26m) V3B2_107318                                      Rwp: 49.57% | Strain: -1.19% | Group 1  
│   │   │   └── (overfitting) Cs3CeF6_15793                                 Rwp: 47.75% | Strain: -2.56% | Group 0  
│   │   ├── ([32mexpanded[39m[26m) NaNO3_1011029                                    Rwp: 39.52% | Strain: 0.34% | Group 2  
│   │   │   ├── ([32mexpanded[39m[26m) MnO3_173646                                      Rwp: 38.16% | Strain: 1.3% | Group 0  
│   │   │   │   └── (overfitting) Ba5V3O12F_18957                               Rwp: 37.45% | Strain: 1.69% | Group 0  
│   │   │   ├── ([32mexpanded[39m[26m) Cs3CeF6_15793                                    Rwp: 35.96% | Strain: 0.91% | Group 1  
│   │   │   │   ├── (no_improvement) V3B2_107318                                Rwp: 35.88% | Strain: 0.26% | Group 0  
│   │   │   │   ├── (no_improvement) Er3TlC_76824                               Rwp: 35.88% | Strain: 1.83% | Group 1  
│   │   │   │   ├── (no_improvement) Ca3N2_419865                               Rwp: 35.40% | Strain: 0.06% | Group 2  
│   │   │   │   ├── (no_improvement) Lu2Ni12P7_642456                           Rwp: 36.13% | Strain: 0.98% | Group 3  
│   │   │   │   ├── (high_strain) MnF2_14142                                    Rwp: 34.88% | Strain: 2.38% | Group 4  
│   │   │   │   ├── (no_improvement) MnO2_1514110                               Rwp: 37.11% | Strain: 1.0% | Group 5  
│   │   │   │   ├── (no_improvement) Y2Ga5.422Cu2.218_184434                    Rwp: 36.96% | Strain: 1.42% | Group 6  
│   │   │   │   └── (no_improvement) In_1538014                                 Rwp: 35.42% | Strain: -0.35% | Group 7  
│   │   │   ├── (no_improvement) Er3TlC_76824                               Rwp: 39.71% | Strain: 1.4% | Group 2  
│   │   │   ├── (high_strain) MnF2_14142                                    Rwp: 38.05% | Strain: 2.27% | Group 3  
│   │   │   ├── (no_improvement) MnO2_1514110                               Rwp: 38.81% | Strain: 1.0% | Group 4  
│   │   │   └── ([32mexpanded[39m[26m) In_1538014                                       Rwp: 38.97% | Strain: -0.51% | Group 5  
│   │   │       └── (overfitting) V3B2_107318                                   Rwp: 38.77% | Strain: 0.77% | Group 0  
│   │   ├── ([32mexpanded[39m[26m) MnF2_14142                                       Rwp: 46.86% | Strain: 0.42% | Group 3  
│   │   │   ├── ([32mexpanded[39m[26m) MnO3_173646                                      Rwp: 45.75% | Strain: -0.17% | Group 0  
│   │   │   │   └── (overfitting) Cs3CeF6_15793                                 Rwp: 45.40% | Strain: 1.61% | Group 0  
│   │   │   ├── ([32mexpanded[39m[26m) Cs3CeF6_15793                                    Rwp: 46.52% | Strain: 1.15% | Group 1  
│   │   │   │   ├── (no_improvement) V3B2_107318                                Rwp: 46.56% | Strain: -0.65% | Group 0  
│   │   │   │   ├── ([34mmax_depth[39m[26m) Y2Ga5.422Cu2.218_184434                         Rwp: 44.61% | Strain: -1.45% | Group 1  
│   │   │   │   ├── ([34mmax_depth[39m[26m) Ca3N2_419865                                    Rwp: 46.23% | Strain: -0.96% | Group 2  
│   │   │   │   ├── (no_improvement) Er3TlC_76824                               Rwp: 46.42% | Strain: -0.76% | Group 3  
│   │   │   │   ├── ([34mmax_depth[39m[26m) MnO2_1514110                                    Rwp: 45.22% | Strain: -0.88% | Group 4  
│   │   │   │   └── ([34mmax_depth[39m[26m) In_1538014                                      Rwp: 45.76% | Strain: -1.7% | Group 5  
│   │   │   ├── (no_improvement) Er3TlC_76824                               Rwp: 46.86% | Strain: 0.0% | Group 2  
│   │   │   ├── (no_improvement) MnO2_1514110                               Rwp: 46.50% | Strain: -0.34% | Group 3  
│   │   │   └── ([32mexpanded[39m[26m) In_1538014                                       Rwp: 46.33% | Strain: -1.8% | Group 4  
│   │   │       └── (overfitting) Ba5V3O12F_18957                               Rwp: 45.06% | Strain: -0.67% | Group 0  
│   │   ├── ([32mexpanded[39m[26m) MnO2_1514110                                     Rwp: 47.37% | Strain: 0.71% | Group 4  
│   │   │   ├── ([32mexpanded[39m[26m) MnO3_173646                                      Rwp: 46.31% | Strain: 0.39% | Group 0  
│   │   │   │   ├── ([34mmax_depth[39m[26m) Cs3CeF6_15793                                   Rwp: 44.89% | Strain: -0.21% | Group 0  
│   │   │   │   └── (overfitting) NaNO3_1011029                                 Rwp: 37.31% | Strain: 0.34% | Group 1  
│   │   │   └── (overfitting) Cs3CeF6_15793                                 Rwp: 47.56% | Strain: -2.55% | Group 1  
│   │   └── (high_strain) In_1538014                                    Rwp: 49.39% | Strain: -2.21% | Group 5  
│   ├── ([32mexpanded[39m[26m) MnO3_173646                                      Rwp: 51.54% | Strain: 0.38% | Group 1  
│   │   ├── (no_improvement) Cs3CeF6_15793                              Rwp: 50.89% | Strain: -0.22% | Group 0  
│   │   ├── ([32mexpanded[39m[26m) NaNO3_1011029                                    Rwp: 40.86% | Strain: 0.36% | Group 1  
│   │   │   ├── ([32mexpanded[39m[26m) Ba5V3O12F_18957                                  Rwp: 39.49% | Strain: 1.68% | Group 0  
│   │   │   │   └── (overfitting) Cs3CeF6_15793                                 Rwp: 37.08% | Strain: 0.57% | Group 0  
│   │   │   ├── ([32mexpanded[39m[26m) Cs3CeF6_15793                                    Rwp: 37.22% | Strain: 0.89% | Group 1  
│   │   │   │   ├── (no_improvement) V3B2_107318                                Rwp: 36.99% | Strain: -0.51% | Group 0  
│   │   │   │   ├── ([34mmax_depth[39m[26m) Ca3N2_419865                                    Rwp: 35.94% | Strain: 0.31% | Group 1  
│   │   │   │   ├── (no_improvement) Er3TlC_76824                               Rwp: 38.77% | Strain: 0.41% | Group 2  
│   │   │   │   ├── (no_improvement) Y2Ga5.422Cu2.218_184434                    Rwp: 37.71% | Strain: 1.41% | Group 3  
│   │   │   │   └── (overfitting) MnF2_14142                                    Rwp: 35.37% | Strain: 1.74% | Group 4  
│   │   │   ├── (no_improvement) V3B2_107318                                Rwp: 40.32% | Strain: -0.53% | Group 2  
│   │   │   ├── ([32mexpanded[39m[26m) Ca3N2_419865                                     Rwp: 39.62% | Strain: 0.19% | Group 3  
│   │   │   │   ├── (no_improvement) V3B2_107318                                Rwp: 39.18% | Strain: -0.52% | Group 0  
│   │   │   │   ├── (no_improvement) Er3TlC_76824                               Rwp: 39.50% | Strain: 1.72% | Group 1  
│   │   │   │   └── (overfitting) MnF2_14142                                    Rwp: 37.49% | Strain: 1.54% | Group 2  
│   │   │   ├── ([32mexpanded[39m[26m) Er3TlC_76824                                     Rwp: 40.14% | Strain: 0.36% | Group 4  
│   │   │   │   └── (overfitting) V3B2_107318                                   Rwp: 40.20% | Strain: -0.52% | Group 0  
│   │   │   ├── ([32mexpanded[39m[26m) Y2Ga5.422Cu2.218_184434                          Rwp: 38.67% | Strain: 1.42% | Group 5  
│   │   │   │   ├── (no_improvement) V3B2_107318                                Rwp: 39.25% | Strain: -0.92% | Group 0  
│   │   │   │   ├── (no_improvement) Lu2Ni12P7_642456                           Rwp: 39.29% | Strain: 0.86% | Group 1  
│   │   │   │   ├── (no_improvement) MnO2_1514110                               Rwp: 38.00% | Strain: 1.02% | Group 2  
│   │   │   │   ├── ([34mmax_depth[39m[26m) MnF2_14142                                      Rwp: 36.84% | Strain: 1.56% | Group 3  
│   │   │   │   └── ([34mmax_depth[39m[26m) In_1538014                                      Rwp: 38.10% | Strain: 0.1% | Group 4  
│   │   │   ├── ([32mexpanded[39m[26m) MnO2_1514110                                     Rwp: 39.71% | Strain: 1.02% | Group 6  
│   │   │   │   └── (overfitting) V3B2_107318                                   Rwp: 39.27% | Strain: 0.05% | Group 0  
│   │   │   ├── ([32mexpanded[39m[26m) MnF2_14142                                       Rwp: 38.60% | Strain: 1.55% | Group 7  
│   │   │   │   └── (overfitting) V3B2_107318                                   Rwp: 37.98% | Strain: 0.11% | Group 0  
│   │   │   └── (overfitting) In_1538014                                    Rwp: 43.28% | Strain: -1.53% | Group 8  
│   │   ├── (no_improvement) V3B2_107318                                Rwp: 51.16% | Strain: -0.67% | Group 2  
│   │   ├── ([32mexpanded[39m[26m) Er3TlC_76824                                     Rwp: 50.15% | Strain: 0.09% | Group 3  
│   │   │   ├── ([32mexpanded[39m[26m) Cs3CeF6_15793                                    Rwp: 48.90% | Strain: 1.5% | Group 0  
│   │   │   │   └── (overfitting) Ba5V3O12F_18957                               Rwp: 44.61% | Strain: 1.33% | Group 0  
│   │   │   ├── ([32mexpanded[39m[26m) V3B2_107318                                      Rwp: 49.71% | Strain: -0.61% | Group 1  
│   │   │   │   └── (overfitting) Ba5V3O12F_18957                               Rwp: 48.19% | Strain: 0.72% | Group 0  
│   │   │   ├── (no_improvement) MnO2_1514110                               Rwp: 49.23% | Strain: -0.0% | Group 2  
│   │   │   └── ([32mexpanded[39m[26m) In_1538014                                       Rwp: 49.50% | Strain: -0.75% | Group 3  
│   │   │       └── (overfitting) Sr6(CoO3)5_81312                              Rwp: 47.38% | Strain: -0.18% | Group 0  
│   │   ├── ([32mexpanded[39m[26m) MnO2_1514110                                     Rwp: 50.25% | Strain: -0.0% | Group 4  
│   │   │   ├── ([32mexpanded[39m[26m) Cs3CeF6_15793                                    Rwp: 49.47% | Strain: -0.18% | Group 0  
│   │   │   │   ├── ([34mmax_depth[39m[26m) Ca3N2_419865                                    Rwp: 48.63% | Strain: -0.69% | Group 0  
│   │   │   │   └── (overfitting) Y2Ga5.422Cu2.218_184434                       Rwp: 48.50% | Strain: -0.5% | Group 1  
│   │   │   ├── ([32mexpanded[39m[26m) V3B2_107318                                      Rwp: 49.63% | Strain: -0.68% | Group 1  
│   │   │   │   ├── ([34mmax_depth[39m[26m) Ba5V3O12F_18957                                 Rwp: 48.26% | Strain: 0.13% | Group 0  
│   │   │   │   └── (overfitting) Cs3CeF6_15793                                 Rwp: 49.06% | Strain: -0.19% | Group 1  
│   │   │   └── (no_improvement) In_1538014                                 Rwp: 49.83% | Strain: -0.42% | Group 2  
│   │   ├── ([32mexpanded[39m[26m) MnF2_14142                                       Rwp: 48.45% | Strain: 1.18% | Group 5  
│   │   │   ├── ([32mexpanded[39m[26m) Cs3CeF6_15793                                    Rwp: 46.83% | Strain: 1.51% | Group 0  
│   │   │   │   ├── (no_improvement) Y2Ga5.422Cu2.218_184434                    Rwp: 46.48% | Strain: 0.51% | Group 0  
│   │   │   │   ├── ([34mmax_depth[39m[26m) Ca3N2_419865                                    Rwp: 46.30% | Strain: -0.9% | Group 1  
│   │   │   │   └── ([34mmax_depth[39m[26m) In_1538014                                      Rwp: 46.33% | Strain: -1.3% | Group 2  
│   │   │   ├── ([32mexpanded[39m[26m) V3B2_107318                                      Rwp: 47.74% | Strain: -0.56% | Group 1  
│   │   │   │   └── (overfitting) Cs3CeF6_15793                                 Rwp: 46.76% | Strain: 1.54% | Group 0  
│   │   │   ├── (no_improvement) Er3TlC_76824                               Rwp: 48.59% | Strain: 0.54% | Group 2  
│   │   │   ├── ([32mexpanded[39m[26m) MnO2_1514110                                     Rwp: 47.14% | Strain: 0.01% | Group 3  
│   │   │   │   ├── ([34mmax_depth[39m[26m) Ca3N2_419865                                    Rwp: 46.15% | Strain: -0.79% | Group 0  
│   │   │   │   ├── (no_improvement) Er3TlC_76824                               Rwp: 47.14% | Strain: 0.0% | Group 1  
│   │   │   │   ├── ([34mmax_depth[39m[26m) Y2Ga5.422Cu2.218_184434                         Rwp: 45.57% | Strain: -0.52% | Group 2  
│   │   │   │   └── ([34mmax_depth[39m[26m) In_1538014                                      Rwp: 46.30% | Strain: -0.85% | Group 3  
│   │   │   └── (no_improvement) In_1538014                                 Rwp: 47.94% | Strain: -0.84% | Group 4  
│   │   └── (no_improvement) In_1538014                                 Rwp: 51.08% | Strain: -1.26% | Group 6  
│   ├── ([32mexpanded[39m[26m) Ba5V3O12F_18957                                  Rwp: 51.42% | Strain: 0.42% | Group 2  
│   │   ├── ([32mexpanded[39m[26m) Sr6(CoO3)5_81312                                 Rwp: 48.95% | Strain: -0.67% | Group 0  
│   │   │   └── (overfitting) Cs3CeF6_15793                                 Rwp: 48.16% | Strain: -2.95% | Group 0  
│   │   ├── ([32mexpanded[39m[26m) MnO3_173646                                      Rwp: 50.31% | Strain: 0.21% | Group 1  
│   │   │   ├── ([32mexpanded[39m[26m) Cs3CeF6_15793                                    Rwp: 49.49% | Strain: -0.27% | Group 0  
│   │   │   │   └── (overfitting) Sr6(CoO3)5_81312                              Rwp: 45.96% | Strain: -0.58% | Group 0  
│   │   │   ├── (no_improvement) V3B2_107318                                Rwp: 49.97% | Strain: -0.65% | Group 1  
│   │   │   ├── ([32mexpanded[39m[26m) Ca3N2_419865                                     Rwp: 49.42% | Strain: -0.69% | Group 2  
│   │   │   │   └── (overfitting) Sr6(CoO3)5_81312                              Rwp: 45.93% | Strain: -0.56% | Group 0  
│   │   │   ├── ([32mexpanded[39m[26m) Er3TlC_76824                                     Rwp: 48.75% | Strain: 0.12% | Group 3  
│   │   │   │   ├── ([34mmax_depth[39m[26m) Sr6(CoO3)5_81312                                Rwp: 46.74% | Strain: -0.04% | Group 0  
│   │   │   │   └── (overfitting) Y2Ga5.422Cu2.218_184434                       Rwp: 46.94% | Strain: 0.57% | Group 1  
│   │   │   ├── ([32mexpanded[39m[26m) Y2Ga5.422Cu2.218_184434                          Rwp: 48.93% | Strain: 0.53% | Group 4  
│   │   │   │   ├── ([34mmax_depth[39m[26m) Sr6(CoO3)5_81312                                Rwp: 44.39% | Strain: -0.59% | Group 0  
│   │   │   │   ├── (no_improvement) V3B2_107318                                Rwp: 48.93% | Strain: 0.0% | Group 1  
│   │   │   │   └── (overfitting) MnF2_14142                                    Rwp: 44.79% | Strain: 1.34% | Group 2  
│   │   │   ├── ([32mexpanded[39m[26m) MnF2_14142                                       Rwp: 46.76% | Strain: 1.32% | Group 5  
│   │   │   │   ├── ([34mmax_depth[39m[26m) Sr6(CoO3)5_81312                                Rwp: 45.18% | Strain: -0.06% | Group 0  
│   │   │   │   ├── ([34mmax_depth[39m[26m) V3B2_107318                                     Rwp: 46.24% | Strain: -0.65% | Group 1  
│   │   │   │   ├── ([34mmax_depth[39m[26m) MnO2_1514110                                    Rwp: 45.73% | Strain: -0.02% | Group 2  
│   │   │   │   └── ([34mmax_depth[39m[26m) Lu2Ni12P7_642456                                Rwp: 45.32% | Strain: -0.1% | Group 3  
│   │   │   ├── ([32mexpanded[39m[26m) MnO2_1514110                                     Rwp: 49.06% | Strain: 0.02% | Group 6  
│   │   │   │   └── (overfitting) Sr6(CoO3)5_81312                              Rwp: 45.20% | Strain: -0.61% | Group 0  
│   │   │   └── ([32mexpanded[39m[26m) In_1538014                                       Rwp: 49.74% | Strain: -1.26% | Group 7  
│   │   │       └── (overfitting) Sr6(CoO3)5_81312                              Rwp: 45.69% | Strain: -0.56% | Group 0  
│   │   ├── ([32mexpanded[39m[26m) NaNO3_1011029                                    Rwp: 40.81% | Strain: 0.32% | Group 2  
│   │   │   ├── ([32mexpanded[39m[26m) Cs3CeF6_15793                                    Rwp: 38.08% | Strain: 0.84% | Group 0  
│   │   │   │   ├── ([34mmax_depth[39m[26m) Sr6(CoO3)5_81312                                Rwp: 36.76% | Strain: -0.21% | Group 0  
│   │   │   │   ├── (no_improvement) V3B2_107318                                Rwp: 37.91% | Strain: 0.21% | Group 1  
│   │   │   │   ├── ([34mmax_depth[39m[26m) Er3TlC_76824                                    Rwp: 36.78% | Strain: 0.29% | Group 2  
│   │   │   │   ├── ([34mmax_depth[39m[26m) Y2Ga5.422Cu2.218_184434                         Rwp: 36.83% | Strain: 1.48% | Group 3  
│   │   │   │   ├── ([34mmax_depth[39m[26m) MnF2_14142                                      Rwp: 35.32% | Strain: 1.61% | Group 4  
│   │   │   │   └── (overfitting) MnO2_1514110                                  Rwp: 37.58% | Strain: 1.22% | Group 5  
│   │   │   ├── (no_improvement) V3B2_107318                                Rwp: 40.57% | Strain: 0.14% | Group 1  
│   │   │   ├── ([32mexpanded[39m[26m) Ca3N2_419865                                     Rwp: 39.53% | Strain: 0.07% | Group 2  
│   │   │   │   └── (overfitting) Sr6(CoO3)5_81312                              Rwp: 38.11% | Strain: -0.15% | Group 0  
│   │   │   ├── ([32mexpanded[39m[26m) Er3TlC_76824                                     Rwp: 40.02% | Strain: 0.29% | Group 3  
│   │   │   │   ├── ([34mmax_depth[39m[26m) Sr6(CoO3)5_81312                                Rwp: 38.32% | Strain: -0.27% | Group 0  
│   │   │   │   ├── (no_improvement) V3B2_107318                                Rwp: 39.84% | Strain: 0.13% | Group 1  
│   │   │   │   ├── ([34mmax_depth[39m[26m) Y2Ga5.422Cu2.218_184434                         Rwp: 37.75% | Strain: 1.34% | Group 2  
│   │   │   │   └── (overfitting) MnO2_1514110                                  Rwp: 39.86% | Strain: 1.14% | Group 3  
│   │   │   ├── ([32mexpanded[39m[26m) Y2Ga5.422Cu2.218_184434                          Rwp: 39.41% | Strain: 1.37% | Group 4  
│   │   │   │   ├── ([34mmax_depth[39m[26m) Sr6(CoO3)5_81312                                Rwp: 37.17% | Strain: -0.11% | Group 0  
│   │   │   │   ├── (no_improvement) V3B2_107318                                Rwp: 39.35% | Strain: 0.1% | Group 1  
│   │   │   │   └── (overfitting) MnO2_1514110                                  Rwp: 38.90% | Strain: 1.02% | Group 2  
│   │   │   ├── (no_improvement) MnO2_1514110                               Rwp: 40.47% | Strain: 1.01% | Group 5  
│   │   │   ├── ([32mexpanded[39m[26m) MnF2_14142                                       Rwp: 38.30% | Strain: 1.51% | Group 6  
│   │   │   │   ├── ([34mmax_depth[39m[26m) Sr6(CoO3)5_81312                                Rwp: 36.30% | Strain: -0.36% | Group 0  
│   │   │   │   ├── (no_improvement) V3B2_107318                                Rwp: 37.99% | Strain: 0.12% | Group 1  
│   │   │   │   ├── (no_improvement) MnO2_1514110                               Rwp: 38.23% | Strain: 0.95% | Group 2  
│   │   │   │   └── ([34mmax_depth[39m[26m) In_1538014                                      Rwp: 35.98% | Strain: -0.1% | Group 3  
│   │   │   └── ([32mexpanded[39m[26m) In_1538014                                       Rwp: 40.17% | Strain: 0.38% | Group 7  
│   │   │       └── (overfitting) Sr6(CoO3)5_81312                              Rwp: 38.15% | Strain: -0.18% | Group 0  
│   │   ├── ([32mexpanded[39m[26m) Cs3CeF6_15793                                    Rwp: 50.58% | Strain: -1.29% | Group 3  
│   │   │   ├── (high_strain) V3B2_107318                                   Rwp: 50.30% | Strain: -2.11% | Group 0  
│   │   │   ├── (high_strain) Ca3N2_419865                                  Rwp: 48.78% | Strain: -2.59% | Group 1  
│   │   │   ├── ([32mexpanded[39m[26m) Er3TlC_76824                                     Rwp: 47.85% | Strain: -1.97% | Group 2  
│   │   │   │   ├── ([34mmax_depth[39m[26m) Y2Ga5.422Cu2.218_184434                         Rwp: 46.94% | Strain: -1.56% | Group 0  
│   │   │   │   └── (overfitting) Sr6(CoO3)5_81312                              Rwp: 48.37% | Strain: -0.31% | Group 1  
│   │   │   ├── ([32mexpanded[39m[26m) Y2Ga5.422Cu2.218_184434                          Rwp: 49.51% | Strain: -1.7% | Group 3  
│   │   │   │   ├── ([34mmax_depth[39m[26m) Sr6(CoO3)5_81312                                Rwp: 46.53% | Strain: -1.63% | Group 0  
│   │   │   │   ├── (no_improvement) V3B2_107318                                Rwp: 49.46% | Strain: -1.36% | Group 1  
│   │   │   │   ├── (high_strain) Ca3N2_419865                                  Rwp: 45.66% | Strain: -2.66% | Group 2  
│   │   │   │   ├── ([34mmax_depth[39m[26m) MnF2_14142                                      Rwp: 43.60% | Strain: -1.51% | Group 3  
│   │   │   │   ├── ([34mmax_depth[39m[26m) MnO2_1514110                                    Rwp: 48.78% | Strain: -1.45% | Group 4  
│   │   │   │   └── (high_strain) In_1538014                                    Rwp: 47.70% | Strain: -2.85% | Group 5  
│   │   │   ├── ([32mexpanded[39m[26m) MnF2_14142                                       Rwp: 44.19% | Strain: 0.54% | Group 4  
│   │   │   │   ├── (no_improvement) Sr6(CoO3)5_81312                           Rwp: 42.78% | Strain: -1.2% | Group 0  
│   │   │   │   └── (overfitting) Ca3N2_419865                                  Rwp: 43.66% | Strain: -3.0% | Group 1  
│   │   │   ├── ([32mexpanded[39m[26m) MnO2_1514110                                     Rwp: 48.90% | Strain: -1.21% | Group 5  
│   │   │   │   └── (overfitting) Sr6(CoO3)5_81312                              Rwp: 45.97% | Strain: -1.06% | Group 0  
│   │   │   └── ([32mexpanded[39m[26m) In_1538014                                       Rwp: 49.97% | Strain: -1.84% | Group 6  
│   │   │       └── (overfitting) Sr6(CoO3)5_81312                              Rwp: 46.04% | Strain: 0.35% | Group 0  
│   │   ├── (no_improvement) V3B2_107318                                Rwp: 51.17% | Strain: -0.84% | Group 4  
│   │   ├── (high_strain) Ca3N2_419865                                  Rwp: 48.50% | Strain: -2.62% | Group 5  
│   │   ├── ([32mexpanded[39m[26m) Er3TlC_76824                                     Rwp: 49.94% | Strain: -0.1% | Group 6  
│   │   │   ├── ([32mexpanded[39m[26m) V3B2_107318                                      Rwp: 49.43% | Strain: -0.8% | Group 0  
│   │   │   │   ├── ([34mmax_depth[39m[26m) Sr6(CoO3)5_81312                                Rwp: 47.41% | Strain: -0.48% | Group 0  
│   │   │   │   └── (overfitting) Ca3N2_419865                                  Rwp: 48.58% | Strain: -2.1% | Group 1  
│   │   │   ├── ([32mexpanded[39m[26m) Ca3N2_419865                                     Rwp: 48.59% | Strain: -0.62% | Group 1  
│   │   │   │   └── (overfitting) Sr6(CoO3)5_81312                              Rwp: 47.64% | Strain: -0.24% | Group 0  
│   │   │   ├── (no_improvement) MnO2_1514110                               Rwp: 49.70% | Strain: -0.06% | Group 2  
│   │   │   ├── ([32mexpanded[39m[26m) In_1538014                                       Rwp: 48.58% | Strain: -0.24% | Group 3  
│   │   │   │   └── (overfitting) Sr6(CoO3)5_81312                              Rwp: 47.49% | Strain: -0.08% | Group 0  
│   │   │   └── (overfitting) MnF2_14142                                    Rwp: 45.38% | Strain: -1.35% | Group 4  
│   │   ├── ([32mexpanded[39m[26m) Y2Ga5.422Cu2.218_184434                          Rwp: 50.33% | Strain: -1.57% | Group 7  
│   │   │   ├── (no_improvement) V3B2_107318                                Rwp: 50.29% | Strain: 0.03% | Group 0  
│   │   │   ├── (high_strain) Ca3N2_419865                                  Rwp: 47.43% | Strain: -2.6% | Group 1  
│   │   │   ├── ([32mexpanded[39m[26m) Er3TlC_76824                                     Rwp: 47.35% | Strain: 0.44% | Group 2  
│   │   │   │   ├── ([34mmax_depth[39m[26m) Sr6(CoO3)5_81312                                Rwp: 46.67% | Strain: 0.02% | Group 0  
│   │   │   │   ├── ([34mmax_depth[39m[26m) MnF2_14142                                      Rwp: 43.87% | Strain: -1.6% | Group 1  
│   │   │   │   └── (no_improvement) MnO2_1514110                               Rwp: 48.03% | Strain: 0.15% | Group 2  
│   │   │   ├── ([32mexpanded[39m[26m) MnF2_14142                                       Rwp: 44.30% | Strain: -1.08% | Group 3  
│   │   │   │   ├── ([34mmax_depth[39m[26m) Sr6(CoO3)5_81312                                Rwp: 40.83% | Strain: -1.26% | Group 0  
│   │   │   │   ├── (high_strain) V3B2_107318                                   Rwp: 43.82% | Strain: -2.14% | Group 1  
│   │   │   │   ├── (high_strain) Ca3N2_419865                                  Rwp: 43.12% | Strain: -2.91% | Group 2  
│   │   │   │   ├── (high_strain) MnO2_1514110                                  Rwp: 43.86% | Strain: -2.06% | Group 3  
│   │   │   │   └── ([34mmax_depth[39m[26m) In_1538014                                      Rwp: 42.89% | Strain: -1.01% | Group 4  
│   │   │   ├── ([32mexpanded[39m[26m) MnO2_1514110                                     Rwp: 49.53% | Strain: -0.9% | Group 4  
│   │   │   │   └── (overfitting) Sr6(CoO3)5_81312                              Rwp: 45.54% | Strain: 0.05% | Group 0  
│   │   │   └── ([32mexpanded[39m[26m) In_1538014                                       Rwp: 46.55% | Strain: -0.65% | Group 5  
│   │   │       ├── ([34mmax_depth[39m[26m) Sr6(CoO3)5_81312                                Rwp: 45.18% | Strain: 0.56% | Group 0  
│   │   │       └── (overfitting) Ca3N2_419865                                  Rwp: 44.74% | Strain: 0.33% | Group 1  
│   │   ├── ([32mexpanded[39m[26m) MnF2_14142                                       Rwp: 45.43% | Strain: -1.34% | Group 8  
│   │   │   └── (overfitting) V3B2_107318                                   Rwp: 45.14% | Strain: -2.11% | Group 0  
│   │   ├── (no_improvement) MnO2_1514110                               Rwp: 50.94% | Strain: -0.49% | Group 9  
│   │   └── ([32mexpanded[39m[26m) In_1538014                                       Rwp: 47.65% | Strain: -1.1% | Group 10  
│   │       ├── (high_strain) Ca3N2_419865                                  Rwp: 46.49% | Strain: -2.24% | Group 0  
│   │       ├── (high_strain) V3B2_107318                                   Rwp: 46.40% | Strain: -2.86% | Group 1  
│   │       └── (no_improvement) MnO2_1514110                               Rwp: 48.36% | Strain: -1.58% | Group 2  
│   ├── (no_improvement) V3B2_107318                                Rwp: 52.42% | Strain: -1.53% | Group 3  
│   ├── ([32mexpanded[39m[26m) Ca3N2_419865                                     Rwp: 52.02% | Strain: -1.55% | Group 4  
│   │   └── (overfitting) Sr6(CoO3)5_81312                              Rwp: 47.98% | Strain: 0.29% | Group 0  
│   ├── ([32mexpanded[39m[26m) Er3TlC_76824                                     Rwp: 51.19% | Strain: -0.77% | Group 5  
│   │   ├── ([32mexpanded[39m[26m) Sr6(CoO3)5_81312                                 Rwp: 49.25% | Strain: -0.96% | Group 0  
│   │   │   ├── ([32mexpanded[39m[26m) MnO3_173646                                      Rwp: 47.99% | Strain: 0.13% | Group 0  
│   │   │   │   ├── ([34mmax_depth[39m[26m) Ca3N2_419865                                    Rwp: 47.48% | Strain: -1.19% | Group 0  
│   │   │   │   └── ([34mmax_depth[39m[26m) Y2Ga5.422Cu2.218_184434                         Rwp: 46.39% | Strain: 0.5% | Group 1  
│   │   │   ├── (high_strain) Cs3CeF6_15793                                 Rwp: 47.27% | Strain: -2.29% | Group 1  
│   │   │   └── ([32mexpanded[39m[26m) In_1538014                                       Rwp: 48.42% | Strain: -1.44% | Group 2  
│   │   │       └── (overfitting) Cs3CeF6_15793                                 Rwp: 48.51% | Strain: -0.54% | Group 0  
│   │   ├── ([32mexpanded[39m[26m) Cs3CeF6_15793                                    Rwp: 49.97% | Strain: 1.62% | Group 1  
│   │   │   └── (overfitting) NaNO3_1011029                                 Rwp: 38.27% | Strain: 0.48% | Group 0  
│   │   ├── ([32mexpanded[39m[26m) NaNO3_1011029                                    Rwp: 41.49% | Strain: 0.35% | Group 2  
│   │   │   └── (overfitting) V3B2_107318                                   Rwp: 41.67% | Strain: -0.02% | Group 0  
│   │   ├── (no_improvement) V3B2_107318                                Rwp: 51.16% | Strain: -0.92% | Group 3  
│   │   ├── ([32mexpanded[39m[26m) Y2Ga5.422Cu2.218_184434                          Rwp: 50.17% | Strain: 0.88% | Group 4  
│   │   │   ├── ([32mexpanded[39m[26m) Sr6(CoO3)5_81312                                 Rwp: 47.40% | Strain: -0.73% | Group 0  
│   │   │   │   ├── (high_strain) Cs3CeF6_15793                                 Rwp: 45.81% | Strain: -2.35% | Group 0  
│   │   │   │   └── (overfitting) NaNO3_1011029                                 Rwp: 37.90% | Strain: 0.33% | Group 1  
│   │   │   ├── ([32mexpanded[39m[26m) Cs3CeF6_15793                                    Rwp: 48.76% | Strain: -0.83% | Group 1  
│   │   │   │   ├── ([34mmax_depth[39m[26m) NaNO3_1011029                                   Rwp: 39.10% | Strain: 0.36% | Group 0  
│   │   │   │   ├── (high_strain) Ca3N2_419865                                  Rwp: 48.45% | Strain: -2.03% | Group 1  
│   │   │   │   └── (overfitting) MnF2_14142                                    Rwp: 47.50% | Strain: -0.09% | Group 2  
│   │   │   ├── ([32mexpanded[39m[26m) MnO3_173646                                      Rwp: 48.98% | Strain: 0.35% | Group 2  
│   │   │   │   ├── ([34mmax_depth[39m[26m) Ca3N2_419865                                    Rwp: 48.29% | Strain: -0.79% | Group 0  
│   │   │   │   └── (no_improvement) MnO2_1514110                               Rwp: 47.79% | Strain: -0.01% | Group 1  
│   │   │   ├── ([32mexpanded[39m[26m) NaNO3_1011029                                    Rwp: 40.22% | Strain: 0.35% | Group 3  
│   │   │   │   ├── (no_improvement) V3B2_107318                                Rwp: 39.73% | Strain: -0.2% | Group 0  
│   │   │   │   └── (overfitting) Ca3N2_419865                                  Rwp: 38.68% | Strain: 2.27% | Group 1  
│   │   │   ├── (no_improvement) V3B2_107318                                Rwp: 49.79% | Strain: -0.76% | Group 4  
│   │   │   ├── ([32mexpanded[39m[26m) Ca3N2_419865                                     Rwp: 49.64% | Strain: 0.01% | Group 5  
│   │   │   │   └── (overfitting) V3B2_107318                                   Rwp: 49.19% | Strain: -0.8% | Group 0  
│   │   │   ├── (no_improvement) MnO2_1514110                               Rwp: 49.09% | Strain: 0.22% | Group 6  
│   │   │   ├── ([32mexpanded[39m[26m) MnF2_14142                                       Rwp: 48.52% | Strain: -0.89% | Group 7  
│   │   │   │   └── (overfitting) Sr6(CoO3)5_81312                              Rwp: 45.01% | Strain: -0.94% | Group 0  
│   │   │   └── ([32mexpanded[39m[26m) In_1538014                                       Rwp: 49.55% | Strain: -1.75% | Group 8  
│   │   │       └── (overfitting) V3B2_107318                                   Rwp: 49.45% | Strain: -1.23% | Group 0  
│   │   ├── (no_improvement) MnO2_1514110                               Rwp: 50.53% | Strain: 0.01% | Group 5  
│   │   └── (overfitting) MnF2_14142                                    Rwp: 50.05% | Strain: -0.72% | Group 6  
│   ├── ([32mexpanded[39m[26m) Y2Ga5.422Cu2.218_184434                          Rwp: 51.81% | Strain: -1.39% | Group 6  
│   │   ├── ([32mexpanded[39m[26m) Sr6(CoO3)5_81312                                 Rwp: 48.45% | Strain: -0.81% | Group 0  
│   │   │   ├── (high_strain) Cs3CeF6_15793                                 Rwp: 46.84% | Strain: -2.85% | Group 0  
│   │   │   ├── ([32mexpanded[39m[26m) NaNO3_1011029                                    Rwp: 38.04% | Strain: 0.33% | Group 1  
│   │   │   │   ├── (no_improvement) V3B2_107318                                Rwp: 37.96% | Strain: -0.03% | Group 0  
│   │   │   │   ├── ([34mmax_depth[39m[26m) Lu2Ni12P7_642456                                Rwp: 37.64% | Strain: 0.83% | Group 1  
│   │   │   │   ├── (high_strain) MnF2_14142                                    Rwp: 36.28% | Strain: 2.14% | Group 2  
│   │   │   │   └── ([34mmax_depth[39m[26m) MnO2_1514110                                    Rwp: 36.76% | Strain: 1.0% | Group 3  
│   │   │   ├── (no_improvement) V3B2_107318                                Rwp: 48.54% | Strain: -1.11% | Group 2  
│   │   │   ├── ([32mexpanded[39m[26m) MnF2_14142                                       Rwp: 45.68% | Strain: 0.35% | Group 3  
│   │   │   │   ├── (no_improvement) V3B2_107318                                Rwp: 45.31% | Strain: -1.46% | Group 0  
│   │   │   │   ├── ([34mmax_depth[39m[26m) Ca3N2_419865                                    Rwp: 45.17% | Strain: -1.73% | Group 1  
│   │   │   │   └── ([34mmax_depth[39m[26m) MnO2_1514110                                    Rwp: 45.32% | Strain: -1.15% | Group 2  
│   │   │   └── (no_improvement) In_1538014                                 Rwp: 48.26% | Strain: -1.75% | Group 4  
│   │   ├── (no_improvement) Cs3CeF6_15793                              Rwp: 51.28% | Strain: -1.27% | Group 1  
│   │   ├── ([32mexpanded[39m[26m) MnO3_173646                                      Rwp: 50.58% | Strain: 0.39% | Group 2  
│   │   │   ├── ([32mexpanded[39m[26m) Sr6(CoO3)5_81312                                 Rwp: 47.52% | Strain: -0.06% | Group 0  
│   │   │   │   ├── ([34mmax_depth[39m[26m) Cs3CeF6_15793                                   Rwp: 45.67% | Strain: -1.86% | Group 0  
│   │   │   │   ├── (no_improvement) V3B2_107318                                Rwp: 47.39% | Strain: -0.22% | Group 1  
│   │   │   │   ├── (no_improvement) Ca3N2_419865                               Rwp: 47.40% | Strain: -0.73% | Group 2  
│   │   │   │   ├── ([34mmax_depth[39m[26m) Lu2Ni12P7_642456                                Rwp: 45.48% | Strain: -0.17% | Group 3  
│   │   │   │   └── (no_improvement) In_1538014                                 Rwp: 47.24% | Strain: -1.36% | Group 4  
│   │   │   ├── (no_improvement) Cs3CeF6_15793                              Rwp: 50.10% | Strain: -0.38% | Group 1  
│   │   │   ├── ([32mexpanded[39m[26m) Ca3N2_419865                                     Rwp: 49.83% | Strain: -0.57% | Group 2  
│   │   │   │   ├── (no_improvement) Cs3CeF6_15793                              Rwp: 49.37% | Strain: -0.4% | Group 0  
│   │   │   │   ├── (no_improvement) V3B2_107318                                Rwp: 49.77% | Strain: -0.39% | Group 1  
│   │   │   │   ├── ([34mmax_depth[39m[26m) MnF2_14142                                      Rwp: 46.31% | Strain: 1.13% | Group 2  
│   │   │   │   ├── ([34mmax_depth[39m[26m) MnO2_1514110                                    Rwp: 48.21% | Strain: -0.02% | Group 3  
│   │   │   │   └── (overfitting) In_1538014                                    Rwp: 49.97% | Strain: -0.88% | Group 4  
│   │   │   ├── ([32mexpanded[39m[26m) MnO2_1514110                                     Rwp: 49.12% | Strain: -0.02% | Group 3  
│   │   │   │   └── ([34mmax_depth[39m[26m) In_1538014                                      Rwp: 48.38% | Strain: -0.91% | Group 0  
│   │   │   ├── ([32mexpanded[39m[26m) MnF2_14142                                       Rwp: 47.09% | Strain: 1.14% | Group 4  
│   │   │   │   └── ([34mmax_depth[39m[26m) In_1538014                                      Rwp: 46.28% | Strain: -0.89% | Group 0  
│   │   │   └── ([32mexpanded[39m[26m) In_1538014                                       Rwp: 49.89% | Strain: -1.19% | Group 5  
│   │   │       ├── (no_improvement) Cs3CeF6_15793                              Rwp: 49.39% | Strain: -0.36% | Group 0  
│   │   │       └── (no_improvement) V3B2_107318                                Rwp: 49.83% | Strain: -0.38% | Group 1  
│   │   ├── ([32mexpanded[39m[26m) NaNO3_1011029                                    Rwp: 40.93% | Strain: 0.36% | Group 3  
│   │   │   └── (overfitting) Cs3CeF6_15793                                 Rwp: 38.33% | Strain: 1.12% | Group 0  
│   │   ├── (no_improvement) V3B2_107318                                Rwp: 51.66% | Strain: -1.51% | Group 4  
│   │   ├── ([32mexpanded[39m[26m) MnO2_1514110                                     Rwp: 50.42% | Strain: -1.02% | Group 5  
│   │   │   ├── ([32mexpanded[39m[26m) Cs3CeF6_15793                                    Rwp: 49.79% | Strain: -1.32% | Group 0  
│   │   │   │   └── (overfitting) Sr6(CoO3)5_81312                              Rwp: 46.17% | Strain: -1.0% | Group 0  
│   │   │   ├── (no_improvement) V3B2_107318                                Rwp: 50.37% | Strain: -1.08% | Group 1  
│   │   │   └── ([32mexpanded[39m[26m) In_1538014                                       Rwp: 48.52% | Strain: 0.18% | Group 2  
│   │   │       └── (overfitting) Sr6(CoO3)5_81312                              Rwp: 45.03% | Strain: 0.29% | Group 0  
│   │   ├── ([32mexpanded[39m[26m) MnF2_14142                                       Rwp: 48.17% | Strain: 0.33% | Group 6  
│   │   │   └── (overfitting) Cs3CeF6_15793                                 Rwp: 48.02% | Strain: -0.77% | Group 0  
│   │   └── ([32mexpanded[39m[26m) In_1538014                                       Rwp: 50.20% | Strain: 0.09% | Group 7  
│   │       ├── (no_improvement) Cs3CeF6_15793                              Rwp: 50.56% | Strain: -1.21% | Group 0  
│   │       ├── (no_improvement) V3B2_107318                                Rwp: 50.17% | Strain: -1.35% | Group 1  
│   │       └── (high_strain) Ca3N2_419865                                  Rwp: 49.45% | Strain: -2.05% | Group 2  
│   ├── ([32mexpanded[39m[26m) MnO2_1514110                                     Rwp: 51.58% | Strain: -0.84% | Group 7  
│   │   ├── ([32mexpanded[39m[26m) Cs3CeF6_15793                                    Rwp: 50.06% | Strain: 1.43% | Group 0  
│   │   │   └── (overfitting) NaNO3_1011029                                 Rwp: 37.60% | Strain: 0.46% | Group 0  
│   │   └── (overfitting) NaNO3_1011029                                 Rwp: 41.16% | Strain: 0.34% | Group 1  
│   ├── ([32mexpanded[39m[26m) MnF2_14142                                       Rwp: 49.79% | Strain: -0.05% | Group 8  
│   │   ├── ([32mexpanded[39m[26m) Cs3CeF6_15793                                    Rwp: 48.48% | Strain: -0.58% | Group 0  
│   │   │   ├── ([32mexpanded[39m[26m) NaNO3_1011029                                    Rwp: 36.58% | Strain: 0.46% | Group 0  
│   │   │   │   ├── (no_improvement) V3B2_107318                                Rwp: 36.40% | Strain: 0.26% | Group 0  
│   │   │   │   ├── (no_improvement) Y2Ga5.422Cu2.218_184434                    Rwp: 35.98% | Strain: 1.01% | Group 1  
│   │   │   │   ├── ([34mmax_depth[39m[26m) Ca3N2_419865                                    Rwp: 35.23% | Strain: 0.01% | Group 2  
│   │   │   │   ├── (no_improvement) Er3TlC_76824                               Rwp: 36.39% | Strain: 1.79% | Group 3  
│   │   │   │   ├── (no_improvement) MnO2_1514110                               Rwp: 36.32% | Strain: 1.01% | Group 4  
│   │   │   │   └── ([34mmax_depth[39m[26m) In_1538014                                      Rwp: 35.63% | Strain: -0.13% | Group 5  
│   │   │   ├── (no_improvement) V3B2_107318                                Rwp: 48.36% | Strain: -0.84% | Group 1  
│   │   │   ├── ([32mexpanded[39m[26m) Lu2Ni12P7_642456                                 Rwp: 46.80% | Strain: -0.94% | Group 2  
│   │   │   │   ├── ([34mmax_depth[39m[26m) MnO3_173646                                     Rwp: 45.05% | Strain: 0.33% | Group 0  
│   │   │   │   ├── ([34mmax_depth[39m[26m) Y2Ga5.422Cu2.218_184434                         Rwp: 46.44% | Strain: -0.62% | Group 1  
│   │   │   │   └── (overfitting) NaNO3_1011029                                 Rwp: 36.67% | Strain: 0.41% | Group 2  
│   │   │   ├── ([32mexpanded[39m[26m) Ca3N2_419865                                     Rwp: 47.84% | Strain: -1.41% | Group 3  
│   │   │   │   ├── ([34mmax_depth[39m[26m) V3B2_107318                                     Rwp: 47.71% | Strain: -1.21% | Group 0  
│   │   │   │   └── (overfitting) Y2Ga5.422Cu2.218_184434                       Rwp: 48.01% | Strain: -1.6% | Group 1  
│   │   │   └── ([32mexpanded[39m[26m) In_1538014                                       Rwp: 47.73% | Strain: -1.27% | Group 4  
│   │   │       └── (overfitting) V3B2_107318                                   Rwp: 47.70% | Strain: -1.11% | Group 0  
│   │   ├── ([32mexpanded[39m[26m) NaNO3_1011029                                    Rwp: 39.94% | Strain: 0.33% | Group 1  
│   │   │   ├── ([32mexpanded[39m[26m) V3B2_107318                                      Rwp: 39.43% | Strain: 0.06% | Group 0  
│   │   │   │   └── (overfitting) Sr6(CoO3)5_81312                              Rwp: 37.76% | Strain: 0.68% | Group 0  
│   │   │   └── (no_improvement) MnO2_1514110                               Rwp: 39.19% | Strain: 0.95% | Group 1  
│   │   ├── ([32mexpanded[39m[26m) V3B2_107318                                      Rwp: 48.94% | Strain: -1.41% | Group 2  
│   │   │   └── (overfitting) Ca3N2_419865                                  Rwp: 48.18% | Strain: -1.93% | Group 0  
│   │   └── ([32mexpanded[39m[26m) In_1538014                                       Rwp: 48.62% | Strain: -0.37% | Group 3  
│   │       ├── (high_strain) Ca3N2_419865                                  Rwp: 48.12% | Strain: -2.44% | Group 0  
│   │       ├── (no_improvement) Er3TlC_76824                               Rwp: 48.75% | Strain: -1.69% | Group 1  
│   │       └── ([32mexpanded[39m[26m) MnO2_1514110                                     Rwp: 47.41% | Strain: -0.83% | Group 2  
│   │           ├── ([34mmax_depth[39m[26m) V3B2_107318                                     Rwp: 46.97% | Strain: -1.13% | Group 0  
│   │           ├── ([34mmax_depth[39m[26m) NaNO3_1011029                                   Rwp: 38.39% | Strain: 0.31% | Group 1  
│   │           ├── ([34mmax_depth[39m[26m) Ca3N2_419865                                    Rwp: 46.57% | Strain: -1.48% | Group 2  
│   │           └── (no_improvement) Er3TlC_76824                               Rwp: 47.41% | Strain: 0.0% | Group 3  
│   └── ([32mexpanded[39m[26m) In_1538014                                       Rwp: 51.48% | Strain: -0.3% | Group 9  
│       ├── ([32mexpanded[39m[26m) NaNO3_1011029                                    Rwp: 41.24% | Strain: 0.34% | Group 0  
│       │   └── (overfitting) Cs3CeF6_15793                                 Rwp: 38.26% | Strain: 1.26% | Group 0  
│       └── (high_strain) V3B2_107318                                   Rwp: 50.63% | Strain: -2.38% | Group 1  
├── (high_strain) MnF2_14142                                    Rwp: 51.98% | Strain: 2.4% | Group 5  
└── (high_strain) In_1538014                                    Rwp: 55.79% | Strain: -4.61% | Group 6  

    Saved DARA refined plot to /work/hdd/bffm/xtong1/ref_200_conserv/results/evaluation/dara_refined_plots/NaNO3_Nb2O5_refined.html
Refinement result: {'NaNO3_1011029': np.float64(0.5899599928224869), 'MnF2_14142': np.float64(0.184840706151471), 'TiO2_121632': np.float64(0.11872686008806932), 'Ca3N2_419865': np.float64(0.056156582099826234), 'Cs3CeF6_15793': np.float64(0.05031585883814664)}
DARA refinement result: Rwp=35.23%, Max False Peak Relative Intensity=0.1224
    Recall: 1.0000, Precision: 0.2000, F1: 0.3333
    Time taken: 970.06 seconds

========================================
Processing pattern: V2O5_La(OH)3_MnCO3
    Running DARA refinement on 21 candidate phases...

DARA Iteration 1: Refining 21 phases: ['MnCO3_1548822', 'V2O5_124838', 'La(OH)3_167480', 'Bk_292005', 'Y3Ge13Ru4_53900', 'KHS_411446', 'CrCl3_1010575', 'CoAl2O4_9005203', 'Gd2Co12P7_623390', 'Ba6Ti5.25Fe0.75O17.52_50856', 'Ca56Zn23.98Ga40.02O141_245650', 'In4.8Te8Au1.06_121190', 'ZnO_41488', 'Li2.27Mn0.73N1_409444', 'BaTiO3_1507756', 'C2SN2_14340', 'MnOOH_1011012', 'DyInCu2_102877', 'Mn2InSnPd4_51990', 'CaNi2(SeO3)3_143490', 'U(CoSn)2_602870']
2026-02-08 23:26:06,309 INFO dara.search.tree Detecting peaks in the pattern.
EFLECH run time: 2.8117382526397705 seconds
2026-02-08 23:26:09,171 INFO dara.search.tree The wmax is automatically adjusted to 59.89.
2026-02-08 23:26:09,172 INFO dara.search.tree The intensity threshold is automatically set to 10.00 % of maximum peak intensity.
2026-02-08 23:26:09,172 INFO dara.search.tree Creating the root node.
2026-02-08 23:26:09,172 INFO dara.search.tree Refining all the phases in the dataset.
2026-02-08 23:26:14,489 INFO dara.search.tree Finished refining 21 phases, with 4 phases removed.
2026-02-08 23:26:14,489 INFO dara.search.tree Express mode is enabled. Grouping phases before starting.
2026-02-08 23:26:15,128 INFO dara.search.tree Phases are grouped into 17 groups. Pinned phases were included to mask duplicate candidates.
[36m(_remote_expand_node pid=2192110)[0m 2026-02-08 23:26:15,800 INFO dara.search.tree Expanding node d702bd3a-0577-11f1-9018-6805cae19192 with current phases [], Rwp = None
[36m(_remote_expand_node pid=2192110)[0m 2026-02-08 23:26:05,536 INFO dara.search.tree Overfitting detected for ['Cs3CeF6_15793', 'MnF2_14142', 'Sr6(CoO3)5_81312', 'In_1538014', 'Ca3N2_419865'][32m [repeated 2x across cluster][0m
[36m(_remote_expand_node pid=2192110)[0m 2026-02-08 23:26:05,536 INFO dara.search.tree Rpb improvement: 0.0, lattice strain: 0[32m [repeated 2x across cluster][0m
[36m(_remote_expand_node pid=2191387)[0m 2026-02-08 23:26:21,556 INFO dara.search.tree Expanding node de567a72-0577-11f1-844e-6805cae19192 with current phases ['MnOOH_1011012'], Rwp = 34.32
[36m(_remote_expand_node pid=2191387)[0m 2026-02-08 23:26:21,705 INFO dara.search.tree Race condition avoided: ['MnOOH_1011012', 'CrCl3_1010575'] is already being processed by another worker.
[36m(_remote_expand_node pid=2191387)[0m 2026-02-08 23:26:21,714 INFO dara.search.tree Race condition avoided: ['MnOOH_1011012', 'La(OH)3_167480'] is already being processed by another worker.
[36m(_remote_expand_node pid=2193834)[0m 2026-02-08 23:26:44,019 INFO dara.search.tree Expanding node de573fde-0577-11f1-844e-6805cae19192 with current phases ['V2O5_124838'], Rwp = 33.47[32m [repeated 4x across cluster][0m
[36m(_remote_expand_node pid=2191387)[0m 2026-02-08 23:26:21,725 INFO dara.search.tree Race condition avoided: ['MnOOH_1011012', 'MnCO3_1548822'] is already being processed by another worker.[32m [repeated 4x across cluster][0m
[36m(_remote_expand_node pid=2191387)[0m 2026-02-08 23:26:51,325 INFO dara.search.tree Overfitting detected for ['MnOOH_1011012', 'In4.8Te8Au1.06_121190']
[36m(_remote_expand_node pid=2191387)[0m 2026-02-08 23:26:51,325 INFO dara.search.tree Rpb improvement: -0.46000000000000796, lattice strain: -0.0008731639676600126
[36m(_remote_expand_node pid=2193834)[0m 2026-02-08 23:26:44,728 INFO dara.search.tree Race condition avoided: ['V2O5_124838', 'MnCO3_1548822'] is already being processed by another worker.[32m [repeated 4x across cluster][0m
[36m(_remote_expand_node pid=2194027)[0m 2026-02-08 23:26:54,753 INFO dara.search.tree Expanding node de581544-0577-11f1-844e-6805cae19192 with current phases ['Li2.27Mn0.73N1_409444'], Rwp = 29.48
[36m(_remote_expand_node pid=2194027)[0m 2026-02-08 23:26:57,964 INFO dara.search.tree Race condition avoided: ['Li2.27Mn0.73N1_409444', 'V2O5_124838'] is already being processed by another worker.[32m [repeated 5x across cluster][0m
[36m(_remote_expand_node pid=2193834)[0m 2026-02-08 23:26:58,129 INFO dara.search.tree Overfitting detected for ['V2O5_124838', 'C2SN2_14340']
[36m(_remote_expand_node pid=2193834)[0m 2026-02-08 23:26:58,129 INFO dara.search.tree Rpb improvement: 1.5699999999999932, lattice strain: 0.006383061937993922
[36m(_remote_expand_node pid=2194967)[0m 2026-02-08 23:27:04,993 INFO dara.search.tree Expanding node de58c7aa-0577-11f1-844e-6805cae19192 with current phases ['DyInCu2_102877'], Rwp = 30.6
[36m(_remote_expand_node pid=2194967)[0m 2026-02-08 23:27:05,580 INFO dara.search.tree Race condition avoided: ['DyInCu2_102877', 'CrCl3_1010575'] is already being processed by another worker.
[36m(_remote_expand_node pid=2194967)[0m 2026-02-08 23:27:05,582 INFO dara.search.tree Race condition avoided: ['DyInCu2_102877', 'La(OH)3_167480'] is already being processed by another worker.
[36m(_remote_expand_node pid=2194967)[0m 2026-02-08 23:27:05,583 INFO dara.search.tree Race condition avoided: ['DyInCu2_102877', 'MnOOH_1011012'] is already being processed by another worker.
[36m(_remote_expand_node pid=2194967)[0m 2026-02-08 23:27:05,584 INFO dara.search.tree Race condition avoided: ['DyInCu2_102877', 'MnCO3_1548822'] is already being processed by another worker.
[36m(_remote_expand_node pid=2194967)[0m 2026-02-08 23:27:05,585 INFO dara.search.tree Race condition avoided: ['DyInCu2_102877', 'V2O5_124838'] is already being processed by another worker.
[36m(_remote_expand_node pid=2194967)[0m 2026-02-08 23:27:05,587 INFO dara.search.tree Race condition avoided: ['DyInCu2_102877', 'Li2.27Mn0.73N1_409444'] is already being processed by another worker.
[36m(_remote_expand_node pid=2194030)[0m 2026-02-08 23:27:07,734 INFO dara.search.tree Expanding node de5927f4-0577-11f1-844e-6805cae19192 with current phases ['Y3Ge13Ru4_53900'], Rwp = 34.31
[36m(_remote_expand_node pid=2195570)[0m 2026-02-08 23:27:13,509 INFO dara.search.tree Expanding node de59c632-0577-11f1-844e-6805cae19192 with current phases ['BaTiO3_1507756'], Rwp = 33.58[32m [repeated 2x across cluster][0m
[36m(_remote_expand_node pid=2194028)[0m 2026-02-08 23:27:13,557 INFO dara.search.tree Race condition avoided: ['ZnO_41488', 'CrCl3_1010575'] is already being processed by another worker.
[36m(_remote_expand_node pid=2194028)[0m 2026-02-08 23:27:13,559 INFO dara.search.tree Race condition avoided: ['ZnO_41488', 'La(OH)3_167480'] is already being processed by another worker.
[36m(_remote_expand_node pid=2194028)[0m 2026-02-08 23:27:13,560 INFO dara.search.tree Race condition avoided: ['ZnO_41488', 'MnOOH_1011012'] is already being processed by another worker.
[36m(_remote_expand_node pid=2194028)[0m 2026-02-08 23:27:13,561 INFO dara.search.tree Race condition avoided: ['ZnO_41488', 'MnCO3_1548822'] is already being processed by another worker.
[36m(_remote_expand_node pid=2194028)[0m 2026-02-08 23:27:13,562 INFO dara.search.tree Race condition avoided: ['ZnO_41488', 'V2O5_124838'] is already being processed by another worker.
[36m(_remote_expand_node pid=2194028)[0m 2026-02-08 23:27:13,564 INFO dara.search.tree Race condition avoided: ['ZnO_41488', 'DyInCu2_102877'] is already being processed by another worker.
[36m(_remote_expand_node pid=2194028)[0m 2026-02-08 23:27:13,567 INFO dara.search.tree Race condition avoided: ['ZnO_41488', 'Li2.27Mn0.73N1_409444'] is already being processed by another worker.
[36m(_remote_expand_node pid=2194967)[0m 2026-02-08 23:27:16,918 INFO dara.search.tree Overfitting detected for ['DyInCu2_102877', 'BaTiO3_1507756']
[36m(_remote_expand_node pid=2194967)[0m 2026-02-08 23:27:16,918 INFO dara.search.tree Rpb improvement: -8.659999999999997, lattice strain: -0.008325376170251881
[36m(_remote_expand_node pid=2195484)[0m 2026-02-08 23:27:17,264 INFO dara.search.tree Expanding node e49c0730-0577-11f1-9df9-6805cae19192 with current phases ['La(OH)3_167480', 'MnCO3_1548822'], Rwp = 6.65
[36m(_remote_expand_node pid=2195570)[0m 2026-02-08 23:27:13,584 INFO dara.search.tree Race condition avoided: ['BaTiO3_1507756', 'ZnO_41488'] is already being processed by another worker.[32m [repeated 17x across cluster][0m
[36m(_remote_expand_node pid=2192110)[0m 2026-02-08 23:27:19,648 INFO dara.search.tree Expanding node e49c92fe-0577-11f1-9df9-6805cae19192 with current phases ['La(OH)3_167480', 'V2O5_124838'], Rwp = 9.99
[36m(_remote_expand_node pid=2195570)[0m 2026-02-08 23:27:23,752 INFO dara.search.tree Overfitting detected for ['BaTiO3_1507756', 'Y3Ge13Ru4_53900'][32m [repeated 2x across cluster][0m
[36m(_remote_expand_node pid=2195570)[0m 2026-02-08 23:27:23,752 INFO dara.search.tree Rpb improvement: 0.29000000000000625, lattice strain: -0.0064717696942647035[32m [repeated 2x across cluster][0m
[36m(_remote_expand_node pid=2192110)[0m 2026-02-08 23:27:20,234 INFO dara.search.tree Race condition avoided: ['La(OH)3_167480', 'V2O5_124838', 'MnCO3_1548822'] is already being processed by another worker.
[36m(_remote_expand_node pid=2194030)[0m 2026-02-08 23:27:30,085 INFO dara.search.tree Expanding node e4a0e980-0577-11f1-9df9-6805cae19192 with current phases ['La(OH)3_167480', 'BaTiO3_1507756'], Rwp = 9.8
[36m(_remote_expand_node pid=2194030)[0m 2026-02-08 23:27:30,831 INFO dara.search.tree Race condition avoided: ['La(OH)3_167480', 'BaTiO3_1507756', 'MnCO3_1548822'] is already being processed by another worker.
[36m(_remote_expand_node pid=2194030)[0m 2026-02-08 23:27:30,832 INFO dara.search.tree Race condition avoided: ['La(OH)3_167480', 'BaTiO3_1507756', 'V2O5_124838'] is already being processed by another worker.
[36m(_remote_expand_node pid=2192110)[0m 2026-02-08 23:27:35,575 INFO dara.search.tree Overfitting detected for ['La(OH)3_167480', 'V2O5_124838', 'CrCl3_1010575']
[36m(_remote_expand_node pid=2192110)[0m 2026-02-08 23:27:35,575 INFO dara.search.tree Rpb improvement: 0.3200000000000003, lattice strain: 0.00821914658627775
Refinement result: Early stop found. Terminating all other workers.
[36m(_remote_expand_node pid=2195484)[0m 2026-02-08 23:27:37,488 INFO dara.search.tree Early stopping triggered at node e49c0730-0577-11f1-9df9-6805cae19192 with phases ['La(OH)3_167480', 'MnCO3_1548822', 'V2O5_124838']
Search tree:
Root 
├── ([32mexpanded[39m[26m) CrCl3_1010575                                    Rwp: 27.89% | Strain: 1.8% | Group 0  
│   ├── (no_improvement) In4.8Te8Au1.06_121190                      Rwp: 27.79% | Strain: 1.1% | Group 0  
│   ├── (pending) La(OH)3_167480                                    Rwp: 9.58% | Strain: 0.13% | Group 1  
│   ├── (no_improvement) MnOOH_1011012                              Rwp: 27.89% | Strain: 0.0% | Group 2  
│   ├── (pending) MnCO3_1548822                                     Rwp: 27.69% | Strain: 1.55% | Group 3  
│   ├── (no_improvement) V2O5_124838                                Rwp: 27.04% | Strain: -0.21% | Group 4  
│   ├── (high_strain) C2SN2_14340                                   Rwp: 27.41% | Strain: 2.27% | Group 5  
│   ├── (no_improvement) Gd2Co12P7_623390                           Rwp: 28.51% | Strain: 0.49% | Group 6  
│   ├── (pending) Li2.27Mn0.73N1_409444                             Rwp: 22.99% | Strain: 1.95% | Group 7  
│   ├── (no_improvement) Y3Ge13Ru4_53900                            Rwp: 27.76% | Strain: 1.64% | Group 8  
│   ├── (high_strain) DyInCu2_102877                                Rwp: 27.83% | Strain: -5.0% | Group 9  
│   ├── (no_improvement) ZnO_41488                                  Rwp: 27.74% | Strain: 1.98% | Group 10  
│   ├── (no_improvement) BaTiO3_1507756                             Rwp: 27.83% | Strain: 1.32% | Group 11  
│   ├── (high_strain) Mn2InSnPd4_51990                              Rwp: 28.50% | Strain: 2.47% | Group 12  
│   └── (no_improvement) CaNi2(SeO3)3_143490                        Rwp: 27.83% | Strain: 0.95% | Group 13  
├── (high_strain) In4.8Te8Au1.06_121190                         Rwp: 34.18% | Strain: 5.0% | Group 1  
├── ([32mexpanded[39m[26m) La(OH)3_167480                                   Rwp: 11.32% | Strain: 0.12% | Group 2  
│   ├── (no_improvement) In4.8Te8Au1.06_121190                      Rwp: 11.26% | Strain: -0.25% | Group 0  
│   ├── (no_improvement) MnOOH_1011012                              Rwp: 11.16% | Strain: 0.46% | Group 1  
│   ├── ([32mexpanded[39m[26m) MnCO3_1548822                                    Rwp: 6.65% | Strain: 0.54% | Group 2  
│   │   ├── (no_improvement) CrCl3_1010575                              Rwp: 6.65% | Strain: 0.0% | Group 0  
│   │   ├── (no_improvement) In4.8Te8Au1.06_121190                      Rwp: 6.64% | Strain: -0.87% | Group 1  
│   │   ├── (no_improvement) MnOOH_1011012                              Rwp: 6.51% | Strain: 0.46% | Group 2  
│   │   ├── (no_improvement) C2SN2_14340                                Rwp: 6.47% | Strain: -0.34% | Group 3  
│   │   ├── (no_improvement) DyInCu2_102877                             Rwp: 6.65% | Strain: 0.0% | Group 4  
│   │   └── (early_stop) V2O5_124838                                    Rwp: 5.37% | Strain: 0.02% | Group 5  
│   ├── ([32mexpanded[39m[26m) V2O5_124838                                      Rwp: 9.99% | Strain: -0.32% | Group 3  
│   │   └── (overfitting) CrCl3_1010575                                 Rwp: 10.08% | Strain: 0.82% | Group 0  
│   ├── (no_improvement) C2SN2_14340                                Rwp: 11.16% | Strain: -0.26% | Group 4  
│   ├── (no_improvement) DyInCu2_102877                             Rwp: 11.32% | Strain: 0.0% | Group 5  
│   ├── (no_improvement) Y3Ge13Ru4_53900                            Rwp: 11.26% | Strain: 0.35% | Group 6  
│   ├── (no_improvement) Li2.27Mn0.73N1_409444                      Rwp: 11.24% | Strain: 0.81% | Group 7  
│   ├── (no_improvement) ZnO_41488                                  Rwp: 11.14% | Strain: 1.08% | Group 8  
│   ├── (no_improvement) Gd2Co12P7_623390                           Rwp: 11.32% | Strain: 0.0% | Group 9  
│   ├── (no_improvement) Mn2InSnPd4_51990                           Rwp: 11.32% | Strain: 0.0% | Group 10  
│   └── (pending) BaTiO3_1507756                                    Rwp: 9.80% | Strain: 0.88% | Group 11  
├── ([32mexpanded[39m[26m) MnOOH_1011012                                    Rwp: 34.32% | Strain: 0.12% | Group 3  
│   └── (overfitting) In4.8Te8Au1.06_121190                         Rwp: 34.27% | Strain: -0.09% | Group 0  
├── ([32mexpanded[39m[26m) MnCO3_1548822                                    Rwp: 33.27% | Strain: 0.72% | Group 4  
│   ├── (no_improvement) In4.8Te8Au1.06_121190                      Rwp: 33.24% | Strain: 0.24% | Group 0  
│   ├── (no_improvement) MnOOH_1011012                              Rwp: 33.23% | Strain: 0.76% | Group 1  
│   ├── (no_improvement) V2O5_124838                                Rwp: 32.67% | Strain: -0.49% | Group 2  
│   ├── (no_improvement) C2SN2_14340                                Rwp: 32.86% | Strain: 0.72% | Group 3  
│   ├── (pending) Li2.27Mn0.73N1_409444                             Rwp: 27.73% | Strain: 0.82% | Group 4  
│   ├── (pending) DyInCu2_102877                                    Rwp: 27.51% | Strain: -0.44% | Group 5  
│   ├── (no_improvement) Y3Ge13Ru4_53900                            Rwp: 33.24% | Strain: 0.51% | Group 6  
│   ├── (pending) Gd2Co12P7_623390                                  Rwp: 30.91% | Strain: -0.23% | Group 7  
│   ├── (no_improvement) ZnO_41488                                  Rwp: 33.14% | Strain: 0.78% | Group 8  
│   ├── (no_improvement) BaTiO3_1507756                             Rwp: 33.12% | Strain: -0.08% | Group 9  
│   └── (pending) Mn2InSnPd4_51990                                  Rwp: 30.96% | Strain: 1.56% | Group 10  
├── ([32mexpanded[39m[26m) V2O5_124838                                      Rwp: 33.47% | Strain: -0.75% | Group 5  
│   └── (overfitting) C2SN2_14340                                   Rwp: 33.15% | Strain: 0.64% | Group 0  
├── (high_strain) C2SN2_14340                                   Rwp: 33.94% | Strain: 2.56% | Group 6  
├── ([32mexpanded[39m[26m) Li2.27Mn0.73N1_409444                            Rwp: 29.48% | Strain: 0.47% | Group 7  
│   ├── (no_improvement) In4.8Te8Au1.06_121190                      Rwp: 29.38% | Strain: -0.52% | Group 0  
│   ├── (no_improvement) C2SN2_14340                                Rwp: 29.07% | Strain: -0.94% | Group 1  
│   ├── (pending) DyInCu2_102877                                    Rwp: 24.71% | Strain: -1.44% | Group 2  
│   ├── (pending) Mn2InSnPd4_51990                                  Rwp: 27.05% | Strain: 0.89% | Group 3  
│   ├── (no_improvement) Y3Ge13Ru4_53900                            Rwp: 29.41% | Strain: -0.1% | Group 4  
│   ├── (pending) BaTiO3_1507756                                    Rwp: 28.38% | Strain: -0.38% | Group 5  
│   ├── (pending) Gd2Co12P7_623390                                  Rwp: 25.65% | Strain: 0.18% | Group 6  
│   └── (no_improvement) ZnO_41488                                  Rwp: 29.27% | Strain: 0.14% | Group 7  
├── (high_strain) Gd2Co12P7_623390                              Rwp: 31.76% | Strain: 4.74% | Group 8  
├── ([32mexpanded[39m[26m) DyInCu2_102877                                   Rwp: 30.60% | Strain: 0.84% | Group 9  
│   ├── (high_strain) In4.8Te8Au1.06_121190                         Rwp: 30.85% | Strain: -2.3% | Group 0  
│   ├── (high_strain) C2SN2_14340                                   Rwp: 30.39% | Strain: 4.01% | Group 1  
│   ├── (high_strain) Y3Ge13Ru4_53900                               Rwp: 30.50% | Strain: 3.8% | Group 2  
│   ├── (high_strain) ZnO_41488                                     Rwp: 30.82% | Strain: -2.6% | Group 3  
│   └── (overfitting) BaTiO3_1507756                                Rwp: 33.58% | Strain: -0.83% | Group 4  
├── ([32mexpanded[39m[26m) Y3Ge13Ru4_53900                                  Rwp: 34.31% | Strain: -0.07% | Group 10  
│   └── (overfitting) In4.8Te8Au1.06_121190                         Rwp: 34.26% | Strain: -0.46% | Group 0  
├── (pending) ZnO_41488                                         Rwp: 34.17% | Strain: -0.07% | Group 11  
├── ([32mexpanded[39m[26m) BaTiO3_1507756                                   Rwp: 33.58% | Strain: -0.83% | Group 12  
│   ├── (no_improvement) In4.8Te8Au1.06_121190                      Rwp: 33.48% | Strain: -0.89% | Group 0  
│   ├── (no_improvement) C2SN2_14340                                Rwp: 33.34% | Strain: -0.62% | Group 1  
│   └── (overfitting) Y3Ge13Ru4_53900                               Rwp: 33.57% | Strain: -0.65% | Group 2  
└── (high_strain) Mn2InSnPd4_51990                              Rwp: 31.89% | Strain: -2.07% | Group 13  

[36m(_remote_expand_node pid=2194028)[0m Task was cancelled remotely. Returning current state.
    Saved DARA refined plot to /work/hdd/bffm/xtong1/ref_200_conserv/results/evaluation/dara_refined_plots/V2O5_La(OH)3_MnCO3_refined.html
Refinement result: {'La(OH)3_167480': np.float64(0.593101323261429), 'MnCO3_1548822': np.float64(0.3077860667175398), 'V2O5_124838': np.float64(0.09911261002103128)}
DARA refinement result: Rwp=5.37%, Max False Peak Relative Intensity=0.0033
    Recall: 1.0000, Precision: 1.0000, F1: 1.0000
    Time taken: 91.85 seconds

========================================
Processing pattern: LiMn2O4
    Running DARA refinement on 5 candidate phases...

DARA Iteration 1: Refining 5 phases: ['LiCrO2_1532839', 'LiMn2O4_1513962', 'LiNiO2_1533770', 'Li4Ti5O12_cm103332y_si_001', 'CrSbSe3_84866']
2026-02-08 23:27:38,115 INFO dara.search.tree Detecting peaks in the pattern.
EFLECH run time: 3.2715437412261963 seconds
2026-02-08 23:27:41,416 INFO dara.search.tree The wmax is automatically adjusted to 68.19.
2026-02-08 23:27:41,416 INFO dara.search.tree The intensity threshold is automatically set to 10.00 % of maximum peak intensity.
2026-02-08 23:27:41,416 INFO dara.search.tree Creating the root node.
2026-02-08 23:27:41,416 INFO dara.search.tree Refining all the phases in the dataset.
2026-02-08 23:27:45,001 INFO dara.search.tree Finished refining 5 phases, with 1 phases removed.
2026-02-08 23:27:45,001 INFO dara.search.tree Express mode is enabled. Grouping phases before starting.
2026-02-08 23:27:45,310 INFO dara.search.tree Phases are grouped into 1 groups. Pinned phases were included to mask duplicate candidates.
[36m(_remote_expand_node pid=2196511)[0m 2026-02-08 23:27:45,853 INFO dara.search.tree Expanding node 0dfe1938-0578-11f1-9018-6805cae19192 with current phases [], Rwp = None
Search tree:
Root 
└── ([32mexpanded[39m[26m) LiMn2O4_1513962                                  Rwp: 6.30% | Strain: -0.02% | Group 0  

[36m(_remote_expand_node pid=2196511)[0m 2026-02-08 23:27:46,565 INFO dara.search.tree Expanding node 110e57a0-0578-11f1-9d66-6805cae19192 with current phases ['LiMn2O4_1513962'], Rwp = 6.3
    Saved DARA refined plot to /work/hdd/bffm/xtong1/ref_200_conserv/results/evaluation/dara_refined_plots/LiMn2O4_refined.html
Refinement result: {'LiMn2O4_1513962': np.float64(1.0)}
DARA refinement result: Rwp=6.30%, Max False Peak Relative Intensity=0.0017
    Recall: 1.0000, Precision: 1.0000, F1: 1.0000
    Time taken: 8.95 seconds

========================================
Processing pattern: La(OH)3_ZrO2
    Running DARA refinement on 7 candidate phases...

DARA Iteration 1: Refining 7 phases: ['Gd2Co12P7_623390', 'Li2.27Mn0.73N1_409444', 'CrCl3_1010575', 'La(OH)3_167480', 'Mn2InSnPd4_51990', 'SrTiO3_1512124', 'K4Mo6Se25O_79874']
2026-02-08 23:27:47,065 INFO dara.search.tree Detecting peaks in the pattern.
EFLECH run time: 1.996422290802002 seconds
2026-02-08 23:27:49,095 INFO dara.search.tree The wmax is automatically adjusted to 56.57.
2026-02-08 23:27:49,096 INFO dara.search.tree The intensity threshold is automatically set to 10.00 % of maximum peak intensity.
2026-02-08 23:27:49,096 INFO dara.search.tree Creating the root node.
2026-02-08 23:27:49,096 INFO dara.search.tree Refining all the phases in the dataset.
2026-02-08 23:27:51,557 INFO dara.search.tree Finished refining 7 phases, with 0 phases removed.
2026-02-08 23:27:51,557 INFO dara.search.tree Express mode is enabled. Grouping phases before starting.
2026-02-08 23:27:51,757 INFO dara.search.tree Phases are grouped into 7 groups. Pinned phases were included to mask duplicate candidates.
[36m(_remote_expand_node pid=2196514)[0m 2026-02-08 23:27:52,312 INFO dara.search.tree Expanding node 1291ee70-0578-11f1-9018-6805cae19192 with current phases [], Rwp = None
[36m(_remote_expand_node pid=2196514)[0m 2026-02-08 23:27:55,954 INFO dara.search.tree Expanding node 16a29334-0578-11f1-947d-6805cae19192 with current phases ['La(OH)3_167480'], Rwp = 9.37
Search tree:
Root 
├── ([32mexpanded[39m[26m) La(OH)3_167480                                   Rwp: 9.37% | Strain: 0.15% | Group 0  
├── (high_strain) CrCl3_1010575                                 Rwp: 38.31% | Strain: 2.08% | Group 1  
├── ([32mexpanded[39m[26m) Li2.27Mn0.73N1_409444                            Rwp: 37.15% | Strain: 0.12% | Group 2  
│   └── (overfitting) La(OH)3_167480                                Rwp: 9.26% | Strain: 0.15% | Group 0  
├── (high_strain) Gd2Co12P7_623390                              Rwp: 40.26% | Strain: 4.5% | Group 3  
├── (high_strain) Mn2InSnPd4_51990                              Rwp: 40.05% | Strain: -2.13% | Group 4  
└── (high_strain) SrTiO3_1512124                                Rwp: 43.17% | Strain: -5.0% | Group 5  

[36m(_remote_expand_node pid=2197306)[0m 2026-02-08 23:27:58,411 INFO dara.search.tree Overfitting detected for ['Li2.27Mn0.73N1_409444', 'La(OH)3_167480']
[36m(_remote_expand_node pid=2197306)[0m 2026-02-08 23:27:58,411 INFO dara.search.tree Rpb improvement: 60.39, lattice strain: 0.0014500058343951015
    Saved DARA refined plot to /work/hdd/bffm/xtong1/ref_200_conserv/results/evaluation/dara_refined_plots/La(OH)3_ZrO2_refined.html
Refinement result: {'La(OH)3_167480': np.float64(1.0)}
DARA refinement result: Rwp=9.37%, Max False Peak Relative Intensity=0.0000
    Recall: 0.5000, Precision: 1.0000, F1: 0.6667
    Time taken: 11.91 seconds

========================================
Processing pattern: V2O5_NiO
    Running DARA refinement on 14 candidate phases...

DARA Iteration 1: Refining 14 phases: ['NiO_1010093', 'V2O5_124838', 'KPu_29020', 'CrAs_195013', 'MnOOH_1011012', 'Li2TiO3_15150', 'CrSbSe3_84866', 'Ba8Y4Cu13.5O28.68_400087', 'Tm6Fe51C4.5_617870', 'InP_1010146', 'Bk_292005', 'Ca3N2_419865', 'MnAs2S4(NF6)4_201207', 'EuF2_238222']
2026-02-08 23:27:58,993 INFO dara.search.tree Detecting peaks in the pattern.
EFLECH run time: 2.6898281574249268 seconds
2026-02-08 23:28:01,714 INFO dara.search.tree The wmax is automatically adjusted to 63.96.
2026-02-08 23:28:01,715 INFO dara.search.tree The intensity threshold is automatically set to 6.15 % of maximum peak intensity.
2026-02-08 23:28:01,715 INFO dara.search.tree Creating the root node.
2026-02-08 23:28:01,715 INFO dara.search.tree Refining all the phases in the dataset.
2026-02-08 23:28:11,666 INFO dara.search.tree Finished refining 14 phases, with 2 phases removed.
2026-02-08 23:28:11,667 INFO dara.search.tree Express mode is enabled. Grouping phases before starting.
2026-02-08 23:28:12,191 INFO dara.search.tree Phases are grouped into 10 groups. Pinned phases were included to mask duplicate candidates.
[36m(_remote_expand_node pid=2196511)[0m 2026-02-08 23:28:12,781 INFO dara.search.tree Expanding node 1a17712e-0578-11f1-9018-6805cae19192 with current phases [], Rwp = None
[36m(_remote_expand_node pid=2197306)[0m 2026-02-08 23:27:55,964 INFO dara.search.tree Expanding node 16a349be-0578-11f1-947d-6805cae19192 with current phases ['Li2.27Mn0.73N1_409444'], Rwp = 37.15
[36m(_remote_expand_node pid=2196513)[0m 2026-02-08 23:28:16,952 INFO dara.search.tree Expanding node 2323c56a-0578-11f1-9d66-6805cae19192 with current phases ['MnOOH_1011012'], Rwp = 23.03
[36m(_remote_expand_node pid=2197306)[0m 2026-02-08 23:28:16,999 INFO dara.search.tree Race condition avoided: ['CrAs_195013', 'V2O5_124838'] is already being processed by another worker.
[36m(_remote_expand_node pid=2196511)[0m 2026-02-08 23:28:25,978 INFO dara.search.tree Early stopping triggered at node 23228e84-0578-11f1-9d66-6805cae19192 with phases ['V2O5_124838', 'NiO_1010093']
[36m(_remote_expand_node pid=2198247)[0m 2026-02-08 23:28:16,946 INFO dara.search.tree Expanding node 2322fa86-0578-11f1-9d66-6805cae19192 with current phases ['Tm6Fe51C4.5_617870'], Rwp = 13.61[32m [repeated 3x across cluster][0m
[36m(_remote_expand_node pid=2198247)[0m 2026-02-08 23:28:17,033 INFO dara.search.tree Race condition avoided: ['Tm6Fe51C4.5_617870', 'CrAs_195013'] is already being processed by another worker.[32m [repeated 5x across cluster][0m
Refinement result: Early stop found. Terminating all other workers.
Search tree:
Root 
├── ([32mexpanded[39m[26m) V2O5_124838                                      Rwp: 22.23% | Strain: -0.02% | Group 0  
│   ├── (pending) Tm6Fe51C4.5_617870                                Rwp: 10.52% | Strain: -0.83% | Group 0  
│   ├── (no_improvement) MnOOH_1011012                              Rwp: 22.20% | Strain: 0.23% | Group 1  
│   ├── (no_improvement) CrAs_195013                                Rwp: 21.85% | Strain: 0.01% | Group 2  
│   ├── (no_improvement) Ca3N2_419865                               Rwp: 22.18% | Strain: 0.06% | Group 3  
│   ├── (no_improvement) InP_1010146                                Rwp: 21.91% | Strain: 0.84% | Group 4  
│   └── (early_stop) NiO_1010093                                    Rwp: 2.59% | Strain: 0.2% | Group 5  
├── (pending) Tm6Fe51C4.5_617870                                Rwp: 13.61% | Strain: -0.84% | Group 1  
├── (pending) CrAs_195013                                       Rwp: 23.31% | Strain: 0.59% | Group 2  
├── (pending) MnOOH_1011012                                     Rwp: 23.03% | Strain: -1.69% | Group 3  
├── (pending) NiO_1010093                                       Rwp: 9.29% | Strain: 0.2% | Group 4  
└── (pending) InP_1010146                                       Rwp: 22.60% | Strain: 0.95% | Group 5  

[36m(_remote_expand_node pid=2196513)[0m Task was cancelled remotely. Returning current state.
    Saved DARA refined plot to /work/hdd/bffm/xtong1/ref_200_conserv/results/evaluation/dara_refined_plots/V2O5_NiO_refined.html
Refinement result: {'NiO_1010093': np.float64(0.7048320148615548), 'V2O5_124838': np.float64(0.2951679851384451)}
DARA refinement result: Rwp=2.59%, Max False Peak Relative Intensity=0.0000
    Recall: 1.0000, Precision: 1.0000, F1: 1.0000
    Time taken: 27.67 seconds

========================================
Processing pattern: Mn2O3_LiAlSi2O6
    Running DARA refinement on 13 candidate phases...

DARA Iteration 1: Refining 13 phases: ['Mn2O3_1514106', 'LiF_1010990', 'Bi4Ti3O12_1528445', 'LiAlSi2O6_2003129', 'Li2CO3_100324', 'MnO3_173646', 'BaBe2Si2O7_20409', 'Fe3.482Sn0.518Sb8Se16_118233', 'Sr2YReO6_25404', 'Si72.008Ag14.456O144_11126', 'Er3TlC_76824', 'SrH2C2O5_117360', 'Nd3Ga5O12_84872']
2026-02-08 23:28:26,698 INFO dara.search.tree Detecting peaks in the pattern.
EFLECH run time: 8.5220308303833 seconds
2026-02-08 23:28:35,306 INFO dara.search.tree The wmax is automatically adjusted to 45.81.
2026-02-08 23:28:35,307 INFO dara.search.tree The intensity threshold is automatically set to 10.00 % of maximum peak intensity.
2026-02-08 23:28:35,307 INFO dara.search.tree Creating the root node.
2026-02-08 23:28:35,307 INFO dara.search.tree Refining all the phases in the dataset.
2026-02-08 23:28:40,023 INFO dara.search.tree Finished refining 13 phases, with 1 phases removed.
2026-02-08 23:28:40,024 INFO dara.search.tree Express mode is enabled. Grouping phases before starting.
2026-02-08 23:28:40,736 INFO dara.search.tree Phases are grouped into 12 groups. Pinned phases were included to mask duplicate candidates.
[36m(_remote_expand_node pid=2196511)[0m 2026-02-08 23:28:41,289 INFO dara.search.tree Expanding node 2e1d33a2-0578-11f1-9018-6805cae19192 with current phases [], Rwp = None
[36m(_remote_expand_node pid=2198247)[0m Task was cancelled remotely. Returning current state.[32m [repeated 2x across cluster][0m
[36m(_remote_expand_node pid=2196511)[0m 2026-02-08 23:28:42,363 INFO dara.search.tree Expanding node 324d3c56-0578-11f1-9d66-6805cae19192 with current phases ['Mn2O3_1514106'], Rwp = 30.43
[36m(_remote_expand_node pid=2198984)[0m 2026-02-08 23:28:42,402 INFO dara.search.tree Race condition avoided: ['LiF_1010990', 'Mn2O3_1514106'] is already being processed by another worker.
Search tree:
Root 
├── ([32mexpanded[39m[26m) Mn2O3_1514106                                    Rwp: 30.43% | Strain: 0.56% | Group 0  
│   ├── ([32mexpanded[39m[26m) Sr2YReO6_25404                                   Rwp: 30.04% | Strain: 0.9% | Group 0  
│   │   └── (overfitting) LiF_1010990                                   Rwp: 29.27% | Strain: 1.33% | Group 0  
│   └── ([32mexpanded[39m[26m) LiF_1010990                                      Rwp: 29.70% | Strain: 1.63% | Group 1  
├── (high_strain) Sr2YReO6_25404                                Rwp: 35.96% | Strain: -2.72% | Group 1  
└── ([32mexpanded[39m[26m) LiF_1010990                                      Rwp: 35.41% | Strain: -1.37% | Group 2  
    └── (no_improvement) Sr2YReO6_25404                             Rwp: 35.17% | Strain: -0.65% | Group 0  

[36m(_remote_expand_node pid=2196511)[0m 2026-02-08 23:28:46,113 INFO dara.search.tree Overfitting detected for ['Mn2O3_1514106', 'Sr2YReO6_25404', 'LiF_1010990']
[36m(_remote_expand_node pid=2196511)[0m 2026-02-08 23:28:46,113 INFO dara.search.tree Rpb improvement: 3.3699999999999903, lattice strain: 0.013282025819265056
    Saved DARA refined plot to /work/hdd/bffm/xtong1/ref_200_conserv/results/evaluation/dara_refined_plots/Mn2O3_LiAlSi2O6_refined.html
Refinement result: {'Mn2O3_1514106': np.float64(0.5003141019800413), 'LiF_1010990': np.float64(0.49968589801995866)}
DARA refinement result: Rwp=29.70%, Max False Peak Relative Intensity=0.1796
    Recall: 0.5000, Precision: 0.5000, F1: 0.5000
    Time taken: 20.00 seconds

========================================
Processing pattern: TiO2_MnO
    Running DARA refinement on 5 candidate phases...

DARA Iteration 1: Refining 5 phases: ['ZrNi2Sn_105383', 'TiO2_121632', 'In4.8Te8Au1.06_121190', 'MnO_1010393', 'DySnPd2_103349']
2026-02-08 23:28:46,651 INFO dara.search.tree Detecting peaks in the pattern.
EFLECH run time: 3.5523340702056885 seconds
2026-02-08 23:28:50,235 INFO dara.search.tree The wmax is automatically adjusted to 63.64.
2026-02-08 23:28:50,235 INFO dara.search.tree The intensity threshold is automatically set to 10.00 % of maximum peak intensity.
2026-02-08 23:28:50,235 INFO dara.search.tree Creating the root node.
2026-02-08 23:28:50,235 INFO dara.search.tree Refining all the phases in the dataset.
2026-02-08 23:28:51,423 INFO dara.search.tree Finished refining 5 phases, with 0 phases removed.
2026-02-08 23:28:51,423 INFO dara.search.tree Express mode is enabled. Grouping phases before starting.
2026-02-08 23:28:51,826 INFO dara.search.tree Phases are grouped into 5 groups. Pinned phases were included to mask duplicate candidates.
[36m(_remote_expand_node pid=2196511)[0m 2026-02-08 23:28:52,382 INFO dara.search.tree Expanding node 37030ec4-0578-11f1-9018-6805cae19192 with current phases [], Rwp = None
[36m(_remote_expand_node pid=2199512)[0m 2026-02-08 23:28:45,246 INFO dara.search.tree Expanding node 3403ddb6-0578-11f1-9d66-6805cae19192 with current phases ['Mn2O3_1514106', 'LiF_1010990'], Rwp = 29.7[32m [repeated 3x across cluster][0m
[36m(_remote_expand_node pid=2199512)[0m 2026-02-08 23:28:45,273 INFO dara.search.tree Race condition avoided: ['Mn2O3_1514106', 'LiF_1010990', 'Sr2YReO6_25404'] is already being processed by another worker.
[36m(_remote_expand_node pid=2198984)[0m 2026-02-08 23:28:55,832 INFO dara.search.tree Race condition avoided: ['ZrNi2Sn_105383', 'TiO2_121632'] is already being processed by another worker.
[36m(_remote_expand_node pid=2200005)[0m 2026-02-08 23:28:55,806 INFO dara.search.tree Expanding node 3a4fa268-0578-11f1-9d66-6805cae19192 with current phases ['DySnPd2_103349'], Rwp = 26.74[32m [repeated 4x across cluster][0m
[36m(_remote_expand_node pid=2200005)[0m 2026-02-08 23:29:01,762 INFO dara.search.tree Race condition avoided: ['DySnPd2_103349', 'MnO_1010393'] is already being processed by another worker.[32m [repeated 5x across cluster][0m
[36m(_remote_expand_node pid=2198984)[0m 2026-02-08 23:29:02,406 INFO dara.search.tree Overfitting detected for ['ZrNi2Sn_105383', 'MnO_1010393']
[36m(_remote_expand_node pid=2198984)[0m 2026-02-08 23:29:02,406 INFO dara.search.tree Rpb improvement: 24.340000000000003, lattice strain: 0.00844827586206885
[36m(_remote_expand_node pid=2200113)[0m 2026-02-08 23:29:05,165 INFO dara.search.tree Expanding node 3e43c2be-0578-11f1-8d46-6805cae19192 with current phases ['ZrNi2Sn_105383', 'DySnPd2_103349'], Rwp = 22.38[32m [repeated 2x across cluster][0m
[36m(_remote_expand_node pid=2198984)[0m 2026-02-08 23:29:07,447 INFO dara.search.tree Overfitting detected for ['ZrNi2Sn_105383', 'In4.8Te8Au1.06_121190', 'TiO2_121632']
[36m(_remote_expand_node pid=2198984)[0m 2026-02-08 23:29:07,447 INFO dara.search.tree Rpb improvement: 27.590000000000003, lattice strain: 0.0004404698450221557
[36m(_remote_expand_node pid=2198984)[0m 2026-02-08 23:29:07,485 INFO dara.search.tree Race condition avoided: ['MnO_1010393', 'In4.8Te8Au1.06_121190', 'ZrNi2Sn_105383'] is already being processed by another worker.
[36m(_remote_expand_node pid=2200110)[0m 2026-02-08 23:29:10,054 INFO dara.search.tree Expanding node 3f2a9a90-0578-11f1-a2c4-6805cae19192 with current phases ['MnO_1010393', 'DySnPd2_103349'], Rwp = 15.01[32m [repeated 2x across cluster][0m
[36m(_remote_expand_node pid=2200113)[0m 2026-02-08 23:29:10,504 INFO dara.search.tree Overfitting detected for ['ZrNi2Sn_105383', 'DySnPd2_103349', 'TiO2_121632']
[36m(_remote_expand_node pid=2200113)[0m 2026-02-08 23:29:10,504 INFO dara.search.tree Rpb improvement: 30.259999999999998, lattice strain: 0.0003425092259985244
[36m(_remote_expand_node pid=2196511)[0m 2026-02-08 23:29:12,661 INFO dara.search.tree Race condition avoided: ['TiO2_121632', 'ZrNi2Sn_105383', 'DySnPd2_103349'] is already being processed by another worker.[32m [repeated 5x across cluster][0m
Search tree:
Root 
├── (high_strain) In4.8Te8Au1.06_121190                         Rwp: 23.40% | Strain: 4.63% | Group 0  
├── ([32mexpanded[39m[26m) TiO2_121632                                      Rwp: 22.74% | Strain: 0.08% | Group 1  
│   ├── (no_improvement) In4.8Te8Au1.06_121190                      Rwp: 22.46% | Strain: 1.58% | Group 0  
│   ├── (no_improvement) DySnPd2_103349                             Rwp: 22.73% | Strain: 1.32% | Group 1  
│   ├── ([32mexpanded[39m[26m) ZrNi2Sn_105383                                   Rwp: 17.25% | Strain: 0.27% | Group 2  
│   │   └── (overfitting) MnO_1010393                                   Rwp: 4.72% | Strain: 0.85% | Group 0  
│   └── ([32mexpanded[39m[26m) MnO_1010393                                      Rwp: 4.73% | Strain: 0.85% | Group 3  
├── ([32mexpanded[39m[26m) DySnPd2_103349                                   Rwp: 26.74% | Strain: -1.67% | Group 2  
│   └── (high_strain) In4.8Te8Au1.06_121190                         Rwp: 17.29% | Strain: 4.55% | Group 0  
├── ([32mexpanded[39m[26m) ZrNi2Sn_105383                                   Rwp: 22.94% | Strain: 0.27% | Group 3  
│   ├── ([32mexpanded[39m[26m) In4.8Te8Au1.06_121190                            Rwp: 21.07% | Strain: -0.15% | Group 0  
│   │   └── (overfitting) TiO2_121632                                   Rwp: 17.24% | Strain: 0.04% | Group 0  
│   ├── ([32mexpanded[39m[26m) DySnPd2_103349                                   Rwp: 22.38% | Strain: 0.01% | Group 1  
│   │   └── (overfitting) TiO2_121632                                   Rwp: 17.23% | Strain: 0.03% | Group 0  
│   └── (overfitting) MnO_1010393                                   Rwp: 15.85% | Strain: 0.84% | Group 2  
└── ([32mexpanded[39m[26m) MnO_1010393                                      Rwp: 15.85% | Strain: 0.84% | Group 4  
    ├── ([32mexpanded[39m[26m) In4.8Te8Au1.06_121190                            Rwp: 12.20% | Strain: -1.04% | Group 0  
    │   └── (overfitting) TiO2_121632                                   Rwp: 4.73% | Strain: 0.04% | Group 0  
    └── ([32mexpanded[39m[26m) DySnPd2_103349                                   Rwp: 15.01% | Strain: -0.0% | Group 1  
        └── (overfitting) TiO2_121632                                   Rwp: 4.65% | Strain: 0.03% | Group 0  

    Saved DARA refined plot to /work/hdd/bffm/xtong1/ref_200_conserv/results/evaluation/dara_refined_plots/TiO2_MnO_refined.html
Refinement result: {'MnO_1010393': np.float64(0.5115703922558844), 'TiO2_121632': np.float64(0.4884296077441157)}
DARA refinement result: Rwp=4.73%, Max False Peak Relative Intensity=0.0000
    Recall: 1.0000, Precision: 1.0000, F1: 1.0000
    Time taken: 27.46 seconds

========================================
Processing pattern: TiO2_Li3PO4
    Running DARA refinement on 8 candidate phases...

DARA Iteration 1: Refining 8 phases: ['Li3PO4_9012500', 'TiO2_121632', 'K4B44.0064H48C3.9936_133890', 'NiO_1010093', 'MnOOH_1011012', 'Mo4O11_24033', 'Li2.27Mn0.73N1_409444', 'DyInCu2_102877']
2026-02-08 23:29:14,127 INFO dara.search.tree Detecting peaks in the pattern.
EFLECH run time: 2.1360929012298584 seconds
2026-02-08 23:29:16,297 INFO dara.search.tree The wmax is automatically adjusted to 56.37.
2026-02-08 23:29:16,297 INFO dara.search.tree The intensity threshold is automatically set to 5.50 % of maximum peak intensity.
2026-02-08 23:29:16,298 INFO dara.search.tree Creating the root node.
2026-02-08 23:29:16,298 INFO dara.search.tree Refining all the phases in the dataset.
2026-02-08 23:29:20,459 INFO dara.search.tree Finished refining 8 phases, with 0 phases removed.
2026-02-08 23:29:20,459 INFO dara.search.tree Express mode is enabled. Grouping phases before starting.
2026-02-08 23:29:21,088 INFO dara.search.tree Phases are grouped into 8 groups. Pinned phases were included to mask duplicate candidates.
[36m(_remote_expand_node pid=2196511)[0m 2026-02-08 23:29:21,645 INFO dara.search.tree Expanding node 468be244-0578-11f1-9018-6805cae19192 with current phases [], Rwp = None
[36m(_remote_expand_node pid=2198984)[0m 2026-02-08 23:29:12,653 INFO dara.search.tree Expanding node 445bae28-0578-11f1-9d66-6805cae19192 with current phases ['TiO2_121632', 'MnO_1010393'], Rwp = 4.73[32m [repeated 2x across cluster][0m
[36m(_remote_expand_node pid=2196511)[0m 2026-02-08 23:29:13,597 INFO dara.search.tree Overfitting detected for ['TiO2_121632', 'ZrNi2Sn_105383', 'MnO_1010393'][32m [repeated 3x across cluster][0m
[36m(_remote_expand_node pid=2196511)[0m 2026-02-08 23:29:13,597 INFO dara.search.tree Rpb improvement: 26.830000000000002, lattice strain: 0.008464156079854773[32m [repeated 3x across cluster][0m
[36m(_remote_expand_node pid=2201450)[0m 2026-02-08 23:29:26,025 INFO dara.search.tree Race condition avoided: ['TiO2_121632', 'Li3PO4_9012500'] is already being processed by another worker.
[36m(_remote_expand_node pid=2196511)[0m 2026-02-08 23:29:31,052 INFO dara.search.tree Expanding node 4f514964-0578-11f1-9d66-6805cae19192 with current phases ['Li3PO4_9012500', 'TiO2_121632'], Rwp = 9.97[32m [repeated 3x across cluster][0m
[36m(_remote_expand_node pid=2201450)[0m 2026-02-08 23:29:31,074 INFO dara.search.tree Race condition avoided: ['Li3PO4_9012500', 'MnOOH_1011012', 'TiO2_121632'] is already being processed by another worker.
Search tree:
Root 
├── ([32mexpanded[39m[26m) Li3PO4_9012500                                   Rwp: 32.95% | Strain: 1.73% | Group 0  
│   ├── ([32mexpanded[39m[26m) TiO2_121632                                      Rwp: 9.97% | Strain: 0.17% | Group 0  
│   │   ├── (high_strain) MnOOH_1011012                                 Rwp: 9.63% | Strain: 2.21% | Group 0  
│   │   ├── (no_improvement) DyInCu2_102877                             Rwp: 9.74% | Strain: 1.18% | Group 1  
│   │   ├── (no_improvement) K4B44.0064H48C3.9936_133890                Rwp: 9.97% | Strain: 0.0% | Group 2  
│   │   └── (no_improvement) Li2.27Mn0.73N1_409444                      Rwp: 9.51% | Strain: 0.79% | Group 3  
│   ├── ([32mexpanded[39m[26m) MnOOH_1011012                                    Rwp: 22.58% | Strain: -1.08% | Group 1  
│   │   └── (overfitting) DyInCu2_102877                                Rwp: 21.59% | Strain: -1.34% | Group 0  
│   ├── (no_improvement) K4B44.0064H48C3.9936_133890                Rwp: 32.89% | Strain: -1.78% | Group 2  
│   └── (high_strain) Li2.27Mn0.73N1_409444                         Rwp: 32.43% | Strain: 2.08% | Group 3  
├── ([32mexpanded[39m[26m) TiO2_121632                                      Rwp: 14.98% | Strain: 0.09% | Group 1  
│   ├── (no_improvement) DyInCu2_102877                             Rwp: 14.78% | Strain: 0.99% | Group 0  
│   ├── (high_strain) MnOOH_1011012                                 Rwp: 13.30% | Strain: 2.16% | Group 1  
│   └── (no_improvement) Li2.27Mn0.73N1_409444                      Rwp: 14.72% | Strain: -0.77% | Group 2  
├── (high_strain) MnOOH_1011012                                 Rwp: 23.98% | Strain: -2.7% | Group 2  
├── (high_strain) DyInCu2_102877                                Rwp: 33.56% | Strain: -2.2% | Group 3  
├── (high_strain) K4B44.0064H48C3.9936_133890                   Rwp: 40.22% | Strain: -3.14% | Group 4  
└── (high_strain) Li2.27Mn0.73N1_409444                         Rwp: 40.11% | Strain: 2.54% | Group 5  

[36m(_remote_expand_node pid=2201450)[0m 2026-02-08 23:29:39,950 INFO dara.search.tree Overfitting detected for ['Li3PO4_9012500', 'MnOOH_1011012', 'DyInCu2_102877']
[36m(_remote_expand_node pid=2201450)[0m 2026-02-08 23:29:39,951 INFO dara.search.tree Rpb improvement: 2.6799999999999997, lattice strain: -0.013423327771879302
[36m(_remote_expand_node pid=2201450)[0m 2026-02-08 23:29:31,056 INFO dara.search.tree Expanding node 4f51b9e4-0578-11f1-9d66-6805cae19192 with current phases ['Li3PO4_9012500', 'MnOOH_1011012'], Rwp = 22.58
    Saved DARA refined plot to /work/hdd/bffm/xtong1/ref_200_conserv/results/evaluation/dara_refined_plots/TiO2_Li3PO4_refined.html
Refinement result: {'TiO2_121632': np.float64(0.6922627054213696), 'Li3PO4_9012500': np.float64(0.3077372945786303)}
DARA refinement result: Rwp=9.97%, Max False Peak Relative Intensity=0.0458
    Recall: 1.0000, Precision: 1.0000, F1: 1.0000
    Time taken: 26.35 seconds

========================================
Processing pattern: ZrO2_LiOH
    Running DARA refinement on 17 candidate phases...

DARA Iteration 1: Refining 17 phases: ['ZrO2_1528984', 'LiOH_1010301', 'BaTiO3_1507756', 'Na8Al2.64Ga3.36Si6N2O28.0008_419802', 'Er8Al2.88Fe13.12_195404', 'MnCO3_1548822', 'Ce8Fe12.32Rh3.68_102160', 'NiO_1010093', 'Cs2AgBiBr6_18989', 'NiH10CNCl3O2_433257', 'LiF_1010990', 'Fe2.16Bi12Os9.84O44_144853', 'Co_1534891', 'In4.8Te8Au1.06_121190', 'Y3Ga5O12_36730', 'LuAs_610816', 'CrAs_195013']
2026-02-08 23:29:40,495 INFO dara.search.tree Detecting peaks in the pattern.
EFLECH run time: 6.137778043746948 seconds
2026-02-08 23:29:46,668 INFO dara.search.tree The wmax is automatically adjusted to 56.7.
2026-02-08 23:29:46,668 INFO dara.search.tree The intensity threshold is automatically set to 8.99 % of maximum peak intensity.
2026-02-08 23:29:46,668 INFO dara.search.tree Creating the root node.
2026-02-08 23:29:46,668 INFO dara.search.tree Refining all the phases in the dataset.
2026-02-08 23:29:53,899 INFO dara.search.tree Finished refining 17 phases, with 1 phases removed.
2026-02-08 23:29:53,899 INFO dara.search.tree Express mode is enabled. Grouping phases before starting.
2026-02-08 23:29:54,803 INFO dara.search.tree Phases are grouped into 14 groups. Pinned phases were included to mask duplicate candidates.
[36m(_remote_expand_node pid=2201450)[0m 2026-02-08 23:29:55,497 INFO dara.search.tree Expanding node 58a60392-0578-11f1-9018-6805cae19192 with current phases [], Rwp = None
[36m(_remote_expand_node pid=2196511)[0m 2026-02-08 23:29:59,337 INFO dara.search.tree Expanding node 602ac7e2-0578-11f1-a27b-6805cae19192 with current phases ['LiF_1010990'], Rwp = 34.13
[36m(_remote_expand_node pid=2196511)[0m 2026-02-08 23:29:59,386 INFO dara.search.tree Race condition avoided: ['LiF_1010990', 'ZrO2_1528984'] is already being processed by another worker.
[36m(_remote_expand_node pid=2196511)[0m 2026-02-08 23:29:59,403 INFO dara.search.tree Race condition avoided: ['LiF_1010990', 'LuAs_610816'] is already being processed by another worker.
[36m(_remote_expand_node pid=2198984)[0m 2026-02-08 23:30:06,059 INFO dara.search.tree Expanding node 637f22c6-0578-11f1-a27b-6805cae19192 with current phases ['ZrO2_1528984', 'LiOH_1010301'], Rwp = 8.72[32m [repeated 3x across cluster][0m
[36m(_remote_expand_node pid=2202279)[0m 2026-02-08 23:29:59,379 INFO dara.search.tree Race condition avoided: ['LuAs_610816', 'ZrO2_1528984'] is already being processed by another worker.
[36m(_remote_expand_node pid=2196511)[0m 2026-02-08 23:30:06,547 INFO dara.search.tree Overfitting detected for ['LiF_1010990', 'In4.8Te8Au1.06_121190']
[36m(_remote_expand_node pid=2196511)[0m 2026-02-08 23:30:06,547 INFO dara.search.tree Rpb improvement: 5.980000000000004, lattice strain: -0.043346816976131075
[36m(_remote_expand_node pid=2200803)[0m 2026-02-08 23:30:11,138 INFO dara.search.tree Expanding node 671e3cf0-0578-11f1-9a34-6805cae19192 with current phases ['LuAs_610816', 'Fe2.16Bi12Os9.84O44_144853'], Rwp = 30.06
[36m(_remote_expand_node pid=2200803)[0m 2026-02-08 23:30:21,652 INFO dara.search.tree Overfitting detected for ['LuAs_610816', 'Fe2.16Bi12Os9.84O44_144853', 'ZrO2_1528984'][32m [repeated 2x across cluster][0m
[36m(_remote_expand_node pid=2200803)[0m 2026-02-08 23:30:21,652 INFO dara.search.tree Rpb improvement: 62.09, lattice strain: 0.00032107961899266034[32m [repeated 2x across cluster][0m
[36m(_remote_expand_node pid=2200803)[0m 2026-02-08 23:30:21,692 INFO dara.search.tree Expanding node 6d7f9148-0578-11f1-ab0c-6805cae19192 with current phases ['LuAs_610816', 'Fe2.16Bi12Os9.84O44_144853', 'In4.8Te8Au1.06_121190'], Rwp = 27.17
Search tree:
Root 
├── ([32mexpanded[39m[26m) ZrO2_1528984                                     Rwp: 9.88% | Strain: 0.02% | Group 0  
│   ├── (no_improvement) In4.8Te8Au1.06_121190                      Rwp: 9.88% | Strain: 0.0% | Group 0  
│   ├── (high_strain) BaTiO3_1507756                                Rwp: 9.34% | Strain: -2.06% | Group 1  
│   ├── (no_improvement) MnCO3_1548822                              Rwp: 9.79% | Strain: 1.39% | Group 2  
│   ├── ([32mexpanded[39m[26m) LiOH_1010301                                     Rwp: 8.72% | Strain: 0.25% | Group 3  
│   │   ├── (no_improvement) In4.8Te8Au1.06_121190                      Rwp: 8.72% | Strain: 0.0% | Group 0  
│   │   ├── (no_improvement) BaTiO3_1507756                             Rwp: 8.68% | Strain: 1.16% | Group 1  
│   │   ├── (no_improvement) MnCO3_1548822                              Rwp: 8.65% | Strain: 1.56% | Group 2  
│   │   ├── (high_strain) LuAs_610816                                   Rwp: 8.72% | Strain: 2.13% | Group 3  
│   │   └── (no_improvement) LiF_1010990                                Rwp: 8.72% | Strain: 0.0% | Group 4  
│   ├── (high_strain) LuAs_610816                                   Rwp: 9.86% | Strain: -5.0% | Group 4  
│   └── (no_improvement) LiF_1010990                                Rwp: 9.88% | Strain: -0.97% | Group 5  
├── (high_strain) In4.8Te8Au1.06_121190                         Rwp: 32.97% | Strain: -2.81% | Group 1  
├── (high_strain) BaTiO3_1507756                                Rwp: 31.20% | Strain: 2.18% | Group 2  
├── (high_strain) MnCO3_1548822                                 Rwp: 31.16% | Strain: 2.53% | Group 3  
├── (high_strain) LiOH_1010301                                  Rwp: 28.98% | Strain: 3.52% | Group 4  
├── ([32mexpanded[39m[26m) LuAs_610816                                      Rwp: 30.74% | Strain: 1.76% | Group 5  
│   ├── (no_improvement) In4.8Te8Au1.06_121190                      Rwp: 30.03% | Strain: 0.81% | Group 0  
│   ├── ([32mexpanded[39m[26m) Fe2.16Bi12Os9.84O44_144853                       Rwp: 30.06% | Strain: 0.21% | Group 1  
│   │   ├── ([32mexpanded[39m[26m) In4.8Te8Au1.06_121190                            Rwp: 27.17% | Strain: 1.67% | Group 0  
│   │   │   └── (overfitting) ZrO2_1528984                                  Rwp: 8.82% | Strain: 0.03% | Group 0  
│   │   └── (overfitting) ZrO2_1528984                                  Rwp: 9.14% | Strain: 0.03% | Group 1  
│   └── (overfitting) BaTiO3_1507756                                Rwp: 31.11% | Strain: 2.15% | Group 2  
└── ([32mexpanded[39m[26m) LiF_1010990                                      Rwp: 34.13% | Strain: 0.27% | Group 6  
    └── (overfitting) In4.8Te8Au1.06_121190                         Rwp: 32.52% | Strain: -4.33% | Group 0  

[36m(_remote_expand_node pid=2200803)[0m 2026-02-08 23:30:40,619 INFO dara.search.tree Overfitting detected for ['LuAs_610816', 'Fe2.16Bi12Os9.84O44_144853', 'In4.8Te8Au1.06_121190', 'ZrO2_1528984']
[36m(_remote_expand_node pid=2200803)[0m 2026-02-08 23:30:40,619 INFO dara.search.tree Rpb improvement: 47.04, lattice strain: 0.0002866795920212111
    Saved DARA refined plot to /work/hdd/bffm/xtong1/ref_200_conserv/results/evaluation/dara_refined_plots/ZrO2_LiOH_refined.html
Refinement result: {'ZrO2_1528984': np.float64(0.8340821315209289), 'LiOH_1010301': np.float64(0.165917868479071)}
DARA refinement result: Rwp=8.72%, Max False Peak Relative Intensity=0.0291
    Recall: 1.0000, Precision: 1.0000, F1: 1.0000
    Time taken: 60.76 seconds

========================================
Processing pattern: In2O3
    Running DARA refinement on 10 candidate phases...

DARA Iteration 1: Refining 10 phases: ['In2O3_1538147', 'AgAuF4_90071', 'In_1538014', 'InP_1010146', 'DySnPd2_103349', 'Y3Ga5O12_36730', 'KF_61558', 'PrAs2Au_174363', 'MnAs2S4(NF6)4_201207', 'Cr16Cd7.44Cu0.56Se32_199527']
2026-02-08 23:30:41,491 INFO dara.search.tree Detecting peaks in the pattern.
EFLECH run time: 2.608342409133911 seconds
2026-02-08 23:30:44,149 INFO dara.search.tree The wmax is automatically adjusted to 52.03.
2026-02-08 23:30:44,149 INFO dara.search.tree The intensity threshold is automatically set to 9.09 % of maximum peak intensity.
2026-02-08 23:30:44,149 INFO dara.search.tree Creating the root node.
2026-02-08 23:30:44,149 INFO dara.search.tree Refining all the phases in the dataset.
2026-02-08 23:30:47,793 INFO dara.search.tree Finished refining 10 phases, with 2 phases removed.
2026-02-08 23:30:47,793 INFO dara.search.tree Express mode is enabled. Grouping phases before starting.
2026-02-08 23:30:48,115 INFO dara.search.tree Phases are grouped into 8 groups. Pinned phases were included to mask duplicate candidates.
[36m(_remote_expand_node pid=2202279)[0m 2026-02-08 23:30:48,728 INFO dara.search.tree Expanding node 7ae8faae-0578-11f1-9018-6805cae19192 with current phases [], Rwp = None
Refinement result: Early stop found. Terminating all other workers.
Search tree:
Root 
└── (early_stop) In2O3_1538147                                  Rwp: 5.19% | Strain: -0.18% | Group 0  

[36m(_remote_expand_node pid=2202279)[0m 2026-02-08 23:30:51,919 INFO dara.search.tree Early stopping triggered at node 7ae8faae-0578-11f1-9018-6805cae19192 with phases ['In2O3_1538147']
    Saved DARA refined plot to /work/hdd/bffm/xtong1/ref_200_conserv/results/evaluation/dara_refined_plots/In2O3_refined.html
Refinement result: {'In2O3_1538147': np.float64(1.0)}
DARA refinement result: Rwp=5.19%, Max False Peak Relative Intensity=0.0000
    Recall: 1.0000, Precision: 1.0000, F1: 1.0000
    Time taken: 11.35 seconds

========================================
Processing pattern: Bi2O3
    Running DARA refinement on 14 candidate phases...

DARA Iteration 1: Refining 14 phases: ['Bi2O3_1010004', 'MnF2_14142', 'Cs3CeF6_15793', 'C2SN2_14340', 'Ti5Zn3.116Si12O45.62_191277', 'TiN_1011099', 'FeTiO3_1011033', 'Mn(OH)2_1548809', 'Li2.27Mn0.73N1_409444', 'SrTiO3_1512124', 'La16.48Zr15.52O56_130794', 'Y3Ge13Ru4_53900', 'Mn2InSnPd4_51990', 'MnCO3_1548822']
2026-02-08 23:30:52,738 INFO dara.search.tree Detecting peaks in the pattern.
EFLECH run time: 3.669646739959717 seconds
2026-02-08 23:30:56,469 INFO dara.search.tree The wmax is automatically adjusted to 50.00097048396778.
2026-02-08 23:30:56,470 INFO dara.search.tree The intensity threshold is automatically set to 4.96 % of maximum peak intensity.
2026-02-08 23:30:56,470 INFO dara.search.tree Creating the root node.
2026-02-08 23:30:56,470 INFO dara.search.tree Refining all the phases in the dataset.
2026-02-08 23:31:00,649 INFO dara.search.tree Finished refining 14 phases, with 1 phases removed.
2026-02-08 23:31:00,649 INFO dara.search.tree Express mode is enabled. Grouping phases before starting.
2026-02-08 23:31:01,476 INFO dara.search.tree Phases are grouped into 12 groups. Pinned phases were included to mask duplicate candidates.
[36m(_remote_expand_node pid=2202279)[0m 2026-02-08 23:31:02,215 INFO dara.search.tree Expanding node 8240f20c-0578-11f1-9018-6805cae19192 with current phases [], Rwp = None
Refinement result: Early stop found. Terminating all other workers.
Search tree:
Root 
└── (early_stop) Bi2O3_1010004                                  Rwp: 8.01% | Strain: 0.38% | Group 0  

[36m(_remote_expand_node pid=2202279)[0m 2026-02-08 23:31:06,821 INFO dara.search.tree Early stopping triggered at node 8240f20c-0578-11f1-9018-6805cae19192 with phases ['Bi2O3_1010004']
    Saved DARA refined plot to /work/hdd/bffm/xtong1/ref_200_conserv/results/evaluation/dara_refined_plots/Bi2O3_refined.html
Refinement result: {'Bi2O3_1010004': np.float64(1.0)}
DARA refinement result: Rwp=8.01%, Max False Peak Relative Intensity=0.0086
    Recall: 1.0000, Precision: 1.0000, F1: 1.0000
    Time taken: 14.76 seconds

========================================
Processing pattern: TiO2_LiMn2O4_LiF_Li2O
    Running DARA refinement on 17 candidate phases...

DARA Iteration 1: Refining 17 phases: ['LiNiO2_1533770', 'LiCrO2_1532839', 'LiF_1010990', 'LiMn2O4_1513962', 'TiO2_121632', 'In_1538014', 'Co_1534891', 'Te8Pd1.6Rh2.4_198644', 'TiC_1011320', 'In4.8Te8Au1.06_121190', 'Li2O_108886', 'Li2TiO3_15150', 'NiO_1010093', 'Cs3CeF6_15793', 'LuAs_610816', 'Li4Ti5O12_cm103332y_si_001', 'DyInCu2_102877']
2026-02-08 23:31:07,517 INFO dara.search.tree Detecting peaks in the pattern.
EFLECH run time: 5.583392858505249 seconds
2026-02-08 23:31:13,164 INFO dara.search.tree The wmax is automatically adjusted to 63.87.
2026-02-08 23:31:13,164 INFO dara.search.tree The intensity threshold is automatically set to 10.00 % of maximum peak intensity.
2026-02-08 23:31:13,164 INFO dara.search.tree Creating the root node.
2026-02-08 23:31:13,164 INFO dara.search.tree Refining all the phases in the dataset.
2026-02-08 23:31:18,674 INFO dara.search.tree Finished refining 17 phases, with 0 phases removed.
2026-02-08 23:31:18,674 INFO dara.search.tree Express mode is enabled. Grouping phases before starting.
2026-02-08 23:31:19,929 INFO dara.search.tree Phases are grouped into 13 groups. Pinned phases were included to mask duplicate candidates.
[36m(_remote_expand_node pid=2202279)[0m 2026-02-08 23:31:20,511 INFO dara.search.tree Expanding node 8c343eb8-0578-11f1-9018-6805cae19192 with current phases [], Rwp = None
[36m(_remote_expand_node pid=2200803)[0m 2026-02-08 23:31:25,361 INFO dara.search.tree Expanding node 936c490a-0578-11f1-9a34-6805cae19192 with current phases ['In_1538014'], Rwp = 97.66
[36m(_remote_expand_node pid=2204926)[0m 2026-02-08 23:31:25,382 INFO dara.search.tree Race condition avoided: ['TiO2_121632', 'Cs3CeF6_15793'] is already being processed by another worker.
[36m(_remote_expand_node pid=2205509)[0m 2026-02-08 23:31:25,357 INFO dara.search.tree Expanding node 936bef6e-0578-11f1-9a34-6805cae19192 with current phases ['LiCrO2_1532839'], Rwp = 66.13[32m [repeated 3x across cluster][0m
[36m(_remote_expand_node pid=2205509)[0m 2026-02-08 23:31:36,114 INFO dara.search.tree Race condition avoided: ['LiCrO2_1532839', 'In_1538014'] is already being processed by another worker.[32m [repeated 5x across cluster][0m
[36m(_remote_expand_node pid=2200803)[0m 2026-02-08 23:31:37,871 INFO dara.search.tree Overfitting detected for ['In_1538014', 'DyInCu2_102877']
[36m(_remote_expand_node pid=2200803)[0m 2026-02-08 23:31:37,871 INFO dara.search.tree Rpb improvement: 3.0600000000000023, lattice strain: 0.026239951463673566
[36m(_remote_expand_node pid=2205661)[0m 2026-02-08 23:31:40,444 INFO dara.search.tree Expanding node 936d4d0a-0578-11f1-9a34-6805cae19192 with current phases ['LiF_1010990'], Rwp = 95.86[32m [repeated 2x across cluster][0m
[36m(_remote_expand_node pid=2205661)[0m 2026-02-08 23:31:40,488 INFO dara.search.tree Race condition avoided: ['LiF_1010990', 'TiC_1011320'] is already being processed by another worker.[32m [repeated 9x across cluster][0m
[36m(_remote_expand_node pid=2205662)[0m 2026-02-08 23:31:42,338 INFO dara.search.tree Overfitting detected for ['TiC_1011320', 'DyInCu2_102877'][32m [repeated 2x across cluster][0m
[36m(_remote_expand_node pid=2205662)[0m 2026-02-08 23:31:42,338 INFO dara.search.tree Rpb improvement: 0.9599999999999937, lattice strain: -0.004550280600637043[32m [repeated 2x across cluster][0m
[36m(_remote_expand_node pid=2202279)[0m 2026-02-08 23:31:44,255 INFO dara.search.tree Expanding node 9e7f8ee2-0578-11f1-b481-6805cae19192 with current phases ['LiF_1010990', 'DyInCu2_102877'], Rwp = 91.79[32m [repeated 2x across cluster][0m
[36m(_remote_expand_node pid=2202279)[0m 2026-02-08 23:31:44,811 INFO dara.search.tree Race condition avoided: ['LiF_1010990', 'DyInCu2_102877', 'LiCrO2_1532839'] is already being processed by another worker.
[36m(_remote_expand_node pid=2205663)[0m 2026-02-08 23:31:48,882 INFO dara.search.tree Overfitting detected for ['LiCrO2_1532839', 'LiF_1010990', 'TiO2_121632'][32m [repeated 2x across cluster][0m
[36m(_remote_expand_node pid=2205663)[0m 2026-02-08 23:31:48,882 INFO dara.search.tree Rpb improvement: 28.99, lattice strain: -0.0011739726220458989[32m [repeated 2x across cluster][0m
[36m(_remote_expand_node pid=2202279)[0m 2026-02-08 23:31:51,865 INFO dara.search.tree Race condition avoided: ['TiO2_121632', 'LiCrO2_1532839', 'LiF_1010990'] is already being processed by another worker.
[36m(_remote_expand_node pid=2205661)[0m 2026-02-08 23:31:51,848 INFO dara.search.tree Expanding node a338496a-0578-11f1-9fde-6805cae19192 with current phases ['TiO2_121632', 'NiO_1010093'], Rwp = 63.39[32m [repeated 4x across cluster][0m
[36m(_remote_expand_node pid=2200803)[0m 2026-02-08 23:32:04,439 INFO dara.search.tree Overfitting detected for ['LiF_1010990', 'DyInCu2_102877', 'Cs3CeF6_15793', 'TiO2_121632'][32m [repeated 2x across cluster][0m
[36m(_remote_expand_node pid=2200803)[0m 2026-02-08 23:32:04,439 INFO dara.search.tree Rpb improvement: 25.86, lattice strain: -0.0015612532917975775[32m [repeated 2x across cluster][0m
[36m(_remote_expand_node pid=2205661)[0m 2026-02-08 23:31:51,889 INFO dara.search.tree Race condition avoided: ['TiO2_121632', 'NiO_1010093', 'LiF_1010990'] is already being processed by another worker.[32m [repeated 4x across cluster][0m
Search tree:
Root 
├── ([32mexpanded[39m[26m) Cs3CeF6_15793                                    Rwp: 91.27% | Strain: 1.67% | Group 0  
│   └── (overfitting) TiO2_121632                                   Rwp: 69.83% | Strain: -0.16% | Group 0  
├── ([32mexpanded[39m[26m) TiO2_121632                                      Rwp: 70.23% | Strain: -0.16% | Group 1  
│   ├── (no_improvement) DyInCu2_102877                             Rwp: 69.89% | Strain: -0.72% | Group 0  
│   ├── ([32mexpanded[39m[26m) LiCrO2_1532839                                   Rwp: 33.52% | Strain: -0.36% | Group 1  
│   │   ├── (no_improvement) Cs3CeF6_15793                              Rwp: 33.39% | Strain: 0.57% | Group 0  
│   │   ├── (no_improvement) DyInCu2_102877                             Rwp: 32.90% | Strain: -0.71% | Group 1  
│   │   ├── (no_improvement) In_1538014                                 Rwp: 33.38% | Strain: 0.88% | Group 2  
│   │   ├── (no_improvement) LuAs_610816                                Rwp: 33.52% | Strain: 0.0% | Group 3  
│   │   └── (no_improvement) NiO_1010093                                Rwp: 33.51% | Strain: 0.13% | Group 4  
│   ├── (no_improvement) In_1538014                                 Rwp: 70.11% | Strain: 0.59% | Group 2  
│   ├── (no_improvement) TiC_1011320                                Rwp: 69.14% | Strain: 0.37% | Group 3  
│   ├── ([32mexpanded[39m[26m) LiF_1010990                                      Rwp: 68.47% | Strain: -0.21% | Group 4  
│   │   ├── (no_improvement) Cs3CeF6_15793                              Rwp: 68.05% | Strain: 1.04% | Group 0  
│   │   ├── (no_improvement) In_1538014                                 Rwp: 68.38% | Strain: 0.83% | Group 1  
│   │   ├── (no_improvement) TiC_1011320                                Rwp: 67.66% | Strain: 0.33% | Group 2  
│   │   ├── ([32mexpanded[39m[26m) NiO_1010093                                      Rwp: 61.74% | Strain: -1.45% | Group 3  
│   │   │   ├── (no_improvement) Cs3CeF6_15793                              Rwp: 61.56% | Strain: 0.87% | Group 0  
│   │   │   └── (overfitting) LiCrO2_1532839                                Rwp: 30.59% | Strain: -0.36% | Group 1  
│   │   └── (no_improvement) Co_1534891                                 Rwp: 68.47% | Strain: 0.0% | Group 4  
│   ├── ([32mexpanded[39m[26m) NiO_1010093                                      Rwp: 63.39% | Strain: -1.45% | Group 5  
│   │   ├── (no_improvement) Cs3CeF6_15793                              Rwp: 63.22% | Strain: 0.86% | Group 0  
│   │   ├── (no_improvement) DyInCu2_102877                             Rwp: 63.05% | Strain: -0.73% | Group 1  
│   │   └── (no_improvement) In_1538014                                 Rwp: 63.28% | Strain: 0.57% | Group 2  
│   └── (high_strain) Co_1534891                                    Rwp: 69.78% | Strain: 3.95% | Group 6  
├── (high_strain) DyInCu2_102877                                Rwp: 96.54% | Strain: -3.22% | Group 2  
├── ([32mexpanded[39m[26m) LiCrO2_1532839                                   Rwp: 66.13% | Strain: -0.28% | Group 3  
│   ├── (no_improvement) DyInCu2_102877                             Rwp: 65.08% | Strain: -0.33% | Group 0  
│   ├── (no_improvement) TiC_1011320                                Rwp: 64.71% | Strain: 0.35% | Group 1  
│   ├── ([32mexpanded[39m[26m) LiF_1010990                                      Rwp: 63.77% | Strain: -0.1% | Group 2  
│   │   ├── (no_improvement) Cs3CeF6_15793                              Rwp: 62.45% | Strain: 0.32% | Group 0  
│   │   └── (overfitting) TiO2_121632                                   Rwp: 30.61% | Strain: -0.12% | Group 1  
│   ├── (no_improvement) NiO_1010093                                Rwp: 65.79% | Strain: 0.23% | Group 3  
│   └── (no_improvement) Co_1534891                                 Rwp: 66.13% | Strain: 0.0% | Group 4  
├── ([32mexpanded[39m[26m) In_1538014                                       Rwp: 97.66% | Strain: 0.84% | Group 4  
│   └── (overfitting) DyInCu2_102877                                Rwp: 95.92% | Strain: 2.62% | Group 0  
├── ([32mexpanded[39m[26m) TiC_1011320                                      Rwp: 96.65% | Strain: 0.1% | Group 5  
│   └── (overfitting) DyInCu2_102877                                Rwp: 96.11% | Strain: -0.46% | Group 0  
├── (high_strain) LuAs_610816                                   Rwp: 97.75% | Strain: 2.39% | Group 6  
├── ([32mexpanded[39m[26m) LiF_1010990                                      Rwp: 95.86% | Strain: -0.15% | Group 7  
│   ├── ([32mexpanded[39m[26m) DyInCu2_102877                                   Rwp: 91.79% | Strain: -0.61% | Group 0  
│   │   ├── ([32mexpanded[39m[26m) Cs3CeF6_15793                                    Rwp: 87.45% | Strain: 1.43% | Group 0  
│   │   │   └── (overfitting) TiO2_121632                                   Rwp: 68.05% | Strain: -0.16% | Group 0  
│   │   └── (overfitting) TiO2_121632                                   Rwp: 68.47% | Strain: -0.16% | Group 1  
│   └── (overfitting) NiO_1010093                                   Rwp: 88.59% | Strain: 2.9% | Group 1  
├── (high_strain) NiO_1010093                                   Rwp: 89.45% | Strain: 2.94% | Group 8  
└── (high_strain) Co_1534891                                    Rwp: 97.24% | Strain: -5.0% | Group 9  

[36m(_remote_expand_node pid=2204926)[0m 2026-02-08 23:32:07,162 INFO dara.search.tree Expanding node ac5cb5d0-0578-11f1-9fde-6805cae19192 with current phases ['TiO2_121632', 'LiF_1010990', 'NiO_1010093'], Rwp = 61.74
[36m(_remote_expand_node pid=2204926)[0m 2026-02-08 23:32:10,462 INFO dara.search.tree Overfitting detected for ['TiO2_121632', 'LiF_1010990', 'NiO_1010093', 'LiCrO2_1532839']
[36m(_remote_expand_node pid=2204926)[0m 2026-02-08 23:32:10,462 INFO dara.search.tree Rpb improvement: 27.55, lattice strain: -0.0036180521568524725
    Saved DARA refined plot to /work/hdd/bffm/xtong1/ref_200_conserv/results/evaluation/dara_refined_plots/TiO2_LiMn2O4_LiF_Li2O_refined.html
Refinement result: {'LiCrO2_1532839': np.float64(0.5141567339277334), 'TiO2_121632': np.float64(0.48584326607226647)}
DARA refinement result: Rwp=33.52%, Max False Peak Relative Intensity=0.0676
    Recall: 0.2500, Precision: 0.5000, F1: 0.3333
    Time taken: 63.71 seconds

========================================
Processing pattern: ZnO_In2O3
    Running DARA refinement on 13 candidate phases...

DARA Iteration 1: Refining 13 phases: ['ZnO_41488', 'In2O3_1538147', 'La16.48Zr15.52O56_130794', 'DySnPd2_103349', 'Li2CO3_100324', 'Cr16Cd7.44Cu0.56Se32_199527', 'Y2Ga5.422Cu2.218_184434', 'Ca0.05Fe1Bi0.95O2.9751_186580', 'Y3Ga5O12_36730', 'CoFe2O4_1533163', 'Mn5.1B4.9Ir10_434721', 'Fe2.16Bi12Os9.84O44_144853', 'La10Mg0.4998Si5.5002O26_180720']
2026-02-08 23:32:11,309 INFO dara.search.tree Detecting peaks in the pattern.
EFLECH run time: 3.2559831142425537 seconds
2026-02-08 23:32:14,662 INFO dara.search.tree The wmax is automatically adjusted to 52.69772304846866.
2026-02-08 23:32:14,662 INFO dara.search.tree The intensity threshold is automatically set to 8.02 % of maximum peak intensity.
2026-02-08 23:32:14,662 INFO dara.search.tree Creating the root node.
2026-02-08 23:32:14,662 INFO dara.search.tree Refining all the phases in the dataset.
2026-02-08 23:32:18,296 INFO dara.search.tree Finished refining 13 phases, with 0 phases removed.
2026-02-08 23:32:18,296 INFO dara.search.tree Express mode is enabled. Grouping phases before starting.
2026-02-08 23:32:19,108 INFO dara.search.tree Phases are grouped into 12 groups. Pinned phases were included to mask duplicate candidates.
[36m(_remote_expand_node pid=2206293)[0m 2026-02-08 23:32:19,884 INFO dara.search.tree Expanding node b0dc255a-0578-11f1-9018-6805cae19192 with current phases [], Rwp = None
[36m(_remote_expand_node pid=2204926)[0m 2026-02-08 23:32:24,342 INFO dara.search.tree Expanding node b699544a-0578-11f1-943c-6805cae19192 with current phases ['ZnO_41488'], Rwp = 43.81
[36m(_remote_expand_node pid=2204926)[0m 2026-02-08 23:32:24,400 INFO dara.search.tree Race condition avoided: ['ZnO_41488', 'In2O3_1538147'] is already being processed by another worker.
[36m(_remote_expand_node pid=2204926)[0m 2026-02-08 23:32:24,404 INFO dara.search.tree Race condition avoided: ['ZnO_41488', 'Y2Ga5.422Cu2.218_184434'] is already being processed by another worker.
[36m(_remote_expand_node pid=2204926)[0m 2026-02-08 23:32:24,405 INFO dara.search.tree Race condition avoided: ['ZnO_41488', 'DySnPd2_103349'] is already being processed by another worker.
Refinement result: Early stop found. Terminating all other workers.
[36m(_remote_expand_node pid=2206293)[0m 2026-02-08 23:32:29,898 INFO dara.search.tree Early stopping triggered at node b6982d2c-0578-11f1-943c-6805cae19192 with phases ['In2O3_1538147', 'ZnO_41488']
[36m(_remote_expand_node pid=2207422)[0m 2026-02-08 23:32:24,336 INFO dara.search.tree Expanding node b698c6ba-0578-11f1-943c-6805cae19192 with current phases ['Y2Ga5.422Cu2.218_184434'], Rwp = 49.08[32m [repeated 3x across cluster][0m
[36m(_remote_expand_node pid=2207422)[0m 2026-02-08 23:32:24,371 INFO dara.search.tree Race condition avoided: ['Y2Ga5.422Cu2.218_184434', 'In2O3_1538147'] is already being processed by another worker.[32m [repeated 3x across cluster][0m
[36m(_remote_expand_node pid=2204926)[0m Task was cancelled remotely. Returning current state.
Search tree:
Root 
├── ([32mexpanded[39m[26m) In2O3_1538147                                    Rwp: 27.04% | Strain: -0.22% | Group 0  
│   ├── (pending) Y3Ga5O12_36730                                    Rwp: 25.69% | Strain: 1.04% | Group 0  
│   ├── (high_strain) Y2Ga5.422Cu2.218_184434                       Rwp: 22.18% | Strain: -2.03% | Group 1  
│   ├── (no_improvement) DySnPd2_103349                             Rwp: 27.03% | Strain: 0.37% | Group 2  
│   └── (early_stop) ZnO_41488                                      Rwp: 5.40% | Strain: -0.0% | Group 3  
├── (high_strain) Y3Ga5O12_36730                                Rwp: 40.43% | Strain: 3.2% | Group 1  
├── (pending) Y2Ga5.422Cu2.218_184434                           Rwp: 49.08% | Strain: 0.04% | Group 2  
├── (pending) DySnPd2_103349                                    Rwp: 50.83% | Strain: 0.0% | Group 3  
└── (pending) ZnO_41488                                         Rwp: 43.81% | Strain: 0.01% | Group 4  

    Saved DARA refined plot to /work/hdd/bffm/xtong1/ref_200_conserv/results/evaluation/dara_refined_plots/ZnO_In2O3_refined.html
Refinement result: {'In2O3_1538147': np.float64(0.5717353368454703), 'ZnO_41488': np.float64(0.42826466315452966)}
DARA refinement result: Rwp=5.40%, Max False Peak Relative Intensity=0.0000
    Recall: 1.0000, Precision: 1.0000, F1: 1.0000
    Time taken: 19.51 seconds

========================================
Processing pattern: TiO2_LiMnO2_LiF_Li2O
    Running DARA refinement on 14 candidate phases...

DARA Iteration 1: Refining 14 phases: ['LiMnO2_15105', 'TiO2_121632', 'In4.8Te8Au1.06_121190', 'Li2O_108886', 'LiF_1010990', 'TiC_1011320', 'Gd2Co12P7_623390', 'Li4Ti5O12_cm103332y_si_001', 'Hf4ZnGa11_634337', 'CrSbSe3_84866', 'In_1538014', 'Ti_1532765', 'CaNi2(SeO3)3_143490', 'LiCoO2_1533825']
2026-02-08 23:32:30,810 INFO dara.search.tree Detecting peaks in the pattern.
EFLECH run time: 25.439048290252686 seconds
2026-02-08 23:32:56,328 INFO dara.search.tree The wmax is automatically adjusted to 49.32.
2026-02-08 23:32:56,328 INFO dara.search.tree The intensity threshold is automatically set to 6.32 % of maximum peak intensity.
2026-02-08 23:32:56,328 INFO dara.search.tree Creating the root node.
2026-02-08 23:32:56,328 INFO dara.search.tree Refining all the phases in the dataset.
2026-02-08 23:33:01,649 INFO dara.search.tree Finished refining 14 phases, with 1 phases removed.
2026-02-08 23:33:01,649 INFO dara.search.tree Express mode is enabled. Grouping phases before starting.
2026-02-08 23:33:02,270 INFO dara.search.tree Phases are grouped into 11 groups. Pinned phases were included to mask duplicate candidates.
[36m(_remote_expand_node pid=2208214)[0m 2026-02-08 23:33:02,826 INFO dara.search.tree Expanding node c9b1e2cc-0578-11f1-9018-6805cae19192 with current phases [], Rwp = None
[36m(_remote_expand_node pid=2205509)[0m Task was cancelled remotely. Returning current state.
[36m(_remote_expand_node pid=2208215)[0m 2026-02-08 23:33:07,065 INFO dara.search.tree Expanding node d00f5ea6-0578-11f1-9fd9-6805cae19192 with current phases ['TiO2_121632'], Rwp = 69.42
[36m(_remote_expand_node pid=2209078)[0m 2026-02-08 23:33:07,101 INFO dara.search.tree Race condition avoided: ['LiMnO2_15105', 'Hf4ZnGa11_634337'] is already being processed by another worker.
[36m(_remote_expand_node pid=2208214)[0m 2026-02-08 23:33:17,113 INFO dara.search.tree Overfitting detected for ['Hf4ZnGa11_634337', 'LiMnO2_15105']
[36m(_remote_expand_node pid=2208214)[0m 2026-02-08 23:33:17,113 INFO dara.search.tree Rpb improvement: 22.819999999999993, lattice strain: -0.00027441411182330583
[36m(_remote_expand_node pid=2209078)[0m 2026-02-08 23:33:07,062 INFO dara.search.tree Expanding node d00e48c2-0578-11f1-9fd9-6805cae19192 with current phases ['LiMnO2_15105'], Rwp = 73.69[32m [repeated 2x across cluster][0m
[36m(_remote_expand_node pid=2208215)[0m 2026-02-08 23:33:07,129 INFO dara.search.tree Race condition avoided: ['TiO2_121632', 'LiMnO2_15105'] is already being processed by another worker.[32m [repeated 2x across cluster][0m
[36m(_remote_expand_node pid=2209236)[0m 2026-02-08 23:33:23,312 INFO dara.search.tree Expanding node d5e8fdbe-0578-11f1-9db6-6805cae19192 with current phases ['LiMnO2_15105', 'TiC_1011320'], Rwp = 70.58[32m [repeated 4x across cluster][0m
[36m(_remote_expand_node pid=2209233)[0m 2026-02-08 23:33:20,523 INFO dara.search.tree Race condition avoided: ['LiMnO2_15105', 'LiF_1010990', 'LiCoO2_1533825'] is already being processed by another worker.[32m [repeated 3x across cluster][0m
[36m(_remote_expand_node pid=2208214)[0m 2026-02-08 23:33:25,947 INFO dara.search.tree Expanding node d9a2efdc-0578-11f1-9db6-6805cae19192 with current phases ['LiMnO2_15105', 'TiO2_121632', 'TiC_1011320'], Rwp = 33.75[32m [repeated 2x across cluster][0m
[36m(_remote_expand_node pid=2208214)[0m 2026-02-08 23:33:29,407 INFO dara.search.tree Race condition avoided: ['LiMnO2_15105', 'TiO2_121632', 'TiC_1011320', 'LiCoO2_1533825'] is already being processed by another worker.[32m [repeated 4x across cluster][0m
[36m(_remote_expand_node pid=2209756)[0m 2026-02-08 23:33:36,276 INFO dara.search.tree Expanding node ddb0964c-0578-11f1-9ac2-6805cae19192 with current phases ['TiO2_121632', 'In4.8Te8Au1.06_121190'], Rwp = 68.38[32m [repeated 3x across cluster][0m
[36m(_remote_expand_node pid=2209756)[0m 2026-02-08 23:33:33,757 INFO dara.search.tree Race condition avoided: ['LiMnO2_15105', 'LiCoO2_1533825', 'TiC_1011320', 'LiF_1010990'] is already being processed by another worker.[32m [repeated 3x across cluster][0m
[36m(_remote_expand_node pid=2206293)[0m 2026-02-08 23:33:39,743 INFO dara.search.tree Overfitting detected for ['TiO2_121632', 'Gd2Co12P7_623390', 'Hf4ZnGa11_634337']
[36m(_remote_expand_node pid=2206293)[0m 2026-02-08 23:33:39,743 INFO dara.search.tree Rpb improvement: 2.0600000000000023, lattice strain: -0.004064202388796512
[36m(_remote_expand_node pid=2210493)[0m 2026-02-08 23:33:43,823 INFO dara.search.tree Expanding node ddb310a2-0578-11f1-9ac2-6805cae19192 with current phases ['TiO2_121632', 'LiF_1010990'], Rwp = 61.1[32m [repeated 4x across cluster][0m
[36m(_remote_expand_node pid=2209233)[0m 2026-02-08 23:33:40,759 INFO dara.search.tree Race condition avoided: ['TiO2_121632', 'Ti_1532765', 'LiCoO2_1533825'] is already being processed by another worker.[32m [repeated 10x across cluster][0m
[36m(_remote_expand_node pid=2209756)[0m 2026-02-08 23:33:44,144 INFO dara.search.tree Overfitting detected for ['TiO2_121632', 'In4.8Te8Au1.06_121190', 'Hf4ZnGa11_634337']
[36m(_remote_expand_node pid=2209756)[0m 2026-02-08 23:33:44,145 INFO dara.search.tree Rpb improvement: 3.5, lattice strain: -0.003588639450100368
[36m(_remote_expand_node pid=2208212)[0m 2026-02-08 23:33:48,951 INFO dara.search.tree Expanding node e18235d2-0578-11f1-9fd9-6805cae19192 with current phases ['LiMnO2_15105', 'TiO2_121632', 'TiC_1011320', 'LiF_1010990'], Rwp = 31.21[32m [repeated 4x across cluster][0m
[36m(_remote_expand_node pid=2206293)[0m 2026-02-08 23:33:45,062 INFO dara.search.tree Race condition avoided: ['TiO2_121632', 'TiC_1011320', 'LiF_1010990'] is already being processed by another worker.[32m [repeated 11x across cluster][0m
[36m(_remote_expand_node pid=2209233)[0m 2026-02-08 23:33:56,894 INFO dara.search.tree Expanding node e5db3b7e-0578-11f1-87d4-6805cae19192 with current phases ['TiO2_121632', 'Ti_1532765', 'Li4Ti5O12_cm103332y_si_001'], Rwp = 58.39
[36m(_remote_expand_node pid=2209756)[0m 2026-02-08 23:33:53,541 INFO dara.search.tree Race condition avoided: ['LiMnO2_15105', 'TiO2_121632', 'LiCoO2_1533825', 'TiC_1011320', 'LiF_1010990'] is already being processed by another worker.[32m [repeated 2x across cluster][0m
[36m(_remote_expand_node pid=2210965)[0m 2026-02-08 23:33:57,271 INFO dara.search.tree Expanding node e6317e94-0578-11f1-9b08-6805cae19192 with current phases ['TiO2_121632', 'In4.8Te8Au1.06_121190', 'Gd2Co12P7_623390'], Rwp = 67.06
[36m(_remote_expand_node pid=2209756)[0m 2026-02-08 23:34:03,921 INFO dara.search.tree Expanding node e77dca6e-0578-11f1-850f-6805cae19192 with current phases ['TiO2_121632', 'LiF_1010990', 'TiC_1011320'], Rwp = 56.93[32m [repeated 2x across cluster][0m
[36m(_remote_expand_node pid=2211142)[0m 2026-02-08 23:34:03,919 INFO dara.search.tree Race condition avoided: ['TiO2_121632', 'LiF_1010990', 'Li4Ti5O12_cm103332y_si_001', 'Ti_1532765'] is already being processed by another worker.
[36m(_remote_expand_node pid=2211142)[0m 2026-02-08 23:34:09,536 INFO dara.search.tree Overfitting detected for ['TiO2_121632', 'LiF_1010990', 'Li4Ti5O12_cm103332y_si_001', 'Gd2Co12P7_623390']
[36m(_remote_expand_node pid=2211142)[0m 2026-02-08 23:34:09,536 INFO dara.search.tree Rpb improvement: -1.0200000000000031, lattice strain: -0.002333458418615488
[36m(_remote_expand_node pid=2209756)[0m 2026-02-08 23:34:06,976 INFO dara.search.tree Race condition avoided: ['TiO2_121632', 'LiF_1010990', 'TiC_1011320', 'Li4Ti5O12_cm103332y_si_001'] is already being processed by another worker.[32m [repeated 2x across cluster][0m
[36m(_remote_expand_node pid=2208212)[0m 2026-02-08 23:34:09,882 INFO dara.search.tree Expanding node e796c000-0578-11f1-9db6-6805cae19192 with current phases ['LiMnO2_15105', 'LiF_1010990', 'TiC_1011320', 'LiCoO2_1533825'], Rwp = 61.29
[36m(_remote_expand_node pid=2208212)[0m 2026-02-08 23:34:14,996 INFO dara.search.tree Race condition avoided: ['TiO2_121632', 'TiC_1011320', 'Li4Ti5O12_cm103332y_si_001', 'LiF_1010990'] is already being processed by another worker.[32m [repeated 4x across cluster][0m
[36m(_remote_expand_node pid=2208212)[0m 2026-02-08 23:34:14,945 INFO dara.search.tree Expanding node e82e19d2-0578-11f1-943c-6805cae19192 with current phases ['TiO2_121632', 'TiC_1011320', 'Li4Ti5O12_cm103332y_si_001'], Rwp = 61.21[32m [repeated 2x across cluster][0m
[36m(_remote_expand_node pid=2209233)[0m 2026-02-08 23:34:14,938 INFO dara.search.tree Overfitting detected for ['TiO2_121632', 'Ti_1532765', 'Li4Ti5O12_cm103332y_si_001', 'Gd2Co12P7_623390']
[36m(_remote_expand_node pid=2209233)[0m 2026-02-08 23:34:14,938 INFO dara.search.tree Rpb improvement: -0.8300000000000054, lattice strain: 0.01227864285273799
[36m(_remote_expand_node pid=2211142)[0m 2026-02-08 23:34:15,337 INFO dara.search.tree Race condition avoided: ['TiO2_121632', 'TiC_1011320', 'Hf4ZnGa11_634337', 'LiF_1010990'] is already being processed by another worker.[32m [repeated 5x across cluster][0m
[36m(_remote_expand_node pid=2212101)[0m 2026-02-08 23:34:20,175 INFO dara.search.tree Expanding node ebf35258-0578-11f1-8a5e-6805cae19192 with current phases ['TiO2_121632', 'LiCoO2_1533825', 'Ti_1532765'], Rwp = 50.09[32m [repeated 2x across cluster][0m
[36m(_remote_expand_node pid=2208212)[0m 2026-02-08 23:34:18,799 INFO dara.search.tree Overfitting detected for ['TiO2_121632', 'TiC_1011320', 'Li4Ti5O12_cm103332y_si_001', 'LiCoO2_1533825']
[36m(_remote_expand_node pid=2208212)[0m 2026-02-08 23:34:18,799 INFO dara.search.tree Rpb improvement: 7.300000000000004, lattice strain: 0.0018108368019972728
[36m(_remote_expand_node pid=2210965)[0m 2026-02-08 23:34:20,531 INFO dara.search.tree Overfitting detected for ['TiO2_121632', 'In4.8Te8Au1.06_121190', 'Gd2Co12P7_623390', 'Hf4ZnGa11_634337']
[36m(_remote_expand_node pid=2210965)[0m 2026-02-08 23:34:20,531 INFO dara.search.tree Rpb improvement: 2.049999999999997, lattice strain: -0.003920468313849421
[36m(_remote_expand_node pid=2208214)[0m 2026-02-08 23:34:25,157 INFO dara.search.tree Race condition avoided: ['TiO2_121632', 'LiF_1010990', 'TiC_1011320', 'LiCoO2_1533825', 'LiMnO2_15105'] is already being processed by another worker.[32m [repeated 15x across cluster][0m
[36m(_remote_expand_node pid=2211152)[0m 2026-02-08 23:34:25,080 INFO dara.search.tree Expanding node f5aab0ac-0578-11f1-9b08-6805cae19192 with current phases ['TiO2_121632', 'LiF_1010990', 'TiC_1011320', 'In4.8Te8Au1.06_121190'], Rwp = 55.62[32m [repeated 5x across cluster][0m
[36m(_remote_expand_node pid=2209233)[0m 2026-02-08 23:34:23,567 INFO dara.search.tree Overfitting detected for ['TiO2_121632', 'LiCoO2_1533825', 'Hf4ZnGa11_634337', 'Ti_1532765'][32m [repeated 2x across cluster][0m
[36m(_remote_expand_node pid=2209233)[0m 2026-02-08 23:34:23,568 INFO dara.search.tree Rpb improvement: 4.809999999999995, lattice strain: -0.007411026553695427[32m [repeated 2x across cluster][0m
[36m(_remote_expand_node pid=2212101)[0m 2026-02-08 23:34:29,963 INFO dara.search.tree Race condition avoided: ['TiO2_121632', 'LiF_1010990', 'TiC_1011320', 'Ti_1532765', 'LiCoO2_1533825'] is already being processed by another worker.[32m [repeated 5x across cluster][0m
[36m(_remote_expand_node pid=2212377)[0m 2026-02-08 23:34:33,653 INFO dara.search.tree Expanding node fad87a6e-0578-11f1-a68e-6805cae19192 with current phases ['TiO2_121632', 'TiC_1011320', 'Li4Ti5O12_cm103332y_si_001', 'In4.8Te8Au1.06_121190'], Rwp = 59.98[32m [repeated 2x across cluster][0m
[36m(_remote_expand_node pid=2211457)[0m 2026-02-08 23:34:37,550 INFO dara.search.tree Overfitting detected for ['TiO2_121632', 'LiF_1010990', 'Li4Ti5O12_cm103332y_si_001', 'In4.8Te8Au1.06_121190', 'Hf4ZnGa11_634337']
[36m(_remote_expand_node pid=2211457)[0m 2026-02-08 23:34:37,550 INFO dara.search.tree Rpb improvement: -0.5800000000000054, lattice strain: -0.0037454796308841742
[36m(_remote_expand_node pid=2212101)[0m 2026-02-08 23:34:37,705 INFO dara.search.tree Race condition avoided: ['TiO2_121632', 'LiCoO2_1533825', 'Ti_1532765', 'LiF_1010990', 'TiC_1011320'] is already being processed by another worker.[32m [repeated 6x across cluster][0m
[36m(_remote_expand_node pid=2212101)[0m 2026-02-08 23:34:37,673 INFO dara.search.tree Expanding node fe7203a2-0578-11f1-849c-6805cae19192 with current phases ['TiO2_121632', 'LiCoO2_1533825', 'Ti_1532765', 'LiF_1010990'], Rwp = 48.59[32m [repeated 2x across cluster][0m
[36m(_remote_expand_node pid=2211457)[0m 2026-02-08 23:34:43,614 INFO dara.search.tree Overfitting detected for ['TiO2_121632', 'LiCoO2_1533825', 'TiC_1011320', 'In4.8Te8Au1.06_121190', 'Ti_1532765'][32m [repeated 3x across cluster][0m
[36m(_remote_expand_node pid=2211457)[0m 2026-02-08 23:34:43,614 INFO dara.search.tree Rpb improvement: 1.1199999999999974, lattice strain: -0.005386840725114264[32m [repeated 3x across cluster][0m
Search tree:
Root 
├── (high_strain) In4.8Te8Au1.06_121190                         Rwp: 90.17% | Strain: 4.17% | Group 0  
├── ([32mexpanded[39m[26m) Hf4ZnGa11_634337                                 Rwp: 88.61% | Strain: -0.59% | Group 1  
│   ├── (high_strain) In4.8Te8Au1.06_121190                         Rwp: 89.16% | Strain: 3.93% | Group 0  
│   └── (overfitting) LiMnO2_15105                                  Rwp: 73.62% | Strain: -0.03% | Group 1  
├── ([32mexpanded[39m[26m) LiMnO2_15105                                     Rwp: 73.69% | Strain: -0.03% | Group 2  
│   ├── (no_improvement) In4.8Te8Au1.06_121190                      Rwp: 73.65% | Strain: 1.5% | Group 0  
│   ├── (no_improvement) Gd2Co12P7_623390                           Rwp: 72.49% | Strain: 1.66% | Group 1  
│   ├── (no_improvement) Li4Ti5O12_cm103332y_si_001                 Rwp: 73.59% | Strain: 1.31% | Group 2  
│   ├── ([32mexpanded[39m[26m) TiO2_121632                                      Rwp: 37.38% | Strain: -0.18% | Group 3  
│   │   ├── (no_improvement) In4.8Te8Au1.06_121190                      Rwp: 43.16% | Strain: 0.0% | Group 0  
│   │   ├── (no_improvement) Gd2Co12P7_623390                           Rwp: 37.01% | Strain: 1.24% | Group 1  
│   │   ├── (no_improvement) Hf4ZnGa11_634337                           Rwp: 42.86% | Strain: 0.35% | Group 2  
│   │   ├── (no_improvement) Li4Ti5O12_cm103332y_si_001                 Rwp: 42.77% | Strain: 1.14% | Group 3  
│   │   ├── ([32mexpanded[39m[26m) LiCoO2_1533825                                   Rwp: 31.90% | Strain: 0.47% | Group 4  
│   │   │   ├── (no_improvement) In4.8Te8Au1.06_121190                      Rwp: 31.74% | Strain: 0.16% | Group 0  
│   │   │   ├── (no_improvement) Gd2Co12P7_623390                           Rwp: 31.44% | Strain: 1.23% | Group 1  
│   │   │   ├── (no_improvement) Hf4ZnGa11_634337                           Rwp: 31.46% | Strain: 0.84% | Group 2  
│   │   │   ├── (no_improvement) Li4Ti5O12_cm103332y_si_001                 Rwp: 31.90% | Strain: 0.0% | Group 3  
│   │   │   ├── (no_improvement) Ti_1532765                                 Rwp: 35.53% | Strain: -0.96% | Group 4  
│   │   │   ├── ([32mexpanded[39m[26m) LiF_1010990                                      Rwp: 29.05% | Strain: -0.28% | Group 5  
│   │   │   │   ├── (no_improvement) In4.8Te8Au1.06_121190                      Rwp: 28.82% | Strain: 0.5% | Group 0  
│   │   │   │   ├── (no_improvement) Gd2Co12P7_623390                           Rwp: 28.98% | Strain: 0.45% | Group 1  
│   │   │   │   ├── (no_improvement) Hf4ZnGa11_634337                           Rwp: 28.89% | Strain: 0.37% | Group 2  
│   │   │   │   ├── (no_improvement) Li4Ti5O12_cm103332y_si_001                 Rwp: 28.98% | Strain: 1.21% | Group 3  
│   │   │   │   ├── (no_improvement) Ti_1532765                                 Rwp: 32.48% | Strain: -0.18% | Group 4  
│   │   │   │   └── ([34mmax_depth[39m[26m) TiC_1011320                                     Rwp: 24.39% | Strain: -0.29% | Group 5  
│   │   │   └── ([32mexpanded[39m[26m) TiC_1011320                                      Rwp: 25.89% | Strain: -0.29% | Group 6  
│   │   │       ├── (no_improvement) In4.8Te8Au1.06_121190                      Rwp: 25.79% | Strain: 0.01% | Group 0  
│   │   │       ├── (no_improvement) Gd2Co12P7_623390                           Rwp: 25.89% | Strain: 0.0% | Group 1  
│   │   │       ├── (no_improvement) Hf4ZnGa11_634337                           Rwp: 25.89% | Strain: 0.0% | Group 2  
│   │   │       ├── (no_improvement) Li4Ti5O12_cm103332y_si_001                 Rwp: 25.89% | Strain: 0.0% | Group 3  
│   │   │       └── (no_improvement) Ti_1532765                                 Rwp: 25.43% | Strain: -0.55% | Group 4  
│   │   ├── (no_improvement) Ti_1532765                                 Rwp: 43.13% | Strain: -1.05% | Group 5  
│   │   ├── (no_improvement) LiF_1010990                                Rwp: 39.07% | Strain: -0.32% | Group 6  
│   │   └── ([32mexpanded[39m[26m) TiC_1011320                                      Rwp: 33.75% | Strain: -0.22% | Group 7  
│   │       ├── (no_improvement) In4.8Te8Au1.06_121190                      Rwp: 33.66% | Strain: 0.14% | Group 0  
│   │       ├── (no_improvement) Gd2Co12P7_623390                           Rwp: 33.75% | Strain: 0.0% | Group 1  
│   │       ├── (no_improvement) Hf4ZnGa11_634337                           Rwp: 33.75% | Strain: 0.0% | Group 2  
│   │       ├── (no_improvement) Li4Ti5O12_cm103332y_si_001                 Rwp: 36.48% | Strain: 1.22% | Group 3  
│   │       ├── (no_improvement) Ti_1532765                                 Rwp: 37.05% | Strain: -1.06% | Group 4  
│   │       └── ([32mexpanded[39m[26m) LiF_1010990                                      Rwp: 31.21% | Strain: -0.26% | Group 5  
│   │           ├── (no_improvement) In4.8Te8Au1.06_121190                      Rwp: 31.13% | Strain: 0.07% | Group 0  
│   │           ├── (no_improvement) Gd2Co12P7_623390                           Rwp: 31.21% | Strain: 0.0% | Group 1  
│   │           ├── (no_improvement) Hf4ZnGa11_634337                           Rwp: 31.21% | Strain: 0.0% | Group 2  
│   │           ├── (no_improvement) Li4Ti5O12_cm103332y_si_001                 Rwp: 29.07% | Strain: 1.31% | Group 3  
│   │           └── (no_improvement) Ti_1532765                                 Rwp: 32.94% | Strain: 0.78% | Group 4  
│   ├── ([32mexpanded[39m[26m) LiCoO2_1533825                                   Rwp: 65.60% | Strain: 0.34% | Group 4  
│   │   ├── (no_improvement) In4.8Te8Au1.06_121190                      Rwp: 65.40% | Strain: 1.17% | Group 0  
│   │   ├── (no_improvement) Hf4ZnGa11_634337                           Rwp: 65.48% | Strain: 1.43% | Group 1  
│   │   ├── (no_improvement) Gd2Co12P7_623390                           Rwp: 64.56% | Strain: 1.37% | Group 2  
│   │   ├── (no_improvement) Li4Ti5O12_cm103332y_si_001                 Rwp: 65.60% | Strain: 0.0% | Group 3  
│   │   ├── (no_improvement) Ti_1532765                                 Rwp: 65.52% | Strain: 0.75% | Group 4  
│   │   ├── (no_improvement) LiF_1010990                                Rwp: 64.09% | Strain: -0.26% | Group 5  
│   │   └── ([32mexpanded[39m[26m) TiC_1011320                                      Rwp: 62.66% | Strain: -0.2% | Group 6  
│   │       ├── (no_improvement) In4.8Te8Au1.06_121190                      Rwp: 62.35% | Strain: 1.18% | Group 0  
│   │       ├── (no_improvement) Hf4ZnGa11_634337                           Rwp: 62.66% | Strain: 0.0% | Group 1  
│   │       ├── (no_improvement) Gd2Co12P7_623390                           Rwp: 62.66% | Strain: 0.0% | Group 2  
│   │       ├── (no_improvement) Li4Ti5O12_cm103332y_si_001                 Rwp: 62.66% | Strain: 0.0% | Group 3  
│   │       └── (no_improvement) Ti_1532765                                 Rwp: 62.53% | Strain: 0.73% | Group 4  
│   ├── (no_improvement) Ti_1532765                                 Rwp: 73.69% | Strain: 0.0% | Group 5  
│   ├── ([32mexpanded[39m[26m) LiF_1010990                                      Rwp: 70.61% | Strain: -0.17% | Group 6  
│   │   ├── (no_improvement) In4.8Te8Au1.06_121190                      Rwp: 70.49% | Strain: 1.33% | Group 0  
│   │   ├── (no_improvement) Gd2Co12P7_623390                           Rwp: 70.38% | Strain: 0.49% | Group 1  
│   │   ├── (no_improvement) Hf4ZnGa11_634337                           Rwp: 70.57% | Strain: 0.3% | Group 2  
│   │   ├── (no_improvement) Li4Ti5O12_cm103332y_si_001                 Rwp: 70.50% | Strain: 1.14% | Group 3  
│   │   ├── (no_improvement) Ti_1532765                                 Rwp: 70.58% | Strain: 0.02% | Group 4  
│   │   └── ([32mexpanded[39m[26m) TiC_1011320                                      Rwp: 67.89% | Strain: -0.21% | Group 5  
│   │       ├── (no_improvement) In4.8Te8Au1.06_121190                      Rwp: 67.71% | Strain: 1.31% | Group 0  
│   │       ├── (no_improvement) Gd2Co12P7_623390                           Rwp: 67.89% | Strain: 0.0% | Group 1  
│   │       ├── (no_improvement) Hf4ZnGa11_634337                           Rwp: 67.89% | Strain: 0.0% | Group 2  
│   │       ├── (no_improvement) Li4Ti5O12_cm103332y_si_001                 Rwp: 67.77% | Strain: 1.15% | Group 3  
│   │       ├── ([32mexpanded[39m[26m) LiCoO2_1533825                                   Rwp: 61.29% | Strain: 0.2% | Group 4  
│   │       │   ├── (no_improvement) In4.8Te8Au1.06_121190                      Rwp: 60.87% | Strain: 1.06% | Group 0  
│   │       │   ├── (no_improvement) Hf4ZnGa11_634337                           Rwp: 61.29% | Strain: 0.0% | Group 1  
│   │       │   ├── (no_improvement) Gd2Co12P7_623390                           Rwp: 61.29% | Strain: 0.0% | Group 2  
│   │       │   ├── (no_improvement) Li4Ti5O12_cm103332y_si_001                 Rwp: 61.29% | Strain: 0.0% | Group 3  
│   │       │   └── (no_improvement) Ti_1532765                                 Rwp: 61.06% | Strain: 0.58% | Group 4  
│   │       └── (no_improvement) Ti_1532765                                 Rwp: 67.86% | Strain: 0.26% | Group 5  
│   └── ([32mexpanded[39m[26m) TiC_1011320                                      Rwp: 70.58% | Strain: 0.02% | Group 7  
│       ├── (no_improvement) In4.8Te8Au1.06_121190                      Rwp: 70.51% | Strain: 1.48% | Group 0  
│       ├── (no_improvement) Hf4ZnGa11_634337                           Rwp: 70.58% | Strain: 0.0% | Group 1  
│       ├── (no_improvement) Gd2Co12P7_623390                           Rwp: 69.67% | Strain: 1.72% | Group 2  
│       ├── (no_improvement) Li4Ti5O12_cm103332y_si_001                 Rwp: 70.46% | Strain: 1.32% | Group 3  
│       └── (no_improvement) Ti_1532765                                 Rwp: 70.57% | Strain: 0.61% | Group 4  
├── (high_strain) Gd2Co12P7_623390                              Rwp: 91.70% | Strain: -4.0% | Group 3  
├── (high_strain) Li4Ti5O12_cm103332y_si_001                    Rwp: 94.71% | Strain: 2.03% | Group 4  
├── ([32mexpanded[39m[26m) TiO2_121632                                      Rwp: 69.42% | Strain: -0.26% | Group 5  
│   ├── ([32mexpanded[39m[26m) In4.8Te8Au1.06_121190                            Rwp: 68.38% | Strain: 0.56% | Group 0  
│   │   ├── ([32mexpanded[39m[26m) Gd2Co12P7_623390                                 Rwp: 67.06% | Strain: 0.21% | Group 0  
│   │   │   └── (overfitting) Hf4ZnGa11_634337                              Rwp: 64.40% | Strain: -0.39% | Group 0  
│   │   └── (overfitting) Hf4ZnGa11_634337                              Rwp: 64.95% | Strain: -0.36% | Group 1  
│   ├── ([32mexpanded[39m[26m) Gd2Co12P7_623390                                 Rwp: 67.98% | Strain: 0.18% | Group 1  
│   │   └── (overfitting) Hf4ZnGa11_634337                              Rwp: 65.99% | Strain: -0.41% | Group 0  
│   ├── (no_improvement) Li4Ti5O12_cm103332y_si_001                 Rwp: 68.09% | Strain: 1.26% | Group 2  
│   ├── ([32mexpanded[39m[26m) LiCoO2_1533825                                   Rwp: 57.25% | Strain: 0.19% | Group 3  
│   │   ├── ([32mexpanded[39m[26m) Hf4ZnGa11_634337                                 Rwp: 53.10% | Strain: 0.04% | Group 0  
│   │   │   ├── (no_improvement) In4.8Te8Au1.06_121190                      Rwp: 52.78% | Strain: 0.48% | Group 0  
│   │   │   ├── (no_improvement) Gd2Co12P7_623390                           Rwp: 53.44% | Strain: 0.28% | Group 1  
│   │   │   ├── (no_improvement) Li4Ti5O12_cm103332y_si_001                 Rwp: 52.94% | Strain: 1.21% | Group 2  
│   │   │   └── (overfitting) Ti_1532765                                    Rwp: 49.53% | Strain: -0.74% | Group 3  
│   │   ├── (no_improvement) Li4Ti5O12_cm103332y_si_001                 Rwp: 57.01% | Strain: 1.31% | Group 1  
│   │   ├── ([32mexpanded[39m[26m) Ti_1532765                                       Rwp: 50.09% | Strain: -0.74% | Group 2  
│   │   │   ├── (no_improvement) In4.8Te8Au1.06_121190                      Rwp: 50.09% | Strain: 0.1% | Group 0  
│   │   │   ├── (no_improvement) Gd2Co12P7_623390                           Rwp: 49.74% | Strain: 1.21% | Group 1  
│   │   │   ├── ([32mexpanded[39m[26m) LiF_1010990                                      Rwp: 48.59% | Strain: -0.81% | Group 2  
│   │   │   │   ├── (no_improvement) In4.8Te8Au1.06_121190                      Rwp: 50.52% | Strain: 0.09% | Group 0  
│   │   │   │   ├── (no_improvement) Gd2Co12P7_623390                           Rwp: 48.08% | Strain: -0.12% | Group 1  
│   │   │   │   ├── (no_improvement) Hf4ZnGa11_634337                           Rwp: 46.38% | Strain: -0.32% | Group 2  
│   │   │   │   └── ([34mmax_depth[39m[26m) Li4Ti5O12_cm103332y_si_001                      Rwp: 46.70% | Strain: 1.31% | Group 3  
│   │   │   └── (no_improvement) TiC_1011320                                Rwp: 47.69% | Strain: -0.39% | Group 3  
│   │   ├── ([32mexpanded[39m[26m) LiF_1010990                                      Rwp: 53.24% | Strain: -0.86% | Group 3  
│   │   │   ├── ([32mexpanded[39m[26m) In4.8Te8Au1.06_121190                            Rwp: 51.85% | Strain: 0.63% | Group 0  
│   │   │   │   ├── (no_improvement) Gd2Co12P7_623390                           Rwp: 51.38% | Strain: -0.09% | Group 0  
│   │   │   │   └── ([34mmax_depth[39m[26m) Hf4ZnGa11_634337                                Rwp: 49.61% | Strain: -0.33% | Group 1  
│   │   │   └── (no_improvement) Gd2Co12P7_623390                           Rwp: 52.73% | Strain: 0.07% | Group 1  
│   │   └── ([32mexpanded[39m[26m) TiC_1011320                                      Rwp: 51.59% | Strain: -0.36% | Group 4  
│   │       ├── ([32mexpanded[39m[26m) In4.8Te8Au1.06_121190                            Rwp: 49.99% | Strain: 0.51% | Group 0  
│   │       │   ├── (no_improvement) Gd2Co12P7_623390                           Rwp: 49.63% | Strain: 1.2% | Group 0  
│   │       │   ├── (no_improvement) Hf4ZnGa11_634337                           Rwp: 49.21% | Strain: 0.62% | Group 1  
│   │       │   └── (overfitting) Ti_1532765                                    Rwp: 47.68% | Strain: -0.54% | Group 2  
│   │       └── (no_improvement) Gd2Co12P7_623390                           Rwp: 51.39% | Strain: -0.14% | Group 1  
│   ├── ([32mexpanded[39m[26m) Ti_1532765                                       Rwp: 61.17% | Strain: -0.77% | Group 4  
│   │   ├── (no_improvement) Hf4ZnGa11_634337                           Rwp: 60.79% | Strain: 0.75% | Group 0  
│   │   ├── ([32mexpanded[39m[26m) Li4Ti5O12_cm103332y_si_001                       Rwp: 58.39% | Strain: 0.49% | Group 1  
│   │   │   ├── (no_improvement) In4.8Te8Au1.06_121190                      Rwp: 58.38% | Strain: 0.1% | Group 0  
│   │   │   └── (overfitting) Gd2Co12P7_623390                              Rwp: 59.15% | Strain: 1.23% | Group 1  
│   │   ├── (no_improvement) LiF_1010990                                Rwp: 59.10% | Strain: -0.63% | Group 2  
│   │   └── (no_improvement) TiC_1011320                                Rwp: 60.80% | Strain: -0.47% | Group 3  
│   ├── ([32mexpanded[39m[26m) LiF_1010990                                      Rwp: 61.10% | Strain: -0.66% | Group 5  
│   │   ├── (no_improvement) Hf4ZnGa11_634337                           Rwp: 58.39% | Strain: -0.42% | Group 0  
│   │   ├── ([32mexpanded[39m[26m) Li4Ti5O12_cm103332y_si_001                       Rwp: 58.43% | Strain: 0.48% | Group 1  
│   │   │   ├── ([32mexpanded[39m[26m) In4.8Te8Au1.06_121190                            Rwp: 57.16% | Strain: 0.6% | Group 0  
│   │   │   │   ├── (no_improvement) Gd2Co12P7_623390                           Rwp: 56.58% | Strain: -0.02% | Group 0  
│   │   │   │   └── (overfitting) Hf4ZnGa11_634337                              Rwp: 56.79% | Strain: -0.37% | Group 1  
│   │   │   └── (overfitting) Gd2Co12P7_623390                              Rwp: 59.12% | Strain: -0.23% | Group 1  
│   │   └── ([32mexpanded[39m[26m) TiC_1011320                                      Rwp: 56.93% | Strain: -0.52% | Group 2  
│   │       ├── ([32mexpanded[39m[26m) In4.8Te8Au1.06_121190                            Rwp: 55.62% | Strain: 0.53% | Group 0  
│   │       │   ├── (no_improvement) Gd2Co12P7_623390                           Rwp: 55.43% | Strain: -0.53% | Group 0  
│   │       │   ├── (no_improvement) Hf4ZnGa11_634337                           Rwp: 54.10% | Strain: -0.54% | Group 1  
│   │       │   └── (overfitting) Ti_1532765                                    Rwp: 54.67% | Strain: -0.5% | Group 2  
│   │       ├── (no_improvement) Gd2Co12P7_623390                           Rwp: 56.93% | Strain: 0.0% | Group 1  
│   │       ├── (no_improvement) Hf4ZnGa11_634337                           Rwp: 55.38% | Strain: -0.55% | Group 2  
│   │       ├── ([32mexpanded[39m[26m) LiCoO2_1533825                                   Rwp: 48.75% | Strain: 0.09% | Group 3  
│   │       │   ├── ([34mmax_depth[39m[26m) In4.8Te8Au1.06_121190                           Rwp: 47.03% | Strain: 0.47% | Group 0  
│   │       │   ├── (no_improvement) Gd2Co12P7_623390                           Rwp: 48.75% | Strain: 0.0% | Group 1  
│   │       │   ├── (no_improvement) Hf4ZnGa11_634337                           Rwp: 47.00% | Strain: -0.47% | Group 2  
│   │       │   ├── (no_improvement) Li4Ti5O12_cm103332y_si_001                 Rwp: 48.26% | Strain: 1.27% | Group 3  
│   │       │   └── (no_improvement) Ti_1532765                                 Rwp: 45.81% | Strain: -0.54% | Group 4  
│   │       └── ([32mexpanded[39m[26m) Ti_1532765                                       Rwp: 54.57% | Strain: -0.11% | Group 4  
│   │           ├── ([34mmax_depth[39m[26m) Gd2Co12P7_623390                                Rwp: 52.50% | Strain: 0.0% | Group 0  
│   │           ├── ([34mmax_depth[39m[26m) Hf4ZnGa11_634337                                Rwp: 51.09% | Strain: -0.53% | Group 1  
│   │           └── ([34mmax_depth[39m[26m) Li4Ti5O12_cm103332y_si_001                      Rwp: 49.52% | Strain: 0.25% | Group 2  
│   └── ([32mexpanded[39m[26m) TiC_1011320                                      Rwp: 63.88% | Strain: -0.44% | Group 6  
│       ├── ([32mexpanded[39m[26m) Hf4ZnGa11_634337                                 Rwp: 62.39% | Strain: -0.5% | Group 0  
│       │   └── (overfitting) In4.8Te8Au1.06_121190                         Rwp: 62.14% | Strain: 0.51% | Group 0  
│       └── ([32mexpanded[39m[26m) Li4Ti5O12_cm103332y_si_001                       Rwp: 61.21% | Strain: 0.35% | Group 1  
│           ├── ([32mexpanded[39m[26m) In4.8Te8Au1.06_121190                            Rwp: 59.98% | Strain: 0.55% | Group 0  
│           │   ├── (no_improvement) Gd2Co12P7_623390                           Rwp: 59.75% | Strain: 1.17% | Group 0  
│           │   └── (overfitting) Hf4ZnGa11_634337                              Rwp: 60.08% | Strain: -0.46% | Group 1  
│           ├── (no_improvement) Gd2Co12P7_623390                           Rwp: 60.98% | Strain: 1.16% | Group 1  
│           ├── (no_improvement) Hf4ZnGa11_634337                           Rwp: 61.21% | Strain: 0.0% | Group 2  
│           └── (overfitting) LiCoO2_1533825                                Rwp: 51.32% | Strain: 0.18% | Group 3  
├── (high_strain) LiCoO2_1533825                                Rwp: 85.22% | Strain: -2.42% | Group 6  
├── (high_strain) Ti_1532765                                    Rwp: 93.44% | Strain: -2.07% | Group 7  
├── (high_strain) LiF_1010990                                   Rwp: 87.44% | Strain: -2.01% | Group 8  
└── (high_strain) TiC_1011320                                   Rwp: 91.12% | Strain: -2.24% | Group 9  

    Saved DARA refined plot to /work/hdd/bffm/xtong1/ref_200_conserv/results/evaluation/dara_refined_plots/TiO2_LiMnO2_LiF_Li2O_refined.html
Refinement result: {'TiO2_121632': np.float64(0.4795068782935285), 'LiMnO2_15105': np.float64(0.24146184943215107), 'LiCoO2_1533825': np.float64(0.11333605784824627), 'LiF_1010990': np.float64(0.10889206638299398), 'TiC_1011320': np.float64(0.056803148043080086)}
DARA refinement result: Rwp=24.39%, Max False Peak Relative Intensity=0.0129
    Recall: 0.7500, Precision: 0.6000, F1: 0.6667
    Time taken: 134.16 seconds

========================================
Processing pattern: V2O5_MnCO3
    Running DARA refinement on 12 candidate phases...

DARA Iteration 1: Refining 12 phases: ['V2O5_124838', 'Y3Ge13Ru4_53900', 'CrSbSe3_84866', 'MnCO3_1548822', 'Ba6Ti5.25Fe0.75O17.52_50856', 'Ba8Y4Cu13.5O28.68_400087', 'Ce8Fe12.32Rh3.68_102160', 'Bk_292005', 'ScPRu_77790', 'MnOOH_1011012', 'CdHg2_58982', 'CaNi2(SeO3)3_143490']
2026-02-08 23:34:44,756 INFO dara.search.tree Detecting peaks in the pattern.
EFLECH run time: 4.023251533508301 seconds
2026-02-08 23:34:48,820 INFO dara.search.tree The wmax is automatically adjusted to 49.12032965728456.
2026-02-08 23:34:48,820 INFO dara.search.tree The intensity threshold is automatically set to 9.93 % of maximum peak intensity.
2026-02-08 23:34:48,820 INFO dara.search.tree Creating the root node.
2026-02-08 23:34:48,820 INFO dara.search.tree Refining all the phases in the dataset.
2026-02-08 23:34:50,999 INFO dara.search.tree Finished refining 12 phases, with 2 phases removed.
2026-02-08 23:34:50,999 INFO dara.search.tree Express mode is enabled. Grouping phases before starting.
2026-02-08 23:34:51,331 INFO dara.search.tree Phases are grouped into 10 groups. Pinned phases were included to mask duplicate candidates.
[36m(_remote_expand_node pid=2208214)[0m 2026-02-08 23:34:51,997 INFO dara.search.tree Expanding node 0cbec904-0579-11f1-9018-6805cae19192 with current phases [], Rwp = None
[36m(_remote_expand_node pid=2209233)[0m 2026-02-08 23:34:40,762 INFO dara.search.tree Race condition avoided: ['TiO2_121632', 'LiCoO2_1533825', 'LiF_1010990', 'In4.8Te8Au1.06_121190', 'TiC_1011320'] is already being processed by another worker.[32m [repeated 4x across cluster][0m
[36m(_remote_expand_node pid=2209233)[0m 2026-02-08 23:34:39,714 INFO dara.search.tree Expanding node 00bd45d6-0579-11f1-9b17-6805cae19192 with current phases ['TiO2_121632', 'LiCoO2_1533825', 'LiF_1010990', 'In4.8Te8Au1.06_121190'], Rwp = 51.85
[36m(_remote_expand_node pid=2208214)[0m 2026-02-08 23:34:55,825 INFO dara.search.tree Expanding node 10e4a436-0579-11f1-9fd9-6805cae19192 with current phases ['V2O5_124838'], Rwp = 10.03
[36m(_remote_expand_node pid=2211142)[0m 2026-02-08 23:35:00,187 INFO dara.search.tree Overfitting detected for ['Y3Ge13Ru4_53900', 'Ce8Fe12.32Rh3.68_102160']
[36m(_remote_expand_node pid=2211142)[0m 2026-02-08 23:35:00,187 INFO dara.search.tree Rpb improvement: 2.0, lattice strain: -0.050000000000000135
[36m(_remote_expand_node pid=2213353)[0m 2026-02-08 23:34:55,900 INFO dara.search.tree Race condition avoided: ['MnOOH_1011012', 'MnCO3_1548822'] is already being processed by another worker.[32m [repeated 5x across cluster][0m
[36m(_remote_expand_node pid=2211142)[0m 2026-02-08 23:35:02,487 INFO dara.search.tree Expanding node 10e74fa6-0579-11f1-9fd9-6805cae19192 with current phases ['CrSbSe3_84866'], Rwp = 22.8[32m [repeated 5x across cluster][0m
[36m(_remote_expand_node pid=2213496)[0m 2026-02-08 23:35:04,358 INFO dara.search.tree Overfitting detected for ['ScPRu_77790', 'MnOOH_1011012']
[36m(_remote_expand_node pid=2213496)[0m 2026-02-08 23:35:04,358 INFO dara.search.tree Rpb improvement: 6.059999999999988, lattice strain: 0.008088392594554614
[36m(_remote_expand_node pid=2211142)[0m 2026-02-08 23:35:02,972 INFO dara.search.tree Race condition avoided: ['CrSbSe3_84866', 'V2O5_124838'] is already being processed by another worker.[32m [repeated 3x across cluster][0m
Refinement result: Early stop found. Terminating all other workers.
Search tree:
Root 
├── ([32mexpanded[39m[26m) V2O5_124838                                      Rwp: 10.03% | Strain: -0.11% | Group 0  
│   ├── (pending) MnOOH_1011012                                     Rwp: 9.49% | Strain: 0.43% | Group 0  
│   ├── (no_improvement) Y3Ge13Ru4_53900                            Rwp: 10.02% | Strain: 0.39% | Group 1  
│   └── (early_stop) MnCO3_1548822                                  Rwp: 4.66% | Strain: 0.49% | Group 2  
├── ([32mexpanded[39m[26m) MnOOH_1011012                                    Rwp: 25.95% | Strain: 0.44% | Group 1  
│   ├── (high_strain) Ba6Ti5.25Fe0.75O17.52_50856                   Rwp: 21.46% | Strain: -2.06% | Group 0  
│   ├── (no_improvement) Y3Ge13Ru4_53900                            Rwp: 25.95% | Strain: 0.0% | Group 1  
│   └── (no_improvement) Ce8Fe12.32Rh3.68_102160                    Rwp: 25.61% | Strain: -1.15% | Group 2  
├── (high_strain) Ba6Ti5.25Fe0.75O17.52_50856                   Rwp: 22.25% | Strain: -2.12% | Group 2  
├── ([32mexpanded[39m[26m) MnCO3_1548822                                    Rwp: 23.26% | Strain: 0.81% | Group 3  
│   ├── (pending) MnOOH_1011012                                     Rwp: 21.57% | Strain: 0.69% | Group 0  
│   ├── (pending) Ba6Ti5.25Fe0.75O17.52_50856                       Rwp: 22.12% | Strain: -1.93% | Group 1  
│   ├── (no_improvement) Y3Ge13Ru4_53900                            Rwp: 23.24% | Strain: 0.4% | Group 2  
│   ├── (pending) Ce8Fe12.32Rh3.68_102160                           Rwp: 23.02% | Strain: -0.97% | Group 3  
│   └── (no_improvement) ScPRu_77790                                Rwp: 23.05% | Strain: -0.21% | Group 4  
├── ([32mexpanded[39m[26m) Y3Ge13Ru4_53900                                  Rwp: 27.22% | Strain: 0.31% | Group 4  
│   └── (overfitting) Ce8Fe12.32Rh3.68_102160                       Rwp: 26.65% | Strain: -5.0% | Group 0  
├── (high_strain) Ce8Fe12.32Rh3.68_102160                       Rwp: 26.68% | Strain: -5.0% | Group 5  
├── ([32mexpanded[39m[26m) ScPRu_77790                                      Rwp: 26.83% | Strain: -0.07% | Group 6  
│   └── (overfitting) MnOOH_1011012                                 Rwp: 25.74% | Strain: 0.81% | Group 0  
├── (high_strain) Ba8Y4Cu13.5O28.68_400087                      Rwp: 26.47% | Strain: -4.56% | Group 7  
└── (pending) CrSbSe3_84866                                     Rwp: 22.80% | Strain: -0.49% | Group 8  

[36m(_remote_expand_node pid=2208214)[0m 2026-02-08 23:35:07,529 INFO dara.search.tree Early stopping triggered at node 10e4a436-0579-11f1-9fd9-6805cae19192 with phases ['V2O5_124838', 'MnCO3_1548822']
[36m(_remote_expand_node pid=2213494)[0m 2026-02-08 23:35:06,453 INFO dara.search.tree Expanding node 16db1ad2-0579-11f1-87d4-6805cae19192 with current phases ['MnCO3_1548822', 'MnOOH_1011012'], Rwp = 21.57[32m [repeated 2x across cluster][0m
[36m(_remote_expand_node pid=2209233)[0m Task was cancelled remotely. Returning current state.
    Saved DARA refined plot to /work/hdd/bffm/xtong1/ref_200_conserv/results/evaluation/dara_refined_plots/V2O5_MnCO3_refined.html
Refinement result: {'V2O5_124838': np.float64(0.7410779555408511), 'MnCO3_1548822': np.float64(0.25892204445914896)}
DARA refinement result: Rwp=4.66%, Max False Peak Relative Intensity=0.0000
    Recall: 1.0000, Precision: 1.0000, F1: 1.0000
    Time taken: 23.35 seconds

========================================
Processing pattern: Li2CO3_NiO
    Running DARA refinement on 6 candidate phases...

DARA Iteration 1: Refining 6 phases: ['Li2CO3_100324', 'NiO_1010093', 'Tm6Fe51C4.5_617870', 'CoFe2O4_1533163', 'Bk_292005', 'Er(Al2Mo)2_607414']
2026-02-08 23:35:08,119 INFO dara.search.tree Detecting peaks in the pattern.
EFLECH run time: 2.479677438735962 seconds
2026-02-08 23:35:10,631 INFO dara.search.tree The wmax is automatically adjusted to 63.97.
2026-02-08 23:35:10,631 INFO dara.search.tree The intensity threshold is automatically set to 10.00 % of maximum peak intensity.
2026-02-08 23:35:10,631 INFO dara.search.tree Creating the root node.
2026-02-08 23:35:10,631 INFO dara.search.tree Refining all the phases in the dataset.
2026-02-08 23:35:15,703 INFO dara.search.tree Finished refining 6 phases, with 1 phases removed.
2026-02-08 23:35:15,704 INFO dara.search.tree Express mode is enabled. Grouping phases before starting.
2026-02-08 23:35:16,024 INFO dara.search.tree Phases are grouped into 4 groups. Pinned phases were included to mask duplicate candidates.
[36m(_remote_expand_node pid=2214877)[0m 2026-02-08 23:35:16,578 INFO dara.search.tree Expanding node 19bee530-0579-11f1-9018-6805cae19192 with current phases [], Rwp = None
[36m(_remote_expand_node pid=2214877)[0m 2026-02-08 23:35:19,246 INFO dara.search.tree Expanding node 1eddc5cc-0579-11f1-ba0c-6805cae19192 with current phases ['Tm6Fe51C4.5_617870'], Rwp = 28.27
[36m(_remote_expand_node pid=2214880)[0m 2026-02-08 23:35:21,937 INFO dara.search.tree Race condition avoided: ['Li2CO3_100324', 'Tm6Fe51C4.5_617870'] is already being processed by another worker.
[36m(_remote_expand_node pid=2214877)[0m 2026-02-08 23:35:23,102 INFO dara.search.tree Overfitting detected for ['Tm6Fe51C4.5_617870', 'NiO_1010093']
[36m(_remote_expand_node pid=2214877)[0m 2026-02-08 23:35:23,102 INFO dara.search.tree Rpb improvement: 13.740000000000002, lattice strain: 0.0031235006237405848
Search tree:
Root 
├── ([32mexpanded[39m[26m) Tm6Fe51C4.5_617870                               Rwp: 28.27% | Strain: -0.53% | Group 0  
│   ├── ([32mexpanded[39m[26m) Li2CO3_100324                                    Rwp: 25.46% | Strain: 0.42% | Group 0  
│   │   └── (overfitting) NiO_1010093                                   Rwp: 10.98% | Strain: 0.33% | Group 0  
│   └── (overfitting) NiO_1010093                                   Rwp: 19.79% | Strain: 0.31% | Group 1  
├── ([32mexpanded[39m[26m) Li2CO3_100324                                    Rwp: 47.94% | Strain: -0.16% | Group 1  
│   └── ([32mexpanded[39m[26m) NiO_1010093                                      Rwp: 10.98% | Strain: 0.33% | Group 0  
└── ([32mexpanded[39m[26m) NiO_1010093                                      Rwp: 19.79% | Strain: 0.31% | Group 2  

[36m(_remote_expand_node pid=2214877)[0m 2026-02-08 23:35:23,924 INFO dara.search.tree Overfitting detected for ['Tm6Fe51C4.5_617870', 'Li2CO3_100324', 'NiO_1010093']
[36m(_remote_expand_node pid=2214877)[0m 2026-02-08 23:35:23,924 INFO dara.search.tree Rpb improvement: 18.859999999999996, lattice strain: 0.0032698397466653945
    Saved DARA refined plot to /work/hdd/bffm/xtong1/ref_200_conserv/results/evaluation/dara_refined_plots/Li2CO3_NiO_refined.html
Refinement result: {'NiO_1010093': np.float64(0.6953800969537176), 'Li2CO3_100324': np.float64(0.3046199030462825)}
DARA refinement result: Rwp=10.98%, Max False Peak Relative Intensity=0.0000
    Recall: 1.0000, Precision: 1.0000, F1: 1.0000
    Time taken: 16.33 seconds

========================================
Processing pattern: LiMnO2
    Running DARA refinement on 10 candidate phases...

DARA Iteration 1: Refining 10 phases: ['Gd2Co12P7_623390', 'TiN_1011099', 'LiMnO2_15105', 'CrSbSe3_84866', 'CrCl3_1010575', 'Hf4ZnGa11_634337', 'Ti_1532765', 'FeBi2_243396', 'In4.8Te8Au1.06_121190', 'NiO_1010093']
2026-02-08 23:35:24,473 INFO dara.search.tree Detecting peaks in the pattern.
EFLECH run time: 2.5726027488708496 seconds
2026-02-08 23:35:27,077 INFO dara.search.tree The wmax is automatically adjusted to 63.0.
2026-02-08 23:35:27,078 INFO dara.search.tree The intensity threshold is automatically set to 10.00 % of maximum peak intensity.
2026-02-08 23:35:27,078 INFO dara.search.tree Creating the root node.
2026-02-08 23:35:27,078 INFO dara.search.tree Refining all the phases in the dataset.
2026-02-08 23:35:31,056 INFO dara.search.tree Finished refining 10 phases, with 2 phases removed.
2026-02-08 23:35:31,056 INFO dara.search.tree Express mode is enabled. Grouping phases before starting.
2026-02-08 23:35:31,296 INFO dara.search.tree Phases are grouped into 8 groups. Pinned phases were included to mask duplicate candidates.
[36m(_remote_expand_node pid=2214877)[0m 2026-02-08 23:35:31,903 INFO dara.search.tree Expanding node 238c723a-0579-11f1-9018-6805cae19192 with current phases [], Rwp = None
[36m(_remote_expand_node pid=2214880)[0m 2026-02-08 23:35:23,225 INFO dara.search.tree Expanding node 213db2a0-0579-11f1-85f2-6805cae19192 with current phases ['Li2CO3_100324', 'NiO_1010093'], Rwp = 10.98[32m [repeated 4x across cluster][0m
[36m(_remote_expand_node pid=2214878)[0m 2026-02-08 23:35:21,958 INFO dara.search.tree Race condition avoided: ['NiO_1010093', 'Li2CO3_100324'] is already being processed by another worker.[32m [repeated 2x across cluster][0m
Search tree:
Root 
├── ([32mexpanded[39m[26m) LiMnO2_15105                                     Rwp: 5.64% | Strain: 0.05% | Group 0  
│   ├── (high_strain) Ti_1532765                                    Rwp: 5.28% | Strain: 3.61% | Group 0  
│   └── (no_improvement) TiN_1011099                                Rwp: 5.64% | Strain: 0.0% | Group 1  
├── ([32mexpanded[39m[26m) Ti_1532765                                       Rwp: 18.02% | Strain: -0.51% | Group 1  
│   └── (no_improvement) TiN_1011099                                Rwp: 17.80% | Strain: 1.84% | Group 0  
└── ([32mexpanded[39m[26m) TiN_1011099                                      Rwp: 18.24% | Strain: 1.93% | Group 2  

    Saved DARA refined plot to /work/hdd/bffm/xtong1/ref_200_conserv/results/evaluation/dara_refined_plots/LiMnO2_refined.html
Refinement result: {'LiMnO2_15105': np.float64(1.0)}
DARA refinement result: Rwp=5.64%, Max False Peak Relative Intensity=0.0147
    Recall: 1.0000, Precision: 1.0000, F1: 1.0000
    Time taken: 14.08 seconds

========================================
Processing pattern: Li2CO3_Co3O4
    Running DARA refinement on 10 candidate phases...

DARA Iteration 1: Refining 10 phases: ['Co3O4_1526734', 'CoAl2O4_9005203', 'C2SN2_14340', 'Li2CO3_100324', 'LiF_1010990', 'LiAlSi2O6_2003129', 'BaTiO3_1507756', 'FeBi2_243396', 'ErZnAsO_420203', 'Y3Ge13Ru4_53900']
2026-02-08 23:35:38,522 INFO dara.search.tree Detecting peaks in the pattern.
EFLECH run time: 2.0378828048706055 seconds
2026-02-08 23:35:40,594 INFO dara.search.tree The wmax is automatically adjusted to 42.434188436620374.
2026-02-08 23:35:40,594 INFO dara.search.tree The intensity threshold is automatically set to 10.00 % of maximum peak intensity.
2026-02-08 23:35:40,594 INFO dara.search.tree Creating the root node.
2026-02-08 23:35:40,594 INFO dara.search.tree Refining all the phases in the dataset.
2026-02-08 23:35:42,728 INFO dara.search.tree Finished refining 10 phases, with 2 phases removed.
2026-02-08 23:35:42,728 INFO dara.search.tree Express mode is enabled. Grouping phases before starting.
2026-02-08 23:35:43,192 INFO dara.search.tree Phases are grouped into 7 groups. Pinned phases were included to mask duplicate candidates.
[36m(_remote_expand_node pid=2208214)[0m 2026-02-08 23:35:43,802 INFO dara.search.tree Expanding node 2b9ad30e-0579-11f1-9018-6805cae19192 with current phases [], Rwp = None
[36m(_remote_expand_node pid=2215384)[0m 2026-02-08 23:35:33,650 INFO dara.search.tree Expanding node 27715cbc-0579-11f1-ba0c-6805cae19192 with current phases ['TiN_1011099'], Rwp = 18.24[32m [repeated 3x across cluster][0m
[36m(_remote_expand_node pid=2215384)[0m 2026-02-08 23:35:36,444 INFO dara.search.tree Race condition avoided: ['TiN_1011099', 'Ti_1532765'] is already being processed by another worker.[32m [repeated 3x across cluster][0m
[36m(_remote_expand_node pid=2214877)[0m 2026-02-08 23:35:48,944 INFO dara.search.tree Expanding node 30910450-0579-11f1-ba0c-6805cae19192 with current phases ['Co3O4_1526734', 'BaTiO3_1507756'], Rwp = 16.77[32m [repeated 5x across cluster][0m
[36m(_remote_expand_node pid=2214877)[0m 2026-02-08 23:35:48,959 INFO dara.search.tree Race condition avoided: ['Co3O4_1526734', 'BaTiO3_1507756', 'Li2CO3_100324'] is already being processed by another worker.[32m [repeated 2x across cluster][0m
Search tree:
Root 
├── ([32mexpanded[39m[26m) Li2CO3_100324                                    Rwp: 27.11% | Strain: 0.46% | Group 0  
│   ├── ([32mexpanded[39m[26m) Co3O4_1526734                                    Rwp: 13.89% | Strain: 0.27% | Group 0  
│   │   ├── (no_improvement) BaTiO3_1507756                             Rwp: 13.78% | Strain: -0.62% | Group 0  
│   │   └── (no_improvement) LiF_1010990                                Rwp: 13.89% | Strain: 0.0% | Group 1  
│   ├── ([32mexpanded[39m[26m) BaTiO3_1507756                                   Rwp: 25.23% | Strain: 1.1% | Group 1  
│   │   └── (no_improvement) LiF_1010990                                Rwp: 25.27% | Strain: 0.45% | Group 0  
│   └── (no_improvement) LiF_1010990                                Rwp: 26.95% | Strain: 0.57% | Group 2  
├── ([32mexpanded[39m[26m) Co3O4_1526734                                    Rwp: 18.07% | Strain: 0.29% | Group 1  
│   ├── ([32mexpanded[39m[26m) BaTiO3_1507756                                   Rwp: 16.77% | Strain: -0.55% | Group 0  
│   │   └── (no_improvement) LiF_1010990                                Rwp: 16.77% | Strain: 0.0% | Group 0  
│   └── (no_improvement) LiF_1010990                                Rwp: 18.07% | Strain: 0.0% | Group 1  
├── (high_strain) BaTiO3_1507756                                Rwp: 27.33% | Strain: 2.61% | Group 2  
└── (high_strain) LiF_1010990                                   Rwp: 29.64% | Strain: -100.0% | Group 3  

    Saved DARA refined plot to /work/hdd/bffm/xtong1/ref_200_conserv/results/evaluation/dara_refined_plots/Li2CO3_Co3O4_refined.html
Refinement result: {'Co3O4_1526734': np.float64(0.5527871291669356), 'Li2CO3_100324': np.float64(0.4472128708330644)}
DARA refinement result: Rwp=13.89%, Max False Peak Relative Intensity=0.0060
    Recall: 1.0000, Precision: 1.0000, F1: 1.0000
    Time taken: 13.70 seconds

========================================
Processing pattern: Mn2O3_Li2TiO3_TiO2
    Running DARA refinement on 13 candidate phases...

DARA Iteration 1: Refining 13 phases: ['MnO3_173646', 'Mn2O3_1514106', 'Li2TiO3_15150', 'FeBi2_243396', 'LiMn2O4_1513962', 'NiO_1010093', 'Li4Ti5O12_cm103332y_si_001', 'TiO2_121632', 'In_1538014', 'LiF_1010990', 'LiCrO2_1532839', 'Sc4FeSi7_633439', 'Y3Ge13Ru4_53900']
2026-02-08 23:35:52,224 INFO dara.search.tree Detecting peaks in the pattern.
EFLECH run time: 3.603423595428467 seconds
2026-02-08 23:35:55,859 INFO dara.search.tree The wmax is automatically adjusted to 63.6.
2026-02-08 23:35:55,859 INFO dara.search.tree The intensity threshold is automatically set to 10.00 % of maximum peak intensity.
2026-02-08 23:35:55,859 INFO dara.search.tree Creating the root node.
2026-02-08 23:35:55,859 INFO dara.search.tree Refining all the phases in the dataset.
2026-02-08 23:36:00,173 INFO dara.search.tree Finished refining 13 phases, with 1 phases removed.
2026-02-08 23:36:00,173 INFO dara.search.tree Express mode is enabled. Grouping phases before starting.
2026-02-08 23:36:00,797 INFO dara.search.tree Phases are grouped into 10 groups. Pinned phases were included to mask duplicate candidates.
[36m(_remote_expand_node pid=2216763)[0m 2026-02-08 23:36:01,493 INFO dara.search.tree Expanding node 34b42120-0579-11f1-9018-6805cae19192 with current phases [], Rwp = None
[36m(_remote_expand_node pid=2216668)[0m 2026-02-08 23:35:50,525 INFO dara.search.tree Race condition avoided: ['Li2CO3_100324', 'BaTiO3_1507756', 'Co3O4_1526734'] is already being processed by another worker.
[36m(_remote_expand_node pid=2216763)[0m 2026-02-08 23:36:06,734 INFO dara.search.tree Expanding node 3b27ee74-0579-11f1-aa97-6805cae19192 with current phases ['Mn2O3_1514106'], Rwp = 11.84
[36m(_remote_expand_node pid=2216668)[0m 2026-02-08 23:36:06,782 INFO dara.search.tree Race condition avoided: ['TiO2_121632', 'Mn2O3_1514106'] is already being processed by another worker.
[36m(_remote_expand_node pid=2217799)[0m 2026-02-08 23:36:21,301 INFO dara.search.tree Overfitting detected for ['Li4Ti5O12_cm103332y_si_001', 'NiO_1010093']
[36m(_remote_expand_node pid=2217799)[0m 2026-02-08 23:36:21,302 INFO dara.search.tree Rpb improvement: 4.959999999999994, lattice strain: -0.00134344112849056
[36m(_remote_expand_node pid=2217799)[0m 2026-02-08 23:36:06,759 INFO dara.search.tree Expanding node 3b284554-0579-11f1-aa97-6805cae19192 with current phases ['Li4Ti5O12_cm103332y_si_001'], Rwp = 16.97[32m [repeated 3x across cluster][0m
[36m(_remote_expand_node pid=2217799)[0m 2026-02-08 23:36:09,823 INFO dara.search.tree Race condition avoided: ['Li4Ti5O12_cm103332y_si_001', 'TiO2_121632'] is already being processed by another worker.[32m [repeated 4x across cluster][0m
[36m(_remote_expand_node pid=2214877)[0m 2026-02-08 23:36:29,006 INFO dara.search.tree Overfitting detected for ['Li2TiO3_15150', 'NiO_1010093']
[36m(_remote_expand_node pid=2214877)[0m 2026-02-08 23:36:29,006 INFO dara.search.tree Rpb improvement: 5.540000000000006, lattice strain: 0.0010315708665194943
[36m(_remote_expand_node pid=2217939)[0m 2026-02-08 23:36:24,470 INFO dara.search.tree Expanding node 3b2a4336-0579-11f1-aa97-6805cae19192 with current phases ['NiO_1010093'], Rwp = 16.59[32m [repeated 2x across cluster][0m
[36m(_remote_expand_node pid=2217939)[0m 2026-02-08 23:36:25,550 INFO dara.search.tree Race condition avoided: ['NiO_1010093', 'TiO2_121632'] is already being processed by another worker.[32m [repeated 4x across cluster][0m
[36m(_remote_expand_node pid=2217938)[0m 2026-02-08 23:36:29,335 INFO dara.search.tree Overfitting detected for ['FeBi2_243396', 'Mn2O3_1514106']
[36m(_remote_expand_node pid=2217938)[0m 2026-02-08 23:36:29,335 INFO dara.search.tree Rpb improvement: 30.03, lattice strain: -0.0002760084925689246
[36m(_remote_expand_node pid=2217938)[0m 2026-02-08 23:36:40,374 INFO dara.search.tree Expanding node 452f7b80-0579-11f1-9eae-6805cae19192 with current phases ['TiO2_121632', 'Li4Ti5O12_cm103332y_si_001'], Rwp = 12.18[32m [repeated 4x across cluster][0m
[36m(_remote_expand_node pid=2216922)[0m 2026-02-08 23:36:31,703 INFO dara.search.tree Race condition avoided: ['TiO2_121632', 'In_1538014', 'Li4Ti5O12_cm103332y_si_001'] is already being processed by another worker.[32m [repeated 2x across cluster][0m
[36m(_remote_expand_node pid=2216922)[0m 2026-02-08 23:36:50,224 INFO dara.search.tree Overfitting detected for ['TiO2_121632', 'In_1538014', 'Mn2O3_1514106']
[36m(_remote_expand_node pid=2216922)[0m 2026-02-08 23:36:50,224 INFO dara.search.tree Rpb improvement: 18.53, lattice strain: -0.0012420382165603963
[36m(_remote_expand_node pid=2217938)[0m 2026-02-08 23:36:44,275 INFO dara.search.tree Race condition avoided: ['TiO2_121632', 'Li4Ti5O12_cm103332y_si_001', 'In_1538014'] is already being processed by another worker.[32m [repeated 2x across cluster][0m
[36m(_remote_expand_node pid=2218383)[0m 2026-02-08 23:36:50,858 INFO dara.search.tree Expanding node 452ff204-0579-11f1-9eae-6805cae19192 with current phases ['TiO2_121632', 'Li2TiO3_15150'], Rwp = 12.32
[36m(_remote_expand_node pid=2217938)[0m 2026-02-08 23:37:05,509 INFO dara.search.tree Overfitting detected for ['TiO2_121632', 'Li4Ti5O12_cm103332y_si_001', 'Li2TiO3_15150'][32m [repeated 2x across cluster][0m
[36m(_remote_expand_node pid=2217938)[0m 2026-02-08 23:37:05,509 INFO dara.search.tree Rpb improvement: -0.36999999999999744, lattice strain: -3.217566523494687e-05[32m [repeated 2x across cluster][0m
[36m(_remote_expand_node pid=2218633)[0m 2026-02-08 23:36:54,756 INFO dara.search.tree Race condition avoided: ['TiO2_121632', 'NiO_1010093', 'Li2TiO3_15150'] is already being processed by another worker.[32m [repeated 5x across cluster][0m
[36m(_remote_expand_node pid=2218633)[0m 2026-02-08 23:36:52,899 INFO dara.search.tree Expanding node 4530b270-0579-11f1-9eae-6805cae19192 with current phases ['TiO2_121632', 'NiO_1010093'], Rwp = 12.02
[36m(_remote_expand_node pid=2214877)[0m 2026-02-08 23:37:07,806 INFO dara.search.tree Expanding node 486feeba-0579-11f1-aa97-6805cae19192 with current phases ['Mn2O3_1514106', 'Li4Ti5O12_cm103332y_si_001'], Rwp = 10.18
[36m(_remote_expand_node pid=2214877)[0m 2026-02-08 23:37:11,643 INFO dara.search.tree Race condition avoided: ['Mn2O3_1514106', 'Li4Ti5O12_cm103332y_si_001', 'TiO2_121632'] is already being processed by another worker.[32m [repeated 2x across cluster][0m
[36m(_remote_expand_node pid=2216668)[0m 2026-02-08 23:37:13,029 INFO dara.search.tree Expanding node 487063ea-0579-11f1-aa97-6805cae19192 with current phases ['Mn2O3_1514106', 'In_1538014'], Rwp = 11.57
[36m(_remote_expand_node pid=2214877)[0m 2026-02-08 23:37:18,054 INFO dara.search.tree Overfitting detected for ['Mn2O3_1514106', 'Li4Ti5O12_cm103332y_si_001', 'Li2TiO3_15150']
[36m(_remote_expand_node pid=2214877)[0m 2026-02-08 23:37:18,054 INFO dara.search.tree Rpb improvement: 16.47, lattice strain: 0.021180525674878384
[36m(_remote_expand_node pid=2216668)[0m 2026-02-08 23:37:16,100 INFO dara.search.tree Race condition avoided: ['Mn2O3_1514106', 'In_1538014', 'TiO2_121632'] is already being processed by another worker.[32m [repeated 2x across cluster][0m
[36m(_remote_expand_node pid=2218633)[0m 2026-02-08 23:37:18,709 INFO dara.search.tree Expanding node 4873f4b0-0579-11f1-ba0c-6805cae19192 with current phases ['Li2TiO3_15150', 'Mn2O3_1514106'], Rwp = 7.83
[36m(_remote_expand_node pid=2216668)[0m 2026-02-08 23:37:19,836 INFO dara.search.tree Overfitting detected for ['Mn2O3_1514106', 'In_1538014', 'NiO_1010093']
[36m(_remote_expand_node pid=2216668)[0m 2026-02-08 23:37:19,836 INFO dara.search.tree Rpb improvement: 10.89, lattice strain: -0.005253814413204033
[36m(_remote_expand_node pid=2216922)[0m 2026-02-08 23:37:20,570 INFO dara.search.tree Race condition avoided: ['Li2TiO3_15150', 'In_1538014', 'TiO2_121632'] is already being processed by another worker.[32m [repeated 8x across cluster][0m
[36m(_remote_expand_node pid=2214877)[0m 2026-02-08 23:37:29,515 INFO dara.search.tree Expanding node 4bc3d4be-0579-11f1-8c6e-6805cae19192 with current phases ['NiO_1010093', 'Mn2O3_1514106'], Rwp = 9.68[32m [repeated 3x across cluster][0m
[36m(_remote_expand_node pid=2214877)[0m 2026-02-08 23:37:32,513 INFO dara.search.tree Race condition avoided: ['NiO_1010093', 'Mn2O3_1514106', 'TiO2_121632'] is already being processed by another worker.[32m [repeated 3x across cluster][0m
[36m(_remote_expand_node pid=2217940)[0m 2026-02-08 23:37:36,205 INFO dara.search.tree Expanding node 562fa9fa-0579-11f1-ba0c-6805cae19192 with current phases ['Li4Ti5O12_cm103332y_si_001', 'Sc4FeSi7_633439', 'Mn2O3_1514106'], Rwp = 9.85
[36m(_remote_expand_node pid=2218633)[0m 2026-02-08 23:37:36,212 INFO dara.search.tree Expanding node 5e36da38-0579-11f1-b9c1-6805cae19192 with current phases ['TiO2_121632', 'Li4Ti5O12_cm103332y_si_001', 'Mn2O3_1514106'], Rwp = 4.86
[36m(_remote_expand_node pid=2216922)[0m 2026-02-08 23:37:44,434 INFO dara.search.tree Overfitting detected for ['Li2TiO3_15150', 'In_1538014', 'NiO_1010093']
[36m(_remote_expand_node pid=2216922)[0m 2026-02-08 23:37:44,434 INFO dara.search.tree Rpb improvement: 17.479999999999997, lattice strain: -0.005805584876691243
[36m(_remote_expand_node pid=2219642)[0m 2026-02-08 23:37:45,531 INFO dara.search.tree Expanding node 62001206-0579-11f1-b535-6805cae19192 with current phases ['TiO2_121632', 'Li2TiO3_15150', 'Mn2O3_1514106'], Rwp = 4.37
[36m(_remote_expand_node pid=2216763)[0m 2026-02-08 23:37:49,547 INFO dara.search.tree Overfitting detected for ['Li4Ti5O12_cm103332y_si_001', 'In_1538014', 'Li2TiO3_15150']
[36m(_remote_expand_node pid=2216763)[0m 2026-02-08 23:37:49,547 INFO dara.search.tree Rpb improvement: -3.430000000000007, lattice strain: 0.0011683808745668054
[36m(_remote_expand_node pid=2217940)[0m 2026-02-08 23:37:49,495 INFO dara.search.tree Overfitting detected for ['Li4Ti5O12_cm103332y_si_001', 'Sc4FeSi7_633439', 'Mn2O3_1514106', 'Li2TiO3_15150']
[36m(_remote_expand_node pid=2217940)[0m 2026-02-08 23:37:49,495 INFO dara.search.tree Rpb improvement: 16.47, lattice strain: 0.009657081007971831
[36m(_remote_expand_node pid=2216763)[0m 2026-02-08 23:37:49,616 INFO dara.search.tree Race condition avoided: ['TiO2_121632', 'Li2TiO3_15150', 'NiO_1010093', 'Mn2O3_1514106'] is already being processed by another worker.
[36m(_remote_expand_node pid=2216763)[0m 2026-02-08 23:37:49,617 INFO dara.search.tree Race condition avoided: ['TiO2_121632', 'Li2TiO3_15150', 'NiO_1010093', 'Sc4FeSi7_633439'] is already being processed by another worker.
[36m(_remote_expand_node pid=2214877)[0m 2026-02-08 23:37:54,017 INFO dara.search.tree Expanding node 65cf30ba-0579-11f1-8bee-6805cae19192 with current phases ['TiO2_121632', 'NiO_1010093', 'Mn2O3_1514106'], Rwp = 4.56[32m [repeated 3x across cluster][0m
[36m(_remote_expand_node pid=2214877)[0m 2026-02-08 23:37:54,040 INFO dara.search.tree Race condition avoided: ['TiO2_121632', 'NiO_1010093', 'Mn2O3_1514106', 'Li4Ti5O12_cm103332y_si_001'] is already being processed by another worker.[32m [repeated 2x across cluster][0m
[36m(_remote_expand_node pid=2218633)[0m 2026-02-08 23:38:16,167 INFO dara.search.tree Expanding node 65cfafb8-0579-11f1-8bee-6805cae19192 with current phases ['TiO2_121632', 'NiO_1010093', 'FeBi2_243396'], Rwp = 11.85
[36m(_remote_expand_node pid=2217940)[0m 2026-02-08 23:38:23,431 INFO dara.search.tree Overfitting detected for ['TiO2_121632', 'Li2TiO3_15150', 'Sc4FeSi7_633439', 'Mn2O3_1514106']
[36m(_remote_expand_node pid=2217940)[0m 2026-02-08 23:38:23,431 INFO dara.search.tree Rpb improvement: 28.939999999999998, lattice strain: -0.0010902335456475585
[36m(_remote_expand_node pid=2218633)[0m 2026-02-08 23:38:16,642 INFO dara.search.tree Race condition avoided: ['TiO2_121632', 'NiO_1010093', 'FeBi2_243396', 'Mn2O3_1514106'] is already being processed by another worker.
[36m(_remote_expand_node pid=2217940)[0m 2026-02-08 23:38:23,517 INFO dara.search.tree Expanding node 787700c6-0579-11f1-aa97-6805cae19192 with current phases ['Li4Ti5O12_cm103332y_si_001', 'In_1538014', 'Mn2O3_1514106'], Rwp = 9.75
[36m(_remote_expand_node pid=2217940)[0m 2026-02-08 23:38:23,538 INFO dara.search.tree Race condition avoided: ['Li4Ti5O12_cm103332y_si_001', 'In_1538014', 'Mn2O3_1514106', 'TiO2_121632'] is already being processed by another worker.
[36m(_remote_expand_node pid=2219642)[0m 2026-02-08 23:38:31,782 INFO dara.search.tree Expanding node 7b10b0b6-0579-11f1-8bee-6805cae19192 with current phases ['TiO2_121632', 'Li4Ti5O12_cm103332y_si_001', 'Mn2O3_1514106', 'NiO_1010093'], Rwp = 4.16
[36m(_remote_expand_node pid=2217940)[0m 2026-02-08 23:38:40,453 INFO dara.search.tree Overfitting detected for ['Li4Ti5O12_cm103332y_si_001', 'In_1538014', 'Mn2O3_1514106', 'Li2TiO3_15150']
[36m(_remote_expand_node pid=2217940)[0m 2026-02-08 23:38:40,453 INFO dara.search.tree Rpb improvement: 12.519999999999996, lattice strain: 0.01915578005585404
[36m(_remote_expand_node pid=2216668)[0m 2026-02-08 23:38:41,775 INFO dara.search.tree Expanding node 8820505e-0579-11f1-ba0c-6805cae19192 with current phases ['TiO2_121632', 'NiO_1010093', 'Mn2O3_1514106', 'FeBi2_243396'], Rwp = 4.3
[36m(_remote_expand_node pid=2216668)[0m 2026-02-08 23:38:44,708 INFO dara.search.tree Race condition avoided: ['TiO2_121632', 'NiO_1010093', 'Mn2O3_1514106', 'FeBi2_243396', 'Li4Ti5O12_cm103332y_si_001'] is already being processed by another worker.
[36m(_remote_expand_node pid=2218633)[0m 2026-02-08 23:38:45,826 INFO dara.search.tree Overfitting detected for ['TiO2_121632', 'NiO_1010093', 'FeBi2_243396', 'In_1538014']
[36m(_remote_expand_node pid=2218633)[0m 2026-02-08 23:38:45,826 INFO dara.search.tree Rpb improvement: 10.899999999999999, lattice strain: -0.003801513110372728
[36m(_remote_expand_node pid=2216763)[0m 2026-02-08 23:38:55,690 INFO dara.search.tree Expanding node 9fdcd99c-0579-11f1-aa97-6805cae19192 with current phases ['TiO2_121632', 'Li2TiO3_15150', 'NiO_1010093', 'In_1538014'], Rwp = 5.58[32m [repeated 2x across cluster][0m
[36m(_remote_expand_node pid=2216668)[0m 2026-02-08 23:38:58,442 INFO dara.search.tree Overfitting detected for ['TiO2_121632', 'NiO_1010093', 'Mn2O3_1514106', 'FeBi2_243396', 'In_1538014']
[36m(_remote_expand_node pid=2216668)[0m 2026-02-08 23:38:58,442 INFO dara.search.tree Rpb improvement: 0.2099999999999973, lattice strain: -0.028702215760608305
Search tree:
Root 
├── ([32mexpanded[39m[26m) Mn2O3_1514106                                    Rwp: 11.84% | Strain: -0.03% | Group 0  
│   ├── ([32mexpanded[39m[26m) Li4Ti5O12_cm103332y_si_001                       Rwp: 10.18% | Strain: -0.81% | Group 0  
│   │   └── (overfitting) Li2TiO3_15150                                 Rwp: 7.70% | Strain: 2.12% | Group 0  
│   ├── ([32mexpanded[39m[26m) In_1538014                                       Rwp: 11.57% | Strain: 0.01% | Group 1  
│   │   └── (overfitting) NiO_1010093                                   Rwp: 9.67% | Strain: -0.53% | Group 0  
│   ├── ([32mexpanded[39m[26m) TiO2_121632                                      Rwp: 8.01% | Strain: -0.07% | Group 2  
│   │   ├── (no_improvement) FeBi2_243396                               Rwp: 7.79% | Strain: 0.13% | Group 0  
│   │   └── (no_improvement) LiF_1010990                                Rwp: 8.01% | Strain: 0.0% | Group 1  
│   └── (no_improvement) LiF_1010990                                Rwp: 11.84% | Strain: 0.0% | Group 3  
├── ([32mexpanded[39m[26m) Li4Ti5O12_cm103332y_si_001                       Rwp: 16.97% | Strain: -0.56% | Group 1  
│   ├── (no_improvement) FeBi2_243396                               Rwp: 16.97% | Strain: 0.0% | Group 0  
│   ├── ([32mexpanded[39m[26m) In_1538014                                       Rwp: 9.95% | Strain: -0.21% | Group 1  
│   │   ├── ([32mexpanded[39m[26m) Mn2O3_1514106                                    Rwp: 9.75% | Strain: -0.04% | Group 0  
│   │   │   └── (overfitting) Li2TiO3_15150                                 Rwp: 7.63% | Strain: 1.92% | Group 0  
│   │   └── (overfitting) Li2TiO3_15150                                 Rwp: 10.06% | Strain: 0.12% | Group 1  
│   ├── (no_improvement) LiF_1010990                                Rwp: 16.93% | Strain: -0.07% | Group 2  
│   ├── ([32mexpanded[39m[26m) Sc4FeSi7_633439                                  Rwp: 16.22% | Strain: 0.33% | Group 3  
│   │   ├── ([32mexpanded[39m[26m) Mn2O3_1514106                                    Rwp: 9.85% | Strain: -0.02% | Group 0  
│   │   │   └── (overfitting) Li2TiO3_15150                                 Rwp: 7.45% | Strain: 0.97% | Group 0  
│   │   └── (overfitting) Li2TiO3_15150                                 Rwp: 16.17% | Strain: 0.05% | Group 1  
│   └── (overfitting) NiO_1010093                                   Rwp: 16.53% | Strain: -0.13% | Group 4  
├── ([32mexpanded[39m[26m) TiO2_121632                                      Rwp: 13.60% | Strain: -0.42% | Group 2  
│   ├── (no_improvement) FeBi2_243396                               Rwp: 13.43% | Strain: 0.23% | Group 0  
│   ├── (no_improvement) Sc4FeSi7_633439                            Rwp: 13.48% | Strain: -0.33% | Group 1  
│   ├── ([32mexpanded[39m[26m) In_1538014                                       Rwp: 11.09% | Strain: -0.4% | Group 2  
│   │   └── (overfitting) Mn2O3_1514106                                 Rwp: 7.97% | Strain: -0.12% | Group 0  
│   ├── ([32mexpanded[39m[26m) Li4Ti5O12_cm103332y_si_001                       Rwp: 12.18% | Strain: -0.97% | Group 3  
│   │   ├── ([32mexpanded[39m[26m) Mn2O3_1514106                                    Rwp: 4.86% | Strain: -0.11% | Group 0  
│   │   │   ├── (high_strain) FeBi2_243396                                  Rwp: 4.76% | Strain: -4.02% | Group 0  
│   │   │   ├── (no_improvement) In_1538014                                 Rwp: 4.77% | Strain: 1.27% | Group 1  
│   │   │   ├── ([32mexpanded[39m[26m) NiO_1010093                                      Rwp: 4.16% | Strain: -0.61% | Group 2  
│   │   │   │   ├── (no_improvement) FeBi2_243396                               Rwp: 4.13% | Strain: -0.36% | Group 0  
│   │   │   │   ├── (no_improvement) In_1538014                                 Rwp: 4.03% | Strain: 1.02% | Group 1  
│   │   │   │   └── (no_improvement) LiF_1010990                                Rwp: 4.16% | Strain: 0.0% | Group 2  
│   │   │   └── (no_improvement) LiF_1010990                                Rwp: 4.86% | Strain: 0.0% | Group 3  
│   │   ├── (high_strain) FeBi2_243396                                  Rwp: 12.17% | Strain: -2.51% | Group 1  
│   │   └── (overfitting) Li2TiO3_15150                                 Rwp: 12.32% | Strain: -0.0% | Group 2  
│   ├── ([32mexpanded[39m[26m) Li2TiO3_15150                                    Rwp: 12.32% | Strain: -0.0% | Group 4  
│   │   ├── ([32mexpanded[39m[26m) Mn2O3_1514106                                    Rwp: 4.37% | Strain: -0.1% | Group 0  
│   │   │   ├── ([32mexpanded[39m[26m) Li4Ti5O12_cm103332y_si_001                       Rwp: 3.77% | Strain: -0.69% | Group 0  
│   │   │   │   ├── (no_improvement) Sc4FeSi7_633439                            Rwp: 3.60% | Strain: -0.05% | Group 0  
│   │   │   │   ├── (no_improvement) FeBi2_243396                               Rwp: 3.77% | Strain: 0.0% | Group 1  
│   │   │   │   ├── (no_improvement) In_1538014                                 Rwp: 3.67% | Strain: 0.08% | Group 2  
│   │   │   │   ├── (no_improvement) NiO_1010093                                Rwp: 3.47% | Strain: -0.62% | Group 3  
│   │   │   │   └── (no_improvement) LiF_1010990                                Rwp: 3.77% | Strain: 0.0% | Group 4  
│   │   │   ├── (no_improvement) FeBi2_243396                               Rwp: 4.35% | Strain: 1.21% | Group 1  
│   │   │   ├── (no_improvement) In_1538014                                 Rwp: 4.28% | Strain: -0.0% | Group 2  
│   │   │   ├── (no_improvement) NiO_1010093                                Rwp: 3.99% | Strain: -0.57% | Group 3  
│   │   │   └── (high_strain) LiF_1010990                                   Rwp: 4.32% | Strain: 3.06% | Group 4  
│   │   ├── (no_improvement) FeBi2_243396                               Rwp: 12.25% | Strain: 0.37% | Group 1  
│   │   ├── ([32mexpanded[39m[26m) Sc4FeSi7_633439                                  Rwp: 12.16% | Strain: -0.32% | Group 2  
│   │   │   └── (overfitting) Mn2O3_1514106                                 Rwp: 4.27% | Strain: -0.11% | Group 0  
│   │   ├── (no_improvement) LiF_1010990                                Rwp: 12.30% | Strain: -0.57% | Group 3  
│   │   └── ([32mexpanded[39m[26m) NiO_1010093                                      Rwp: 11.98% | Strain: -0.69% | Group 4  
│   │       ├── (no_improvement) FeBi2_243396                               Rwp: 11.79% | Strain: 0.26% | Group 0  
│   │       ├── (no_improvement) Li4Ti5O12_cm103332y_si_001                 Rwp: 11.98% | Strain: 0.0% | Group 1  
│   │       ├── ([32mexpanded[39m[26m) In_1538014                                       Rwp: 5.58% | Strain: -0.17% | Group 2  
│   │       │   ├── ([34mmax_depth[39m[26m) Mn2O3_1514106                                   Rwp: 3.49% | Strain: -0.1% | Group 0  
│   │       │   ├── (no_improvement) Li4Ti5O12_cm103332y_si_001                 Rwp: 5.58% | Strain: 0.76% | Group 1  
│   │       │   ├── (no_improvement) FeBi2_243396                               Rwp: 5.36% | Strain: -1.21% | Group 2  
│   │       │   ├── ([34mmax_depth[39m[26m) Sc4FeSi7_633439                                 Rwp: 5.33% | Strain: -0.15% | Group 3  
│   │       │   └── (no_improvement) LiF_1010990                                Rwp: 5.58% | Strain: 0.0% | Group 4  
│   │       └── (no_improvement) LiF_1010990                                Rwp: 11.90% | Strain: -0.55% | Group 3  
│   ├── (no_improvement) LiF_1010990                                Rwp: 13.60% | Strain: -0.59% | Group 5  
│   └── ([32mexpanded[39m[26m) NiO_1010093                                      Rwp: 12.02% | Strain: -0.69% | Group 6  
│       ├── ([32mexpanded[39m[26m) Mn2O3_1514106                                    Rwp: 4.56% | Strain: -0.12% | Group 0  
│       │   ├── ([32mexpanded[39m[26m) FeBi2_243396                                     Rwp: 4.30% | Strain: -0.17% | Group 0  
│       │   │   └── (overfitting) In_1538014                                    Rwp: 4.29% | Strain: -2.87% | Group 0  
│       │   ├── (no_improvement) In_1538014                                 Rwp: 4.39% | Strain: 0.12% | Group 1  
│       │   └── (no_improvement) LiF_1010990                                Rwp: 4.56% | Strain: 0.0% | Group 2  
│       ├── ([32mexpanded[39m[26m) FeBi2_243396                                     Rwp: 11.85% | Strain: 0.1% | Group 1  
│       │   └── (overfitting) In_1538014                                    Rwp: 8.72% | Strain: -0.38% | Group 0  
│       ├── (no_improvement) Sc4FeSi7_633439                            Rwp: 11.92% | Strain: 0.22% | Group 2  
│       └── (no_improvement) LiF_1010990                                Rwp: 11.99% | Strain: -0.54% | Group 3  
├── ([32mexpanded[39m[26m) Li2TiO3_15150                                    Rwp: 16.94% | Strain: 0.11% | Group 3  
│   ├── ([32mexpanded[39m[26m) Mn2O3_1514106                                    Rwp: 7.83% | Strain: -0.12% | Group 0  
│   │   ├── (no_improvement) FeBi2_243396                               Rwp: 7.71% | Strain: -0.98% | Group 0  
│   │   ├── (no_improvement) In_1538014                                 Rwp: 7.75% | Strain: -0.3% | Group 1  
│   │   └── (high_strain) LiF_1010990                                   Rwp: 9.79% | Strain: 2.77% | Group 2  
│   ├── (no_improvement) Li4Ti5O12_cm103332y_si_001                 Rwp: 16.94% | Strain: 0.0% | Group 1  
│   ├── (no_improvement) FeBi2_243396                               Rwp: 16.89% | Strain: 0.45% | Group 2  
│   ├── ([32mexpanded[39m[26m) In_1538014                                       Rwp: 10.06% | Strain: -0.23% | Group 3  
│   │   ├── (no_improvement) FeBi2_243396                               Rwp: 10.02% | Strain: 0.45% | Group 0  
│   │   ├── (high_strain) LiF_1010990                                   Rwp: 9.75% | Strain: 2.76% | Group 1  
│   │   ├── (high_strain) Sc4FeSi7_633439                               Rwp: 12.61% | Strain: -2.5% | Group 2  
│   │   └── (overfitting) NiO_1010093                                   Rwp: 9.07% | Strain: -0.58% | Group 3  
│   └── (overfitting) NiO_1010093                                   Rwp: 16.47% | Strain: 0.1% | Group 4  
├── ([32mexpanded[39m[26m) FeBi2_243396                                     Rwp: 17.74% | Strain: 0.6% | Group 4  
│   └── (overfitting) Mn2O3_1514106                                 Rwp: 11.74% | Strain: -0.03% | Group 0  
├── (high_strain) In_1538014                                    Rwp: 11.95% | Strain: 2.35% | Group 5  
├── (high_strain) LiF_1010990                                   Rwp: 17.64% | Strain: -5.0% | Group 6  
└── ([32mexpanded[39m[26m) NiO_1010093                                      Rwp: 16.59% | Strain: 0.06% | Group 7  
    ├── ([32mexpanded[39m[26m) Mn2O3_1514106                                    Rwp: 9.68% | Strain: -0.01% | Group 0  
    │   └── (high_strain) LiF_1010990                                   Rwp: 9.67% | Strain: 2.19% | Group 0  
    ├── (no_improvement) FeBi2_243396                               Rwp: 16.49% | Strain: 1.04% | Group 1  
    ├── (high_strain) In_1538014                                    Rwp: 10.13% | Strain: 2.35% | Group 2  
    └── (no_improvement) LiF_1010990                                Rwp: 16.53% | Strain: 0.34% | Group 3  

    Saved DARA refined plot to /work/hdd/bffm/xtong1/ref_200_conserv/results/evaluation/dara_refined_plots/Mn2O3_Li2TiO3_TiO2_refined.html
Refinement result: {'TiO2_121632': np.float64(0.4331204031080916), 'Mn2O3_1514106': np.float64(0.3044484866672852), 'Li2TiO3_15150': np.float64(0.19585449289138507), 'NiO_1010093': np.float64(0.048820344842252006), 'In_1538014': np.float64(0.017756272490986057)}
DARA refinement result: Rwp=3.49%, Max False Peak Relative Intensity=0.0169
    Recall: 1.0000, Precision: 0.6000, F1: 0.7500
    Time taken: 203.44 seconds

========================================
Processing pattern: ZnO_V2O5_V2Zn2O7
    Running DARA refinement on 11 candidate phases...

DARA Iteration 1: Refining 11 phases: ['V2O5_124838', 'ZnO_41488', 'LiOH_1010301', 'Ca0.05Fe1Bi0.95O2.9751_186580', 'La16.48Zr15.52O56_130794', 'Bi_1539906', 'MnO2_1514110', 'Ce8Fe12.32Rh3.68_102160', 'Sr6(CoO3)5_81312', 'TiN_1011099', 'MnAs2S4(NF6)4_201207']
2026-02-08 23:39:15,859 INFO dara.search.tree Detecting peaks in the pattern.
EFLECH run time: 4.00273585319519 seconds
2026-02-08 23:39:19,910 INFO dara.search.tree The wmax is automatically adjusted to 57.87.
2026-02-08 23:39:19,910 INFO dara.search.tree The intensity threshold is automatically set to 10.00 % of maximum peak intensity.
2026-02-08 23:39:19,910 INFO dara.search.tree Creating the root node.
2026-02-08 23:39:19,910 INFO dara.search.tree Refining all the phases in the dataset.
2026-02-08 23:39:23,135 INFO dara.search.tree Finished refining 11 phases, with 0 phases removed.
2026-02-08 23:39:23,135 INFO dara.search.tree Express mode is enabled. Grouping phases before starting.
2026-02-08 23:39:23,658 INFO dara.search.tree Phases are grouped into 11 groups. Pinned phases were included to mask duplicate candidates.
[36m(_remote_expand_node pid=2220581)[0m 2026-02-08 23:39:24,227 INFO dara.search.tree Expanding node ae53dc28-0579-11f1-9018-6805cae19192 with current phases [], Rwp = None
[36m(_remote_expand_node pid=2216763)[0m 2026-02-08 23:39:27,940 INFO dara.search.tree Expanding node b31314c2-0579-11f1-89e4-6805cae19192 with current phases ['Sr6(CoO3)5_81312'], Rwp = 39.16
[36m(_remote_expand_node pid=2216763)[0m 2026-02-08 23:39:27,993 INFO dara.search.tree Race condition avoided: ['Sr6(CoO3)5_81312', 'V2O5_124838'] is already being processed by another worker.
[36m(_remote_expand_node pid=2221638)[0m 2026-02-08 23:39:37,118 INFO dara.search.tree Expanding node b313bf44-0579-11f1-89e4-6805cae19192 with current phases ['ZnO_41488'], Rwp = 25.08[32m [repeated 4x across cluster][0m
[36m(_remote_expand_node pid=2221484)[0m 2026-02-08 23:39:28,003 INFO dara.search.tree Race condition avoided: ['La16.48Zr15.52O56_130794', 'Sr6(CoO3)5_81312'] is already being processed by another worker.[32m [repeated 5x across cluster][0m
[36m(_remote_expand_node pid=2221640)[0m 2026-02-08 23:39:43,960 INFO dara.search.tree Overfitting detected for ['LiOH_1010301', 'Ce8Fe12.32Rh3.68_102160']
[36m(_remote_expand_node pid=2221640)[0m 2026-02-08 23:39:43,960 INFO dara.search.tree Rpb improvement: -0.37000000000000455, lattice strain: 0.001230516817063031
[36m(_remote_expand_node pid=2220424)[0m 2026-02-08 23:39:40,947 INFO dara.search.tree Expanding node b31474ca-0579-11f1-89e4-6805cae19192 with current phases ['Bi_1539906'], Rwp = 38.75[32m [repeated 2x across cluster][0m
[36m(_remote_expand_node pid=2220424)[0m 2026-02-08 23:39:41,483 INFO dara.search.tree Race condition avoided: ['Bi_1539906', 'LiOH_1010301'] is already being processed by another worker.[32m [repeated 15x across cluster][0m
[36m(_remote_expand_node pid=2220424)[0m 2026-02-08 23:39:46,222 INFO dara.search.tree Overfitting detected for ['TiN_1011099', 'Ce8Fe12.32Rh3.68_102160']
[36m(_remote_expand_node pid=2220424)[0m 2026-02-08 23:39:46,222 INFO dara.search.tree Rpb improvement: 0.030000000000001137, lattice strain: 0.00984413453650531
[36m(_remote_expand_node pid=2221484)[0m 2026-02-08 23:39:46,592 INFO dara.search.tree Expanding node b871f23a-0579-11f1-89e4-6805cae19192 with current phases ['V2O5_124838', 'Bi_1539906'], Rwp = 30.52[32m [repeated 6x across cluster][0m
[36m(_remote_expand_node pid=2221637)[0m 2026-02-08 23:39:54,413 INFO dara.search.tree Race condition avoided: ['V2O5_124838', 'Sr6(CoO3)5_81312', 'Bi_1539906'] is already being processed by another worker.[32m [repeated 27x across cluster][0m
[36m(_remote_expand_node pid=2221484)[0m 2026-02-08 23:39:54,670 INFO dara.search.tree Overfitting detected for ['V2O5_124838', 'Bi_1539906', 'MnO2_1514110']
[36m(_remote_expand_node pid=2221484)[0m 2026-02-08 23:39:54,670 INFO dara.search.tree Rpb improvement: 6.659999999999997, lattice strain: 0.0021787034104106436
[36m(_remote_expand_node pid=2214877)[0m 2026-02-08 23:40:03,857 INFO dara.search.tree Expanding node b8766482-0579-11f1-89e4-6805cae19192 with current phases ['V2O5_124838', 'Ca0.05Fe1Bi0.95O2.9751_186580'], Rwp = 29.39[32m [repeated 3x across cluster][0m
[36m(_remote_expand_node pid=2220581)[0m 2026-02-08 23:39:59,232 INFO dara.search.tree Race condition avoided: ['V2O5_124838', 'MnO2_1514110', 'ZnO_41488'] is already being processed by another worker.[32m [repeated 7x across cluster][0m
[36m(_remote_expand_node pid=2221637)[0m 2026-02-08 23:40:08,492 INFO dara.search.tree Overfitting detected for ['V2O5_124838', 'Sr6(CoO3)5_81312', 'ZnO_41488']
[36m(_remote_expand_node pid=2221637)[0m 2026-02-08 23:40:08,492 INFO dara.search.tree Rpb improvement: 33.14, lattice strain: 0.0007492835494295265
[36m(_remote_expand_node pid=2220424)[0m 2026-02-08 23:40:09,109 INFO dara.search.tree Expanding node b98be2b6-0579-11f1-8d1c-6805cae19192 with current phases ['La16.48Zr15.52O56_130794', 'Ca0.05Fe1Bi0.95O2.9751_186580'], Rwp = 35.13[32m [repeated 2x across cluster][0m
[36m(_remote_expand_node pid=2220424)[0m 2026-02-08 23:40:09,171 INFO dara.search.tree Race condition avoided: ['La16.48Zr15.52O56_130794', 'Ca0.05Fe1Bi0.95O2.9751_186580', 'LiOH_1010301'] is already being processed by another worker.[32m [repeated 9x across cluster][0m
[36m(_remote_expand_node pid=2216763)[0m 2026-02-08 23:40:14,260 INFO dara.search.tree Overfitting detected for ['Sr6(CoO3)5_81312', 'La16.48Zr15.52O56_130794']
[36m(_remote_expand_node pid=2216763)[0m 2026-02-08 23:40:14,260 INFO dara.search.tree Rpb improvement: 6.3700000000000045, lattice strain: -0.0012019230769227396
[36m(_remote_expand_node pid=2221637)[0m 2026-02-08 23:40:11,392 INFO dara.search.tree Expanding node ba4ea79c-0579-11f1-a369-6805cae19192 with current phases ['MnO2_1514110', 'ZnO_41488'], Rwp = 23.06[32m [repeated 2x across cluster][0m
[36m(_remote_expand_node pid=2221484)[0m 2026-02-08 23:40:09,151 INFO dara.search.tree Race condition avoided: ['La16.48Zr15.52O56_130794', 'LiOH_1010301', 'ZnO_41488'] is already being processed by another worker.[32m [repeated 2x across cluster][0m
[36m(_remote_expand_node pid=2220581)[0m 2026-02-08 23:40:21,702 INFO dara.search.tree Overfitting detected for ['ZnO_41488', 'LiOH_1010301', 'Sr6(CoO3)5_81312']
[36m(_remote_expand_node pid=2220581)[0m 2026-02-08 23:40:21,702 INFO dara.search.tree Rpb improvement: -5.869999999999997, lattice strain: 0.006677660306463781
[36m(_remote_expand_node pid=2220581)[0m 2026-02-08 23:40:17,248 INFO dara.search.tree Expanding node bca8ab8c-0579-11f1-9ac3-6805cae19192 with current phases ['ZnO_41488', 'LiOH_1010301'], Rwp = 21.89[32m [repeated 3x across cluster][0m
[36m(_remote_expand_node pid=2220581)[0m 2026-02-08 23:40:17,567 INFO dara.search.tree Race condition avoided: ['ZnO_41488', 'LiOH_1010301', 'Bi_1539906'] is already being processed by another worker.[32m [repeated 12x across cluster][0m
[36m(_remote_expand_node pid=2221638)[0m 2026-02-08 23:40:28,450 INFO dara.search.tree Overfitting detected for ['LiOH_1010301', 'Bi_1539906', 'Ca0.05Fe1Bi0.95O2.9751_186580'][32m [repeated 2x across cluster][0m
[36m(_remote_expand_node pid=2221638)[0m 2026-02-08 23:40:28,451 INFO dara.search.tree Rpb improvement: -5.3799999999999955, lattice strain: 0.009091139304616429[32m [repeated 2x across cluster][0m
[36m(_remote_expand_node pid=2220424)[0m 2026-02-08 23:40:25,894 INFO dara.search.tree Expanding node bd0c7efa-0579-11f1-a369-6805cae19192 with current phases ['Bi_1539906', 'Ca0.05Fe1Bi0.95O2.9751_186580'], Rwp = 36.92[32m [repeated 2x across cluster][0m
[36m(_remote_expand_node pid=2220424)[0m 2026-02-08 23:40:26,023 INFO dara.search.tree Race condition avoided: ['Bi_1539906', 'Ca0.05Fe1Bi0.95O2.9751_186580', 'ZnO_41488'] is already being processed by another worker.[32m [repeated 8x across cluster][0m
[36m(_remote_expand_node pid=2220424)[0m 2026-02-08 23:40:34,362 INFO dara.search.tree Overfitting detected for ['Bi_1539906', 'Ca0.05Fe1Bi0.95O2.9751_186580', 'Sr6(CoO3)5_81312']
[36m(_remote_expand_node pid=2220424)[0m 2026-02-08 23:40:34,362 INFO dara.search.tree Rpb improvement: 0.8099999999999881, lattice strain: 0.005506981081293916
[36m(_remote_expand_node pid=2221637)[0m 2026-02-08 23:40:29,548 INFO dara.search.tree Expanding node c30b24dc-0579-11f1-8d1c-6805cae19192 with current phases ['V2O5_124838', 'Bi_1539906', 'Sr6(CoO3)5_81312'], Rwp = 27.32
[36m(_remote_expand_node pid=2221638)[0m 2026-02-08 23:40:34,398 INFO dara.search.tree Expanding node c59aed68-0579-11f1-9ac3-6805cae19192 with current phases ['V2O5_124838', 'La16.48Zr15.52O56_130794', 'LiOH_1010301'], Rwp = 27.41
[36m(_remote_expand_node pid=2221640)[0m 2026-02-08 23:40:36,818 INFO dara.search.tree Race condition avoided: ['V2O5_124838', 'La16.48Zr15.52O56_130794', 'ZnO_41488', 'LiOH_1010301'] is already being processed by another worker.
[36m(_remote_expand_node pid=2221484)[0m 2026-02-08 23:40:47,437 INFO dara.search.tree Expanding node c59d173c-0579-11f1-9ac3-6805cae19192 with current phases ['V2O5_124838', 'La16.48Zr15.52O56_130794', 'Ca0.05Fe1Bi0.95O2.9751_186580'], Rwp = 26.06[32m [repeated 2x across cluster][0m
[36m(_remote_expand_node pid=2221484)[0m 2026-02-08 23:40:47,907 INFO dara.search.tree Race condition avoided: ['V2O5_124838', 'La16.48Zr15.52O56_130794', 'Ca0.05Fe1Bi0.95O2.9751_186580', 'LiOH_1010301'] is already being processed by another worker.
[36m(_remote_expand_node pid=2221484)[0m 2026-02-08 23:40:47,908 INFO dara.search.tree Race condition avoided: ['V2O5_124838', 'La16.48Zr15.52O56_130794', 'Ca0.05Fe1Bi0.95O2.9751_186580', 'ZnO_41488'] is already being processed by another worker.
[36m(_remote_expand_node pid=2221638)[0m 2026-02-08 23:40:54,163 INFO dara.search.tree Overfitting detected for ['V2O5_124838', 'La16.48Zr15.52O56_130794', 'LiOH_1010301', 'ZnO_41488']
[36m(_remote_expand_node pid=2221638)[0m 2026-02-08 23:40:54,163 INFO dara.search.tree Rpb improvement: 35.44, lattice strain: 0.00097978057451961
[36m(_remote_expand_node pid=2221638)[0m 2026-02-08 23:40:54,217 INFO dara.search.tree Expanding node c83b41b2-0579-11f1-89e4-6805cae19192 with current phases ['V2O5_124838', 'MnO2_1514110', 'Ca0.05Fe1Bi0.95O2.9751_186580'], Rwp = 27.07
[36m(_remote_expand_node pid=2221637)[0m 2026-02-08 23:40:54,296 INFO dara.search.tree Race condition avoided: ['V2O5_124838', 'ZnO_41488', 'MnO2_1514110', 'La16.48Zr15.52O56_130794'] is already being processed by another worker.
[36m(_remote_expand_node pid=2221637)[0m 2026-02-08 23:40:54,302 INFO dara.search.tree Race condition avoided: ['V2O5_124838', 'ZnO_41488', 'MnO2_1514110', 'Ca0.05Fe1Bi0.95O2.9751_186580'] is already being processed by another worker.
[36m(_remote_expand_node pid=2221637)[0m 2026-02-08 23:40:54,213 INFO dara.search.tree Overfitting detected for ['V2O5_124838', 'Bi_1539906', 'Sr6(CoO3)5_81312', 'La16.48Zr15.52O56_130794']
[36m(_remote_expand_node pid=2221637)[0m 2026-02-08 23:40:54,213 INFO dara.search.tree Rpb improvement: 0.9500000000000028, lattice strain: -0.0016457100591712936
[36m(_remote_expand_node pid=2223487)[0m 2026-02-08 23:40:59,148 INFO dara.search.tree Expanding node cb4cfaa8-0579-11f1-a369-6805cae19192 with current phases ['La16.48Zr15.52O56_130794', 'ZnO_41488', 'LiOH_1010301'], Rwp = 19.07[32m [repeated 2x across cluster][0m
[36m(_remote_expand_node pid=2223487)[0m 2026-02-08 23:40:59,769 INFO dara.search.tree Race condition avoided: ['La16.48Zr15.52O56_130794', 'ZnO_41488', 'LiOH_1010301', 'V2O5_124838'] is already being processed by another worker.[32m [repeated 2x across cluster][0m
[36m(_remote_expand_node pid=2221638)[0m 2026-02-08 23:41:05,596 INFO dara.search.tree Overfitting detected for ['V2O5_124838', 'MnO2_1514110', 'Ca0.05Fe1Bi0.95O2.9751_186580', 'ZnO_41488']
[36m(_remote_expand_node pid=2221638)[0m 2026-02-08 23:41:05,596 INFO dara.search.tree Rpb improvement: 33.0, lattice strain: 0.000819061412562434
[36m(_remote_expand_node pid=2214877)[0m 2026-02-08 23:41:02,437 INFO dara.search.tree Expanding node ccf48a10-0579-11f1-ba0c-6805cae19192 with current phases ['V2O5_124838', 'Ca0.05Fe1Bi0.95O2.9751_186580', 'TiN_1011099'], Rwp = 29.2
[36m(_remote_expand_node pid=2214877)[0m 2026-02-08 23:41:03,014 INFO dara.search.tree Race condition avoided: ['V2O5_124838', 'Ca0.05Fe1Bi0.95O2.9751_186580', 'TiN_1011099', 'MnO2_1514110'] is already being processed by another worker.[32m [repeated 2x across cluster][0m
[36m(_remote_expand_node pid=2221640)[0m 2026-02-08 23:41:07,363 INFO dara.search.tree Expanding node d079a3fa-0579-11f1-8d1c-6805cae19192 with current phases ['La16.48Zr15.52O56_130794', 'LiOH_1010301', 'Ca0.05Fe1Bi0.95O2.9751_186580'], Rwp = 34.25
[36m(_remote_expand_node pid=2214877)[0m 2026-02-08 23:41:12,177 INFO dara.search.tree Overfitting detected for ['V2O5_124838', 'Ca0.05Fe1Bi0.95O2.9751_186580', 'TiN_1011099', 'Bi_1539906']
[36m(_remote_expand_node pid=2214877)[0m 2026-02-08 23:41:12,178 INFO dara.search.tree Rpb improvement: 5.579999999999991, lattice strain: 0.00855816627263778
[36m(_remote_expand_node pid=2221640)[0m 2026-02-08 23:41:07,614 INFO dara.search.tree Race condition avoided: ['La16.48Zr15.52O56_130794', 'LiOH_1010301', 'Ca0.05Fe1Bi0.95O2.9751_186580', 'ZnO_41488'] is already being processed by another worker.[32m [repeated 2x across cluster][0m
[36m(_remote_expand_node pid=2220424)[0m 2026-02-08 23:41:13,596 INFO dara.search.tree Expanding node d50a0a72-0579-11f1-8d9d-6805cae19192 with current phases ['MnO2_1514110', 'ZnO_41488', 'LiOH_1010301'], Rwp = 19.46
[36m(_remote_expand_node pid=2224661)[0m 2026-02-08 23:41:15,780 INFO dara.search.tree Expanding node d72c396a-0579-11f1-9ac3-6805cae19192 with current phases ['LiOH_1010301', 'Bi_1539906', 'MnO2_1514110'], Rwp = 28.9
[36m(_remote_expand_node pid=2220424)[0m 2026-02-08 23:41:13,869 INFO dara.search.tree Race condition avoided: ['MnO2_1514110', 'ZnO_41488', 'LiOH_1010301', 'La16.48Zr15.52O56_130794'] is already being processed by another worker.[32m [repeated 2x across cluster][0m
[36m(_remote_expand_node pid=2220424)[0m 2026-02-08 23:41:21,316 INFO dara.search.tree Overfitting detected for ['MnO2_1514110', 'ZnO_41488', 'LiOH_1010301', 'Bi_1539906']
[36m(_remote_expand_node pid=2220424)[0m 2026-02-08 23:41:21,316 INFO dara.search.tree Rpb improvement: 0.0, lattice strain: 0.006941384399806664
[36m(_remote_expand_node pid=2221637)[0m 2026-02-08 23:41:18,408 INFO dara.search.tree Expanding node d72cba02-0579-11f1-9ac3-6805cae19192 with current phases ['LiOH_1010301', 'Bi_1539906', 'ZnO_41488'], Rwp = 19.87
[36m(_remote_expand_node pid=2225257)[0m 2026-02-08 23:41:22,293 INFO dara.search.tree Expanding node e67ecd92-0579-11f1-9ac3-6805cae19192 with current phases ['V2O5_124838', 'La16.48Zr15.52O56_130794', 'LiOH_1010301', 'Sr6(CoO3)5_81312'], Rwp = 25.97
[36m(_remote_expand_node pid=2221637)[0m 2026-02-08 23:41:18,750 INFO dara.search.tree Race condition avoided: ['LiOH_1010301', 'Bi_1539906', 'ZnO_41488', 'MnO2_1514110'] is already being processed by another worker.[32m [repeated 3x across cluster][0m
[36m(_remote_expand_node pid=2220424)[0m 2026-02-08 23:41:28,249 INFO dara.search.tree Expanding node e67fa53c-0579-11f1-9ac3-6805cae19192 with current phases ['V2O5_124838', 'La16.48Zr15.52O56_130794', 'LiOH_1010301', 'Bi_1539906'], Rwp = 24.88
[36m(_remote_expand_node pid=2221637)[0m 2026-02-08 23:41:32,594 INFO dara.search.tree Overfitting detected for ['LiOH_1010301', 'Bi_1539906', 'ZnO_41488', 'V2O5_124838']
[36m(_remote_expand_node pid=2221637)[0m 2026-02-08 23:41:32,594 INFO dara.search.tree Rpb improvement: 26.320000000000004, lattice strain: 0.0008305045645466765
[36m(_remote_expand_node pid=2225406)[0m 2026-02-08 23:41:33,534 INFO dara.search.tree Expanding node e6808b50-0579-11f1-9ac3-6805cae19192 with current phases ['V2O5_124838', 'La16.48Zr15.52O56_130794', 'LiOH_1010301', 'MnO2_1514110'], Rwp = 24.68
[36m(_remote_expand_node pid=2220424)[0m 2026-02-08 23:41:29,566 INFO dara.search.tree Race condition avoided: ['V2O5_124838', 'La16.48Zr15.52O56_130794', 'LiOH_1010301', 'Bi_1539906', 'Sr6(CoO3)5_81312'] is already being processed by another worker.
[36m(_remote_expand_node pid=2225406)[0m 2026-02-08 23:41:35,364 INFO dara.search.tree Race condition avoided: ['V2O5_124838', 'La16.48Zr15.52O56_130794', 'LiOH_1010301', 'MnO2_1514110', 'Sr6(CoO3)5_81312'] is already being processed by another worker.
[36m(_remote_expand_node pid=2225406)[0m 2026-02-08 23:41:35,366 INFO dara.search.tree Race condition avoided: ['V2O5_124838', 'La16.48Zr15.52O56_130794', 'LiOH_1010301', 'MnO2_1514110', 'Bi_1539906'] is already being processed by another worker.
[36m(_remote_expand_node pid=2220424)[0m 2026-02-08 23:41:40,402 INFO dara.search.tree Overfitting detected for ['V2O5_124838', 'La16.48Zr15.52O56_130794', 'LiOH_1010301', 'Bi_1539906', 'MnO2_1514110']
[36m(_remote_expand_node pid=2220424)[0m 2026-02-08 23:41:40,402 INFO dara.search.tree Rpb improvement: 1.009999999999998, lattice strain: 0.0013407771090696412
[36m(_remote_expand_node pid=2225257)[0m 2026-02-08 23:41:40,614 INFO dara.search.tree Overfitting detected for ['V2O5_124838', 'La16.48Zr15.52O56_130794', 'LiOH_1010301', 'Sr6(CoO3)5_81312', 'Bi_1539906']
[36m(_remote_expand_node pid=2225257)[0m 2026-02-08 23:41:40,614 INFO dara.search.tree Rpb improvement: -2.8699999999999974, lattice strain: 0
[36m(_remote_expand_node pid=2225406)[0m 2026-02-08 23:41:47,936 INFO dara.search.tree Overfitting detected for ['V2O5_124838', 'La16.48Zr15.52O56_130794', 'LiOH_1010301', 'MnO2_1514110', 'Ce8Fe12.32Rh3.68_102160']
[36m(_remote_expand_node pid=2225406)[0m 2026-02-08 23:41:47,937 INFO dara.search.tree Rpb improvement: 0.6300000000000026, lattice strain: 0.006986601039103018
[36m(_remote_expand_node pid=2224661)[0m 2026-02-08 23:41:49,060 INFO dara.search.tree Overfitting detected for ['LiOH_1010301', 'Bi_1539906', 'MnO2_1514110', 'V2O5_124838']
[36m(_remote_expand_node pid=2224661)[0m 2026-02-08 23:41:49,060 INFO dara.search.tree Rpb improvement: 8.419999999999995, lattice strain: -1.3097374923802232e-05
Search tree:
Root 
├── ([32mexpanded[39m[26m) V2O5_124838                                      Rwp: 31.39% | Strain: 0.03% | Group 0  
│   ├── ([32mexpanded[39m[26m) La16.48Zr15.52O56_130794                         Rwp: 27.91% | Strain: -0.13% | Group 0  
│   │   ├── (no_improvement) Sr6(CoO3)5_81312                           Rwp: 27.85% | Strain: 0.8% | Group 0  
│   │   ├── (no_improvement) Bi_1539906                                 Rwp: 27.90% | Strain: 1.13% | Group 1  
│   │   ├── (no_improvement) MnO2_1514110                               Rwp: 27.74% | Strain: 0.18% | Group 2  
│   │   ├── ([32mexpanded[39m[26m) LiOH_1010301                                     Rwp: 27.41% | Strain: 0.67% | Group 3  
│   │   │   ├── ([32mexpanded[39m[26m) Sr6(CoO3)5_81312                                 Rwp: 25.97% | Strain: 0.0% | Group 0  
│   │   │   │   └── (overfitting) Bi_1539906                                    Rwp: 27.41% | Strain: 0.0% | Group 0  
│   │   │   ├── ([32mexpanded[39m[26m) Bi_1539906                                       Rwp: 24.88% | Strain: 1.1% | Group 1  
│   │   │   │   └── (overfitting) MnO2_1514110                                  Rwp: 24.67% | Strain: 0.13% | Group 0  
│   │   │   ├── ([32mexpanded[39m[26m) MnO2_1514110                                     Rwp: 24.68% | Strain: 0.14% | Group 2  
│   │   │   │   └── (overfitting) Ce8Fe12.32Rh3.68_102160                       Rwp: 24.59% | Strain: 0.7% | Group 0  
│   │   │   └── (overfitting) ZnO_41488                                     Rwp: 8.39% | Strain: 0.1% | Group 3  
│   │   ├── ([32mexpanded[39m[26m) ZnO_41488                                        Rwp: 8.39% | Strain: 0.1% | Group 4  
│   │   │   ├── (no_improvement) Sr6(CoO3)5_81312                           Rwp: 8.19% | Strain: 0.4% | Group 0  
│   │   │   ├── (no_improvement) Bi_1539906                                 Rwp: 8.30% | Strain: 1.28% | Group 1  
│   │   │   ├── (no_improvement) MnO2_1514110                               Rwp: 8.10% | Strain: 0.44% | Group 2  
│   │   │   ├── (no_improvement) Ce8Fe12.32Rh3.68_102160                    Rwp: 8.26% | Strain: 0.77% | Group 3  
│   │   │   ├── (no_improvement) TiN_1011099                                Rwp: 8.25% | Strain: 1.11% | Group 4  
│   │   │   └── (no_improvement) Ca0.05Fe1Bi0.95O2.9751_186580              Rwp: 8.39% | Strain: 0.0% | Group 5  
│   │   ├── (no_improvement) Ce8Fe12.32Rh3.68_102160                    Rwp: 27.83% | Strain: 0.68% | Group 5  
│   │   ├── (no_improvement) TiN_1011099                                Rwp: 27.48% | Strain: 1.13% | Group 6  
│   │   └── ([32mexpanded[39m[26m) Ca0.05Fe1Bi0.95O2.9751_186580                    Rwp: 26.06% | Strain: 0.88% | Group 7  
│   │       ├── (no_improvement) Bi_1539906                                 Rwp: 26.04% | Strain: 1.07% | Group 0  
│   │       ├── (no_improvement) Sr6(CoO3)5_81312                           Rwp: 25.37% | Strain: 0.8% | Group 1  
│   │       ├── (no_improvement) MnO2_1514110                               Rwp: 25.90% | Strain: 0.14% | Group 2  
│   │       ├── (no_improvement) Ce8Fe12.32Rh3.68_102160                    Rwp: 25.93% | Strain: 0.69% | Group 3  
│   │       └── (no_improvement) TiN_1011099                                Rwp: 25.51% | Strain: 1.14% | Group 4  
│   ├── ([32mexpanded[39m[26m) Sr6(CoO3)5_81312                                 Rwp: 28.39% | Strain: 0.23% | Group 1  
│   │   ├── (no_improvement) Ca0.05Fe1Bi0.95O2.9751_186580              Rwp: 28.08% | Strain: 0.87% | Group 0  
│   │   ├── (no_improvement) LiOH_1010301                               Rwp: 28.07% | Strain: 0.65% | Group 1  
│   │   └── (overfitting) ZnO_41488                                     Rwp: 11.79% | Strain: 0.07% | Group 2  
│   ├── ([32mexpanded[39m[26m) Bi_1539906                                       Rwp: 30.52% | Strain: 0.33% | Group 2  
│   │   ├── ([32mexpanded[39m[26m) Sr6(CoO3)5_81312                                 Rwp: 27.32% | Strain: 0.14% | Group 0  
│   │   │   └── (overfitting) La16.48Zr15.52O56_130794                      Rwp: 27.08% | Strain: -0.16% | Group 0  
│   │   └── (overfitting) MnO2_1514110                                  Rwp: 28.82% | Strain: 0.22% | Group 1  
│   ├── (high_strain) LiOH_1010301                                  Rwp: 29.80% | Strain: 2.21% | Group 3  
│   ├── ([32mexpanded[39m[26m) ZnO_41488                                        Rwp: 13.94% | Strain: 0.1% | Group 4  
│   │   ├── ([32mexpanded[39m[26m) MnO2_1514110                                     Rwp: 8.58% | Strain: 0.36% | Group 0  
│   │   │   ├── (no_improvement) Sr6(CoO3)5_81312                           Rwp: 8.46% | Strain: 0.75% | Group 0  
│   │   │   ├── (no_improvement) Bi_1539906                                 Rwp: 8.52% | Strain: 1.56% | Group 1  
│   │   │   ├── (no_improvement) LiOH_1010301                               Rwp: 8.58% | Strain: 0.0% | Group 2  
│   │   │   ├── (no_improvement) Ce8Fe12.32Rh3.68_102160                    Rwp: 8.50% | Strain: 0.89% | Group 3  
│   │   │   └── (no_improvement) TiN_1011099                                Rwp: 8.46% | Strain: 1.12% | Group 4  
│   │   ├── (no_improvement) LiOH_1010301                               Rwp: 13.94% | Strain: 0.0% | Group 1  
│   │   ├── (no_improvement) Ce8Fe12.32Rh3.68_102160                    Rwp: 13.86% | Strain: 0.77% | Group 2  
│   │   ├── (no_improvement) TiN_1011099                                Rwp: 13.87% | Strain: 1.09% | Group 3  
│   │   └── (no_improvement) Ca0.05Fe1Bi0.95O2.9751_186580              Rwp: 13.94% | Strain: 0.0% | Group 4  
│   ├── (no_improvement) Ce8Fe12.32Rh3.68_102160                    Rwp: 31.33% | Strain: 0.69% | Group 5  
│   ├── ([32mexpanded[39m[26m) MnO2_1514110                                     Rwp: 28.82% | Strain: 0.22% | Group 6  
│   │   ├── (no_improvement) LiOH_1010301                               Rwp: 28.82% | Strain: 0.0% | Group 0  
│   │   ├── (no_improvement) Ce8Fe12.32Rh3.68_102160                    Rwp: 28.75% | Strain: 0.74% | Group 1  
│   │   ├── (no_improvement) TiN_1011099                                Rwp: 28.36% | Strain: 1.16% | Group 2  
│   │   └── ([32mexpanded[39m[26m) Ca0.05Fe1Bi0.95O2.9751_186580                    Rwp: 27.07% | Strain: 0.91% | Group 3  
│   │       ├── (no_improvement) Sr6(CoO3)5_81312                           Rwp: 26.29% | Strain: 0.7% | Group 0  
│   │       ├── (no_improvement) Bi_1539906                                 Rwp: 27.07% | Strain: 0.0% | Group 1  
│   │       ├── (high_strain) LiOH_1010301                                  Rwp: 26.41% | Strain: -5.0% | Group 2  
│   │       ├── (no_improvement) Ce8Fe12.32Rh3.68_102160                    Rwp: 26.95% | Strain: 0.76% | Group 3  
│   │       └── (overfitting) ZnO_41488                                     Rwp: 8.58% | Strain: 0.08% | Group 4  
│   ├── (no_improvement) TiN_1011099                                Rwp: 31.01% | Strain: 1.15% | Group 7  
│   └── ([32mexpanded[39m[26m) Ca0.05Fe1Bi0.95O2.9751_186580                    Rwp: 29.39% | Strain: 0.94% | Group 8  
│       ├── (no_improvement) LiOH_1010301                               Rwp: 29.01% | Strain: 0.68% | Group 0  
│       ├── (no_improvement) Ce8Fe12.32Rh3.68_102160                    Rwp: 29.58% | Strain: 0.71% | Group 1  
│       └── ([32mexpanded[39m[26m) TiN_1011099                                      Rwp: 29.20% | Strain: 1.15% | Group 2  
│           └── (overfitting) Bi_1539906                                    Rwp: 28.06% | Strain: 0.86% | Group 0  
├── ([32mexpanded[39m[26m) La16.48Zr15.52O56_130794                         Rwp: 36.89% | Strain: -0.14% | Group 1  
│   ├── (no_improvement) Bi_1539906                                 Rwp: 36.87% | Strain: 0.53% | Group 0  
│   ├── (no_improvement) MnO2_1514110                               Rwp: 36.83% | Strain: 0.15% | Group 1  
│   ├── ([32mexpanded[39m[26m) ZnO_41488                                        Rwp: 22.72% | Strain: 0.13% | Group 2  
│   │   ├── (no_improvement) Sr6(CoO3)5_81312                           Rwp: 22.50% | Strain: 0.43% | Group 0  
│   │   ├── (no_improvement) Bi_1539906                                 Rwp: 22.37% | Strain: 0.79% | Group 1  
│   │   ├── (no_improvement) MnO2_1514110                               Rwp: 22.82% | Strain: 0.97% | Group 2  
│   │   ├── ([32mexpanded[39m[26m) LiOH_1010301                                     Rwp: 19.07% | Strain: 0.65% | Group 3  
│   │   │   ├── (no_improvement) Sr6(CoO3)5_81312                           Rwp: 19.07% | Strain: 0.0% | Group 0  
│   │   │   ├── (no_improvement) Bi_1539906                                 Rwp: 18.71% | Strain: 0.81% | Group 1  
│   │   │   ├── (no_improvement) MnO2_1514110                               Rwp: 19.00% | Strain: 0.87% | Group 2  
│   │   │   ├── (no_improvement) Ce8Fe12.32Rh3.68_102160                    Rwp: 19.01% | Strain: 0.77% | Group 3  
│   │   │   ├── (no_improvement) TiN_1011099                                Rwp: 18.94% | Strain: 1.22% | Group 4  
│   │   │   └── (high_strain) Ca0.05Fe1Bi0.95O2.9751_186580                 Rwp: 18.07% | Strain: 3.39% | Group 5  
│   │   ├── (no_improvement) Ce8Fe12.32Rh3.68_102160                    Rwp: 22.67% | Strain: 0.7% | Group 4  
│   │   ├── (no_improvement) TiN_1011099                                Rwp: 22.62% | Strain: 1.23% | Group 5  
│   │   └── (no_improvement) Ca0.05Fe1Bi0.95O2.9751_186580              Rwp: 22.65% | Strain: 1.16% | Group 6  
│   ├── ([32mexpanded[39m[26m) LiOH_1010301                                     Rwp: 36.01% | Strain: 0.68% | Group 3  
│   │   ├── (no_improvement) Sr6(CoO3)5_81312                           Rwp: 36.01% | Strain: 0.0% | Group 0  
│   │   ├── (no_improvement) Bi_1539906                                 Rwp: 35.98% | Strain: 0.53% | Group 1  
│   │   ├── (no_improvement) MnO2_1514110                               Rwp: 35.92% | Strain: 0.13% | Group 2  
│   │   ├── (no_improvement) Ce8Fe12.32Rh3.68_102160                    Rwp: 35.83% | Strain: 0.73% | Group 3  
│   │   ├── (no_improvement) TiN_1011099                                Rwp: 35.63% | Strain: 1.12% | Group 4  
│   │   └── ([32mexpanded[39m[26m) Ca0.05Fe1Bi0.95O2.9751_186580                    Rwp: 34.25% | Strain: 0.87% | Group 5  
│   │       ├── (no_improvement) Bi_1539906                                 Rwp: 34.23% | Strain: 0.69% | Group 0  
│   │       ├── (no_improvement) Sr6(CoO3)5_81312                           Rwp: 34.25% | Strain: 0.0% | Group 1  
│   │       ├── (no_improvement) MnO2_1514110                               Rwp: 34.21% | Strain: 0.1% | Group 2  
│   │       ├── (no_improvement) Ce8Fe12.32Rh3.68_102160                    Rwp: 33.98% | Strain: 0.76% | Group 3  
│   │       └── (no_improvement) TiN_1011099                                Rwp: 33.78% | Strain: 1.15% | Group 4  
│   ├── (no_improvement) Ce8Fe12.32Rh3.68_102160                    Rwp: 36.73% | Strain: 0.78% | Group 4  
│   ├── (no_improvement) TiN_1011099                                Rwp: 36.53% | Strain: 1.17% | Group 5  
│   └── ([32mexpanded[39m[26m) Ca0.05Fe1Bi0.95O2.9751_186580                    Rwp: 35.13% | Strain: 0.9% | Group 6  
│       ├── (no_improvement) Bi_1539906                                 Rwp: 35.03% | Strain: 1.15% | Group 0  
│       ├── (no_improvement) Sr6(CoO3)5_81312                           Rwp: 35.05% | Strain: 0.8% | Group 1  
│       ├── (no_improvement) MnO2_1514110                               Rwp: 35.09% | Strain: 0.14% | Group 2  
│       ├── (no_improvement) Ce8Fe12.32Rh3.68_102160                    Rwp: 34.88% | Strain: 0.79% | Group 3  
│       └── (no_improvement) TiN_1011099                                Rwp: 34.67% | Strain: 1.18% | Group 4  
├── ([32mexpanded[39m[26m) Sr6(CoO3)5_81312                                 Rwp: 39.16% | Strain: 0.53% | Group 2  
│   └── (overfitting) La16.48Zr15.52O56_130794                      Rwp: 36.84% | Strain: -0.12% | Group 0  
├── ([32mexpanded[39m[26m) MnO2_1514110                                     Rwp: 33.64% | Strain: -0.84% | Group 3  
│   ├── ([32mexpanded[39m[26m) ZnO_41488                                        Rwp: 23.06% | Strain: 0.09% | Group 0  
│   │   ├── (no_improvement) Sr6(CoO3)5_81312                           Rwp: 22.78% | Strain: 0.59% | Group 0  
│   │   ├── (no_improvement) Ce8Fe12.32Rh3.68_102160                    Rwp: 23.04% | Strain: 0.89% | Group 1  
│   │   ├── ([32mexpanded[39m[26m) LiOH_1010301                                     Rwp: 19.46% | Strain: 0.63% | Group 2  
│   │   │   ├── (no_improvement) Sr6(CoO3)5_81312                           Rwp: 19.43% | Strain: 0.73% | Group 0  
│   │   │   ├── (no_improvement) Ce8Fe12.32Rh3.68_102160                    Rwp: 19.43% | Strain: 0.93% | Group 1  
│   │   │   └── (overfitting) Bi_1539906                                    Rwp: 19.20% | Strain: 0.69% | Group 2  
│   │   └── (overfitting) Bi_1539906                                    Rwp: 22.66% | Strain: 0.91% | Group 3  
│   ├── ([32mexpanded[39m[26m) LiOH_1010301                                     Rwp: 29.73% | Strain: 0.51% | Group 1  
│   │   ├── (no_improvement) Sr6(CoO3)5_81312                           Rwp: 29.73% | Strain: 0.0% | Group 0  
│   │   ├── (no_improvement) Ce8Fe12.32Rh3.68_102160                    Rwp: 29.50% | Strain: -1.32% | Group 1  
│   │   ├── (no_improvement) TiN_1011099                                Rwp: 29.73% | Strain: 0.0% | Group 2  
│   │   └── (no_improvement) Ca0.05Fe1Bi0.95O2.9751_186580              Rwp: 35.47% | Strain: 0.89% | Group 3  
│   ├── (no_improvement) Bi_1539906                                 Rwp: 33.55% | Strain: -1.19% | Group 2  
│   ├── (no_improvement) Ce8Fe12.32Rh3.68_102160                    Rwp: 33.43% | Strain: -1.32% | Group 3  
│   ├── (no_improvement) TiN_1011099                                Rwp: 33.64% | Strain: 0.0% | Group 4  
│   └── (no_improvement) Ca0.05Fe1Bi0.95O2.9751_186580              Rwp: 36.31% | Strain: 0.97% | Group 5  
├── ([32mexpanded[39m[26m) ZnO_41488                                        Rwp: 25.08% | Strain: 0.13% | Group 4  
│   ├── ([32mexpanded[39m[26m) LiOH_1010301                                     Rwp: 21.89% | Strain: 0.65% | Group 0  
│   │   └── (overfitting) Sr6(CoO3)5_81312                              Rwp: 23.44% | Strain: 0.67% | Group 0  
│   ├── ([32mexpanded[39m[26m) Bi_1539906                                       Rwp: 23.16% | Strain: 0.81% | Group 1  
│   │   ├── (no_improvement) Sr6(CoO3)5_81312                           Rwp: 22.75% | Strain: 0.44% | Group 0  
│   │   ├── (no_improvement) Ce8Fe12.32Rh3.68_102160                    Rwp: 23.16% | Strain: 0.97% | Group 1  
│   │   ├── (no_improvement) TiN_1011099                                Rwp: 23.05% | Strain: 1.21% | Group 2  
│   │   └── (high_strain) Ca0.05Fe1Bi0.95O2.9751_186580                 Rwp: 22.70% | Strain: 3.33% | Group 3  
│   ├── (no_improvement) Ce8Fe12.32Rh3.68_102160                    Rwp: 25.05% | Strain: 0.7% | Group 2  
│   ├── (no_improvement) TiN_1011099                                Rwp: 25.01% | Strain: 1.23% | Group 3  
│   └── (high_strain) Ca0.05Fe1Bi0.95O2.9751_186580                 Rwp: 24.51% | Strain: 3.38% | Group 4  
├── ([32mexpanded[39m[26m) LiOH_1010301                                     Rwp: 38.88% | Strain: 0.43% | Group 5  
│   ├── ([32mexpanded[39m[26m) Bi_1539906                                       Rwp: 34.60% | Strain: -1.91% | Group 0  
│   │   ├── (no_improvement) Sr6(CoO3)5_81312                           Rwp: 34.60% | Strain: 0.0% | Group 0  
│   │   ├── ([32mexpanded[39m[26m) MnO2_1514110                                     Rwp: 28.90% | Strain: -0.52% | Group 1  
│   │   │   └── (overfitting) V2O5_124838                                   Rwp: 28.37% | Strain: -0.0% | Group 0  
│   │   ├── ([32mexpanded[39m[26m) ZnO_41488                                        Rwp: 19.87% | Strain: 0.13% | Group 2  
│   │   │   └── (overfitting) V2O5_124838                                   Rwp: 8.24% | Strain: 0.08% | Group 0  
│   │   ├── (no_improvement) Ce8Fe12.32Rh3.68_102160                    Rwp: 34.90% | Strain: -0.67% | Group 3  
│   │   ├── (no_improvement) TiN_1011099                                Rwp: 34.30% | Strain: -0.37% | Group 4  
│   │   └── (overfitting) Ca0.05Fe1Bi0.95O2.9751_186580                 Rwp: 36.33% | Strain: 0.91% | Group 5  
│   └── (overfitting) Ce8Fe12.32Rh3.68_102160                       Rwp: 38.73% | Strain: 0.12% | Group 1  
├── ([32mexpanded[39m[26m) Bi_1539906                                       Rwp: 38.75% | Strain: 1.47% | Group 6  
│   ├── ([32mexpanded[39m[26m) Ca0.05Fe1Bi0.95O2.9751_186580                    Rwp: 36.92% | Strain: 0.97% | Group 0  
│   │   └── (overfitting) Sr6(CoO3)5_81312                              Rwp: 36.73% | Strain: 0.55% | Group 0  
│   ├── (no_improvement) Ce8Fe12.32Rh3.68_102160                    Rwp: 38.67% | Strain: 1.63% | Group 1  
│   └── (no_improvement) TiN_1011099                                Rwp: 38.35% | Strain: 1.87% | Group 2  
├── ([32mexpanded[39m[26m) Ce8Fe12.32Rh3.68_102160                          Rwp: 39.49% | Strain: 0.36% | Group 7  
├── ([32mexpanded[39m[26m) TiN_1011099                                      Rwp: 39.28% | Strain: 1.56% | Group 8  
│   └── (overfitting) Ce8Fe12.32Rh3.68_102160                       Rwp: 39.15% | Strain: 0.98% | Group 0  
└── ([32mexpanded[39m[26m) Ca0.05Fe1Bi0.95O2.9751_186580                    Rwp: 37.88% | Strain: 0.96% | Group 9  
    └── (no_improvement) Ce8Fe12.32Rh3.68_102160                    Rwp: 37.69% | Strain: 0.84% | Group 0  

    Saved DARA refined plot to /work/hdd/bffm/xtong1/ref_200_conserv/results/evaluation/dara_refined_plots/ZnO_V2O5_V2Zn2O7_refined.html
Refinement result: {'V2O5_124838': np.float64(0.5196679094393347), 'ZnO_41488': np.float64(0.4427937423138002), 'La16.48Zr15.52O56_130794': np.float64(0.03753834824686496)}
DARA refinement result: Rwp=8.39%, Max False Peak Relative Intensity=0.0234
    Recall: 1.0000, Precision: 0.6667, F1: 0.8000
    Time taken: 153.97 seconds

========================================
Processing pattern: Li2CO3_Li3PO4
    Running DARA refinement on 16 candidate phases...

DARA Iteration 1: Refining 16 phases: ['Li3PO4_9012500', 'Li2CO3_100324', 'BaTiO3_1507756', 'CoSO4_1528825', 'Cr_1534885', 'Mn2InSnPd4_51990', 'ZrNi2Sn_105383', 'TiC_1011320', 'BaAu2_181532', 'Ti5Zn3.116Si12O45.62_191277', 'NiO_1010093', 'Ce2Cu2.202As4_88683', 'In4.8Te8Au1.06_121190', 'Ca0.05Fe1Bi0.95O2.9751_186580', 'Bk_292005', 'Co3O4_1526734']
2026-02-08 23:41:49,632 INFO dara.search.tree Detecting peaks in the pattern.
EFLECH run time: 7.785233497619629 seconds
2026-02-08 23:41:57,451 INFO dara.search.tree The wmax is automatically adjusted to 49.76.
2026-02-08 23:41:57,452 INFO dara.search.tree The intensity threshold is automatically set to 10.00 % of maximum peak intensity.
2026-02-08 23:41:57,452 INFO dara.search.tree Creating the root node.
2026-02-08 23:41:57,452 INFO dara.search.tree Refining all the phases in the dataset.
2026-02-08 23:42:00,531 INFO dara.search.tree Finished refining 16 phases, with 2 phases removed.
2026-02-08 23:42:00,531 INFO dara.search.tree Express mode is enabled. Grouping phases before starting.
2026-02-08 23:42:01,248 INFO dara.search.tree Phases are grouped into 14 groups. Pinned phases were included to mask duplicate candidates.
[36m(_remote_expand_node pid=2224661)[0m 2026-02-08 23:42:01,804 INFO dara.search.tree Expanding node 0c3ac400-057a-11f1-9018-6805cae19192 with current phases [], Rwp = None
[36m(_remote_expand_node pid=2224661)[0m 2026-02-08 23:42:05,808 INFO dara.search.tree Expanding node 112cf7c6-057a-11f1-97d5-6805cae19192 with current phases ['Li2CO3_100324'], Rwp = 21.06
[36m(_remote_expand_node pid=2226748)[0m 2026-02-08 23:42:05,864 INFO dara.search.tree Race condition avoided: ['Li3PO4_9012500', 'Li2CO3_100324'] is already being processed by another worker.
[36m(_remote_expand_node pid=2226900)[0m 2026-02-08 23:42:16,627 INFO dara.search.tree Expanding node 1766dae4-057a-11f1-bc69-6805cae19192 with current phases ['BaTiO3_1507756', 'TiC_1011320'], Rwp = 56.26[32m [repeated 4x across cluster][0m
[36m(_remote_expand_node pid=2225406)[0m 2026-02-08 23:42:05,915 INFO dara.search.tree Race condition avoided: ['BaAu2_181532', 'Li3PO4_9012500'] is already being processed by another worker.[32m [repeated 5x across cluster][0m
[36m(_remote_expand_node pid=2224982)[0m 2026-02-08 23:42:28,701 INFO dara.search.tree Overfitting detected for ['BaTiO3_1507756', 'Co3O4_1526734', 'Li2CO3_100324']
[36m(_remote_expand_node pid=2224982)[0m 2026-02-08 23:42:28,701 INFO dara.search.tree Rpb improvement: 61.33999999999999, lattice strain: 0.002561716790949538
[36m(_remote_expand_node pid=2224982)[0m 2026-02-08 23:42:17,728 INFO dara.search.tree Expanding node 17682ce6-057a-11f1-bc69-6805cae19192 with current phases ['BaTiO3_1507756', 'Co3O4_1526734'], Rwp = 56.78
[36m(_remote_expand_node pid=2226902)[0m 2026-02-08 23:42:29,168 INFO dara.search.tree Expanding node 17688970-057a-11f1-bc69-6805cae19192 with current phases ['BaTiO3_1507756', 'Cr_1534885'], Rwp = 58.18
[36m(_remote_expand_node pid=2226902)[0m 2026-02-08 23:42:30,086 INFO dara.search.tree Race condition avoided: ['BaTiO3_1507756', 'Cr_1534885', 'TiC_1011320'] is already being processed by another worker.
[36m(_remote_expand_node pid=2226902)[0m 2026-02-08 23:42:30,095 INFO dara.search.tree Race condition avoided: ['BaTiO3_1507756', 'Cr_1534885', 'Co3O4_1526734'] is already being processed by another worker.
[36m(_remote_expand_node pid=2226900)[0m 2026-02-08 23:42:33,231 INFO dara.search.tree Overfitting detected for ['BaTiO3_1507756', 'TiC_1011320', 'Li2CO3_100324']
[36m(_remote_expand_node pid=2226900)[0m 2026-02-08 23:42:33,231 INFO dara.search.tree Rpb improvement: 61.00999999999999, lattice strain: 0.0024610194146254005
[36m(_remote_expand_node pid=2226748)[0m 2026-02-08 23:42:39,374 INFO dara.search.tree Expanding node 17ffa10c-057a-11f1-8f4b-6805cae19192 with current phases ['Li3PO4_9012500', 'BaTiO3_1507756'], Rwp = 51.23[32m [repeated 2x across cluster][0m
[36m(_remote_expand_node pid=2224982)[0m 2026-02-08 23:42:39,520 INFO dara.search.tree Overfitting detected for ['Li3PO4_9012500', 'CoSO4_1528825', 'Li2CO3_100324']
[36m(_remote_expand_node pid=2224982)[0m 2026-02-08 23:42:39,520 INFO dara.search.tree Rpb improvement: 62.059999999999995, lattice strain: 0.002459262736377438
[36m(_remote_expand_node pid=2226748)[0m 2026-02-08 23:42:39,535 INFO dara.search.tree Race condition avoided: ['Li3PO4_9012500', 'BaTiO3_1507756', 'CoSO4_1528825'] is already being processed by another worker.
[36m(_remote_expand_node pid=2226748)[0m 2026-02-08 23:42:39,539 INFO dara.search.tree Race condition avoided: ['Li3PO4_9012500', 'BaTiO3_1507756', 'TiC_1011320'] is already being processed by another worker.
[36m(_remote_expand_node pid=2226748)[0m 2026-02-08 23:42:39,541 INFO dara.search.tree Race condition avoided: ['Li3PO4_9012500', 'BaTiO3_1507756', 'Cr_1534885'] is already being processed by another worker.
[36m(_remote_expand_node pid=2226900)[0m 2026-02-08 23:42:48,497 INFO dara.search.tree Expanding node 1800a066-057a-11f1-8f4b-6805cae19192 with current phases ['Li3PO4_9012500', 'Mn2InSnPd4_51990'], Rwp = 51.91[32m [repeated 2x across cluster][0m
[36m(_remote_expand_node pid=2226902)[0m 2026-02-08 23:42:43,051 INFO dara.search.tree Overfitting detected for ['BaTiO3_1507756', 'Cr_1534885', 'Li2CO3_100324']
[36m(_remote_expand_node pid=2226902)[0m 2026-02-08 23:42:43,051 INFO dara.search.tree Rpb improvement: 63.18, lattice strain: 0.0027650581462113576
[36m(_remote_expand_node pid=2224165)[0m 2026-02-08 23:42:42,855 INFO dara.search.tree Race condition avoided: ['Li3PO4_9012500', 'BaAu2_181532', 'BaTiO3_1507756'] is already being processed by another worker.[32m [repeated 2x across cluster][0m
[36m(_remote_expand_node pid=2226748)[0m 2026-02-08 23:42:49,207 INFO dara.search.tree Overfitting detected for ['Li3PO4_9012500', 'BaTiO3_1507756', 'Li2CO3_100324']
[36m(_remote_expand_node pid=2226748)[0m 2026-02-08 23:42:49,207 INFO dara.search.tree Rpb improvement: 60.53999999999999, lattice strain: 0.0024431564092577997
[36m(_remote_expand_node pid=2224982)[0m 2026-02-08 23:42:49,551 INFO dara.search.tree Expanding node 18011690-057a-11f1-8f4b-6805cae19192 with current phases ['Li3PO4_9012500', 'Ca0.05Fe1Bi0.95O2.9751_186580'], Rwp = 51.24
[36m(_remote_expand_node pid=2224982)[0m 2026-02-08 23:42:50,119 INFO dara.search.tree Race condition avoided: ['Li3PO4_9012500', 'Ca0.05Fe1Bi0.95O2.9751_186580', 'Mn2InSnPd4_51990'] is already being processed by another worker.[32m [repeated 5x across cluster][0m
[36m(_remote_expand_node pid=2224982)[0m 2026-02-08 23:42:55,097 INFO dara.search.tree Overfitting detected for ['Li3PO4_9012500', 'Ca0.05Fe1Bi0.95O2.9751_186580', 'Li2CO3_100324']
[36m(_remote_expand_node pid=2224982)[0m 2026-02-08 23:42:55,098 INFO dara.search.tree Rpb improvement: 60.02, lattice strain: 0.00240401942063133
[36m(_remote_expand_node pid=2224165)[0m 2026-02-08 23:42:55,325 INFO dara.search.tree Overfitting detected for ['Li3PO4_9012500', 'BaAu2_181532', 'Li2CO3_100324']
[36m(_remote_expand_node pid=2224165)[0m 2026-02-08 23:42:55,325 INFO dara.search.tree Rpb improvement: 43.959999999999994, lattice strain: 0.0024625225681302837
[36m(_remote_expand_node pid=2226748)[0m 2026-02-08 23:42:55,340 INFO dara.search.tree Expanding node 180184f4-057a-11f1-8f4b-6805cae19192 with current phases ['Li3PO4_9012500', 'TiC_1011320'], Rwp = 50.67
Refinement result: Early stop found. Terminating all other workers.
Search tree:
Root 
├── ([32mexpanded[39m[26m) Li2CO3_100324                                    Rwp: 21.06% | Strain: 0.26% | Group 0  
│   └── (early_stop) Li3PO4_9012500                                 Rwp: 9.97% | Strain: 0.42% | Group 0  
├── ([32mexpanded[39m[26m) Li3PO4_9012500                                   Rwp: 52.82% | Strain: -0.09% | Group 1  
│   ├── ([32mexpanded[39m[26m) CoSO4_1528825                                    Rwp: 52.29% | Strain: 0.61% | Group 0  
│   │   └── (overfitting) Li2CO3_100324                                 Rwp: 9.86% | Strain: 0.25% | Group 0  
│   ├── ([32mexpanded[39m[26m) BaTiO3_1507756                                   Rwp: 51.23% | Strain: -0.7% | Group 1  
│   │   └── (overfitting) Li2CO3_100324                                 Rwp: 9.97% | Strain: 0.24% | Group 0  
│   ├── ([32mexpanded[39m[26m) BaAu2_181532                                     Rwp: 44.20% | Strain: 0.07% | Group 2  
│   │   └── (overfitting) Li2CO3_100324                                 Rwp: 9.87% | Strain: 0.25% | Group 0  
│   ├── ([32mexpanded[39m[26m) Mn2InSnPd4_51990                                 Rwp: 51.91% | Strain: 0.82% | Group 3  
│   │   └── (overfitting) Li2CO3_100324                                 Rwp: 9.96% | Strain: 0.24% | Group 0  
│   ├── ([32mexpanded[39m[26m) Ca0.05Fe1Bi0.95O2.9751_186580                    Rwp: 51.24% | Strain: 0.75% | Group 4  
│   │   └── (overfitting) Li2CO3_100324                                 Rwp: 9.94% | Strain: 0.24% | Group 0  
│   ├── (pending) TiC_1011320                                       Rwp: 50.67% | Strain: -0.94% | Group 5  
│   ├── (no_improvement) NiO_1010093                                Rwp: 52.62% | Strain: 0.08% | Group 6  
│   └── (no_improvement) Cr_1534885                                 Rwp: 52.57% | Strain: 0.17% | Group 7  
├── (high_strain) CoSO4_1528825                                 Rwp: 58.55% | Strain: 3.2% | Group 2  
├── ([32mexpanded[39m[26m) BaTiO3_1507756                                   Rwp: 58.62% | Strain: 1.97% | Group 3  
│   ├── (high_strain) CoSO4_1528825                                 Rwp: 56.38% | Strain: 2.94% | Group 0  
│   ├── (high_strain) Mn2InSnPd4_51990                              Rwp: 57.72% | Strain: 2.9% | Group 1  
│   ├── (no_improvement) Ce2Cu2.202As4_88683                        Rwp: 58.42% | Strain: 1.88% | Group 2  
│   ├── (high_strain) Ca0.05Fe1Bi0.95O2.9751_186580                 Rwp: 54.37% | Strain: 2.49% | Group 3  
│   ├── ([32mexpanded[39m[26m) TiC_1011320                                      Rwp: 56.26% | Strain: -0.63% | Group 4  
│   │   └── (overfitting) Li2CO3_100324                                 Rwp: 20.38% | Strain: 0.25% | Group 0  
│   ├── (high_strain) NiO_1010093                                   Rwp: 56.96% | Strain: -2.05% | Group 5  
│   ├── (high_strain) In4.8Te8Au1.06_121190                         Rwp: 58.38% | Strain: 3.57% | Group 6  
│   ├── ([32mexpanded[39m[26m) Co3O4_1526734                                    Rwp: 56.78% | Strain: -1.51% | Group 7  
│   │   └── (overfitting) Li2CO3_100324                                 Rwp: 20.82% | Strain: 0.26% | Group 0  
│   └── ([32mexpanded[39m[26m) Cr_1534885                                       Rwp: 58.18% | Strain: 1.77% | Group 8  
│       └── (overfitting) Li2CO3_100324                                 Rwp: 20.72% | Strain: 0.28% | Group 0  
├── ([32mexpanded[39m[26m) BaAu2_181532                                     Rwp: 52.56% | Strain: -0.04% | Group 4  
│   ├── (pending) CoSO4_1528825                                     Rwp: 50.68% | Strain: 0.69% | Group 0  
│   ├── (pending) BaTiO3_1507756                                    Rwp: 49.38% | Strain: -0.81% | Group 1  
│   ├── (pending) Mn2InSnPd4_51990                                  Rwp: 51.15% | Strain: 0.57% | Group 2  
│   ├── (pending) Ca0.05Fe1Bi0.95O2.9751_186580                     Rwp: 47.90% | Strain: -0.1% | Group 3  
│   ├── (pending) TiC_1011320                                       Rwp: 48.71% | Strain: -1.37% | Group 4  
│   ├── (no_improvement) NiO_1010093                                Rwp: 52.56% | Strain: 0.0% | Group 5  
│   └── (no_improvement) Cr_1534885                                 Rwp: 52.56% | Strain: 0.0% | Group 6  
├── (high_strain) Mn2InSnPd4_51990                              Rwp: 59.94% | Strain: -2.32% | Group 5  
├── (high_strain) Ca0.05Fe1Bi0.95O2.9751_186580                 Rwp: 54.97% | Strain: -3.97% | Group 6  
├── (high_strain) TiC_1011320                                   Rwp: 58.20% | Strain: -2.54% | Group 7  
├── (high_strain) NiO_1010093                                   Rwp: 60.11% | Strain: -5.0% | Group 8  
└── (high_strain) Cr_1534885                                    Rwp: 60.69% | Strain: -100.0% | Group 9  

[36m(_remote_expand_node pid=2224165)[0m Task was cancelled remotely. Returning current state.
[36m(_remote_expand_node pid=2224661)[0m 2026-02-08 23:42:57,867 INFO dara.search.tree Early stopping triggered at node 112cf7c6-057a-11f1-97d5-6805cae19192 with phases ['Li2CO3_100324', 'Li3PO4_9012500']
    Saved DARA refined plot to /work/hdd/bffm/xtong1/ref_200_conserv/results/evaluation/dara_refined_plots/Li2CO3_Li3PO4_refined.html
Refinement result: {'Li2CO3_100324': np.float64(0.8051906309302255), 'Li3PO4_9012500': np.float64(0.1948093690697746)}
DARA refinement result: Rwp=9.97%, Max False Peak Relative Intensity=0.0035
    Recall: 1.0000, Precision: 1.0000, F1: 1.0000
    Time taken: 68.80 seconds

========================================
Processing pattern: LiOH_TiO2
    Running DARA refinement on 7 candidate phases...

DARA Iteration 1: Refining 7 phases: ['LiOH_1010301', 'TiO2_121632', 'MnF2_14142', 'DyInCu2_102877', 'MnOOH_1011012', 'Li2CO3_100324', 'Gd2Co12P7_623390']
2026-02-08 23:42:58,450 INFO dara.search.tree Detecting peaks in the pattern.
EFLECH run time: 2.604597568511963 seconds
2026-02-08 23:43:01,086 INFO dara.search.tree The wmax is automatically adjusted to 64.0.
2026-02-08 23:43:01,087 INFO dara.search.tree The intensity threshold is automatically set to 10.00 % of maximum peak intensity.
2026-02-08 23:43:01,087 INFO dara.search.tree Creating the root node.
2026-02-08 23:43:01,087 INFO dara.search.tree Refining all the phases in the dataset.
2026-02-08 23:43:06,622 INFO dara.search.tree Finished refining 7 phases, with 0 phases removed.
2026-02-08 23:43:06,622 INFO dara.search.tree Express mode is enabled. Grouping phases before starting.
2026-02-08 23:43:06,851 INFO dara.search.tree Phases are grouped into 7 groups. Pinned phases were included to mask duplicate candidates.
[36m(_remote_expand_node pid=2226900)[0m 2026-02-08 23:43:07,403 INFO dara.search.tree Expanding node 3228c068-057a-11f1-9018-6805cae19192 with current phases [], Rwp = None
[36m(_remote_expand_node pid=2228007)[0m 2026-02-08 23:42:57,590 INFO dara.search.tree Race condition avoided: ['BaAu2_181532', 'CoSO4_1528825', 'BaTiO3_1507756'] is already being processed by another worker.[32m [repeated 9x across cluster][0m
[36m(_remote_expand_node pid=2226900)[0m 2026-02-08 23:42:55,753 INFO dara.search.tree Overfitting detected for ['Li3PO4_9012500', 'Mn2InSnPd4_51990', 'Li2CO3_100324']
[36m(_remote_expand_node pid=2226900)[0m 2026-02-08 23:42:55,753 INFO dara.search.tree Rpb improvement: 61.910000000000004, lattice strain: 0.0024486423089759477
[36m(_remote_expand_node pid=2224165)[0m 2026-02-08 23:42:56,426 INFO dara.search.tree Expanding node 25098ca0-057a-11f1-a86b-6805cae19192 with current phases ['BaAu2_181532', 'BaTiO3_1507756'], Rwp = 49.38[32m [repeated 2x across cluster][0m
[36m(_remote_expand_node pid=2228007)[0m Task was cancelled remotely. Returning current state.
Search tree:
Root 
├── ([32mexpanded[39m[26m) TiO2_121632                                      Rwp: 25.12% | Strain: 0.04% | Group 0  
│   ├── (no_improvement) MnF2_14142                                 Rwp: 24.48% | Strain: 1.87% | Group 0  
│   └── (no_improvement) DyInCu2_102877                             Rwp: 25.10% | Strain: 1.47% | Group 1  
├── (high_strain) MnF2_14142                                    Rwp: 55.38% | Strain: 2.56% | Group 1  
└── (high_strain) DyInCu2_102877                                Rwp: 56.98% | Strain: 5.0% | Group 2  

    Saved DARA refined plot to /work/hdd/bffm/xtong1/ref_200_conserv/results/evaluation/dara_refined_plots/LiOH_TiO2_refined.html
Refinement result: {'TiO2_121632': np.float64(1.0)}
DARA refinement result: Rwp=25.12%, Max False Peak Relative Intensity=0.0139
    Recall: 0.5000, Precision: 1.0000, F1: 0.6667
    Time taken: 11.81 seconds

========================================
Processing pattern: Li2CO3_TiO2
    Running DARA refinement on 11 candidate phases...

DARA Iteration 1: Refining 11 phases: ['Li2CO3_100324', 'TiO2_121632', 'Er(Al2Mo)2_607414', 'DyInCu2_102877', 'TaGeRh_421092', 'CdHg2_58982', 'Zr_1534901', 'Bk_292005', 'SrAgBi_57019', 'Mn2InSnPd4_51990', 'Cs2Tb6Te7N2_419405']
2026-02-08 23:43:10,260 INFO dara.search.tree Detecting peaks in the pattern.
EFLECH run time: 2.283416271209717 seconds
2026-02-08 23:43:12,575 INFO dara.search.tree The wmax is automatically adjusted to 56.34.
2026-02-08 23:43:12,575 INFO dara.search.tree The intensity threshold is automatically set to 9.10 % of maximum peak intensity.
2026-02-08 23:43:12,575 INFO dara.search.tree Creating the root node.
2026-02-08 23:43:12,575 INFO dara.search.tree Refining all the phases in the dataset.
2026-02-08 23:43:14,832 INFO dara.search.tree Finished refining 11 phases, with 1 phases removed.
2026-02-08 23:43:14,832 INFO dara.search.tree Express mode is enabled. Grouping phases before starting.
2026-02-08 23:43:15,244 INFO dara.search.tree Phases are grouped into 10 groups. Pinned phases were included to mask duplicate candidates.
[36m(_remote_expand_node pid=2226900)[0m 2026-02-08 23:43:15,807 INFO dara.search.tree Expanding node 3901b2fa-057a-11f1-9018-6805cae19192 with current phases [], Rwp = None
[36m(_remote_expand_node pid=2226900)[0m 2026-02-08 23:43:08,765 INFO dara.search.tree Expanding node 36b83af0-057a-11f1-a626-6805cae19192 with current phases ['TiO2_121632'], Rwp = 25.12
[36m(_remote_expand_node pid=2226900)[0m 2026-02-08 23:43:19,225 INFO dara.search.tree Expanding node 3cf0b03c-057a-11f1-a626-6805cae19192 with current phases ['Li2CO3_100324'], Rwp = 56.74
[36m(_remote_expand_node pid=2228775)[0m 2026-02-08 23:43:19,305 INFO dara.search.tree Race condition avoided: ['Mn2InSnPd4_51990', 'Li2CO3_100324'] is already being processed by another worker.
[36m(_remote_expand_node pid=2228775)[0m 2026-02-08 23:43:19,307 INFO dara.search.tree Race condition avoided: ['Mn2InSnPd4_51990', 'TiO2_121632'] is already being processed by another worker.
[36m(_remote_expand_node pid=2229865)[0m 2026-02-08 23:43:25,645 INFO dara.search.tree Expanding node 3cf26300-057a-11f1-a626-6805cae19192 with current phases ['SrAgBi_57019'], Rwp = 63.63[32m [repeated 4x across cluster][0m
[36m(_remote_expand_node pid=2228776)[0m 2026-02-08 23:43:22,163 INFO dara.search.tree Race condition avoided: ['CdHg2_58982', 'Mn2InSnPd4_51990'] is already being processed by another worker.[32m [repeated 4x across cluster][0m
[36m(_remote_expand_node pid=2229864)[0m 2026-02-08 23:43:31,850 INFO dara.search.tree Overfitting detected for ['Zr_1534901', 'TaGeRh_421092']
[36m(_remote_expand_node pid=2229864)[0m 2026-02-08 23:43:31,850 INFO dara.search.tree Rpb improvement: 5.930000000000007, lattice strain: -0.020243310597070064
[36m(_remote_expand_node pid=2226900)[0m 2026-02-08 23:43:29,633 INFO dara.search.tree Expanding node 40c36858-057a-11f1-8bc3-6805cae19192 with current phases ['CdHg2_58982', 'DyInCu2_102877'], Rwp = 59.81[32m [repeated 3x across cluster][0m
[36m(_remote_expand_node pid=2229865)[0m 2026-02-08 23:43:29,712 INFO dara.search.tree Race condition avoided: ['SrAgBi_57019', 'Zr_1534901'] is already being processed by another worker.[32m [repeated 15x across cluster][0m
[36m(_remote_expand_node pid=2229865)[0m 2026-02-08 23:43:35,343 INFO dara.search.tree Overfitting detected for ['SrAgBi_57019', 'TaGeRh_421092'][32m [repeated 2x across cluster][0m
[36m(_remote_expand_node pid=2229865)[0m 2026-02-08 23:43:35,343 INFO dara.search.tree Rpb improvement: 5.6200000000000045, lattice strain: -0.021211002419509403[32m [repeated 2x across cluster][0m
[36m(_remote_expand_node pid=2229864)[0m 2026-02-08 23:43:36,874 INFO dara.search.tree Expanding node 424ac6d0-057a-11f1-a626-6805cae19192 with current phases ['Li2CO3_100324', 'CdHg2_58982'], Rwp = 56.04[32m [repeated 3x across cluster][0m
[36m(_remote_expand_node pid=2229719)[0m 2026-02-08 23:43:35,251 INFO dara.search.tree Race condition avoided: ['Li2CO3_100324', 'TaGeRh_421092', 'TiO2_121632'] is already being processed by another worker.
[36m(_remote_expand_node pid=2229864)[0m 2026-02-08 23:43:37,382 INFO dara.search.tree Race condition avoided: ['Li2CO3_100324', 'CdHg2_58982', 'TaGeRh_421092'] is already being processed by another worker.
[36m(_remote_expand_node pid=2229864)[0m 2026-02-08 23:43:37,385 INFO dara.search.tree Race condition avoided: ['Li2CO3_100324', 'CdHg2_58982', 'TiO2_121632'] is already being processed by another worker.
[36m(_remote_expand_node pid=2229864)[0m 2026-02-08 23:43:37,388 INFO dara.search.tree Race condition avoided: ['Li2CO3_100324', 'CdHg2_58982', 'DyInCu2_102877'] is already being processed by another worker.
Search tree:
Root 
├── ([32mexpanded[39m[26m) Li2CO3_100324                                    Rwp: 56.74% | Strain: 0.25% | Group 0  
│   ├── ([32mexpanded[39m[26m) TiO2_121632                                      Rwp: 18.80% | Strain: 0.08% | Group 0  
│   │   ├── (no_improvement) TaGeRh_421092                              Rwp: 18.51% | Strain: 1.28% | Group 0  
│   │   ├── (no_improvement) Mn2InSnPd4_51990                           Rwp: 18.77% | Strain: 1.03% | Group 1  
│   │   ├── (no_improvement) CdHg2_58982                                Rwp: 18.51% | Strain: -0.01% | Group 2  
│   │   ├── (no_improvement) SrAgBi_57019                               Rwp: 18.80% | Strain: 0.0% | Group 3  
│   │   ├── (no_improvement) Er(Al2Mo)2_607414                          Rwp: 18.77% | Strain: 0.7% | Group 4  
│   │   ├── (no_improvement) DyInCu2_102877                             Rwp: 18.79% | Strain: 1.53% | Group 5  
│   │   └── (no_improvement) Zr_1534901                                 Rwp: 18.80% | Strain: 0.0% | Group 6  
│   ├── ([32mexpanded[39m[26m) TaGeRh_421092                                    Rwp: 55.76% | Strain: 1.7% | Group 1  
│   │   ├── (no_improvement) Mn2InSnPd4_51990                           Rwp: 55.69% | Strain: 1.1% | Group 0  
│   │   ├── (no_improvement) CdHg2_58982                                Rwp: 55.24% | Strain: 0.19% | Group 1  
│   │   ├── (no_improvement) DyInCu2_102877                             Rwp: 55.44% | Strain: 0.36% | Group 2  
│   │   └── (no_improvement) Zr_1534901                                 Rwp: 55.74% | Strain: 1.15% | Group 3  
│   ├── (no_improvement) Mn2InSnPd4_51990                           Rwp: 56.72% | Strain: 1.12% | Group 2  
│   ├── (no_improvement) SrAgBi_57019                               Rwp: 56.64% | Strain: 0.22% | Group 3  
│   ├── ([32mexpanded[39m[26m) CdHg2_58982                                      Rwp: 56.04% | Strain: 0.25% | Group 4  
│   │   ├── (no_improvement) SrAgBi_57019                               Rwp: 55.88% | Strain: 0.24% | Group 0  
│   │   ├── (no_improvement) Mn2InSnPd4_51990                           Rwp: 56.02% | Strain: 1.1% | Group 1  
│   │   └── (overfitting) Er(Al2Mo)2_607414                             Rwp: 55.63% | Strain: 0.59% | Group 2  
│   ├── (no_improvement) DyInCu2_102877                             Rwp: 56.26% | Strain: 0.21% | Group 5  
│   ├── ([32mexpanded[39m[26m) Er(Al2Mo)2_607414                                Rwp: 55.96% | Strain: 0.61% | Group 6  
│   │   ├── ([32mexpanded[39m[26m) TaGeRh_421092                                    Rwp: 55.13% | Strain: 1.74% | Group 0  
│   │   │   └── (overfitting) TiO2_121632                                   Rwp: 18.53% | Strain: 0.08% | Group 0  
│   │   └── (overfitting) Mn2InSnPd4_51990                              Rwp: 55.90% | Strain: 1.15% | Group 1  
│   └── (no_improvement) Zr_1534901                                 Rwp: 56.74% | Strain: 0.0% | Group 7  
├── ([32mexpanded[39m[26m) TiO2_121632                                      Rwp: 35.32% | Strain: 0.07% | Group 1  
│   ├── (no_improvement) TaGeRh_421092                              Rwp: 34.93% | Strain: 1.22% | Group 0  
│   ├── (no_improvement) Mn2InSnPd4_51990                           Rwp: 34.71% | Strain: 0.94% | Group 1  
│   ├── (no_improvement) CdHg2_58982                                Rwp: 34.73% | Strain: 0.24% | Group 2  
│   ├── (no_improvement) SrAgBi_57019                               Rwp: 34.89% | Strain: 0.84% | Group 3  
│   ├── (no_improvement) Er(Al2Mo)2_607414                          Rwp: 35.14% | Strain: 0.55% | Group 4  
│   ├── (no_improvement) DyInCu2_102877                             Rwp: 35.32% | Strain: 0.0% | Group 5  
│   └── (no_improvement) Zr_1534901                                 Rwp: 34.19% | Strain: 1.02% | Group 6  
├── (high_strain) TaGeRh_421092                                 Rwp: 61.89% | Strain: -2.13% | Group 2  
├── ([32mexpanded[39m[26m) Mn2InSnPd4_51990                                 Rwp: 63.86% | Strain: -1.44% | Group 3  
│   └── (overfitting) TaGeRh_421092                                 Rwp: 61.47% | Strain: -2.07% | Group 0  
├── ([32mexpanded[39m[26m) CdHg2_58982                                      Rwp: 62.61% | Strain: -1.75% | Group 4  
│   ├── (high_strain) TaGeRh_421092                                 Rwp: 60.85% | Strain: -2.14% | Group 0  
│   ├── (no_improvement) SrAgBi_57019                               Rwp: 61.96% | Strain: -1.48% | Group 1  
│   ├── (no_improvement) Er(Al2Mo)2_607414                          Rwp: 62.41% | Strain: -1.01% | Group 2  
│   ├── ([32mexpanded[39m[26m) DyInCu2_102877                                   Rwp: 59.81% | Strain: -0.38% | Group 3  
│   │   └── (overfitting) Li2CO3_100324                                 Rwp: 56.04% | Strain: 0.23% | Group 0  
│   └── (no_improvement) Zr_1534901                                 Rwp: 62.06% | Strain: -1.04% | Group 4  
├── ([32mexpanded[39m[26m) SrAgBi_57019                                     Rwp: 63.63% | Strain: -1.17% | Group 5  
│   └── (overfitting) TaGeRh_421092                                 Rwp: 61.35% | Strain: -2.12% | Group 0  
├── ([32mexpanded[39m[26m) Er(Al2Mo)2_607414                                Rwp: 63.13% | Strain: 0.73% | Group 6  
│   ├── (no_improvement) TaGeRh_421092                              Rwp: 62.36% | Strain: 1.17% | Group 0  
│   ├── (no_improvement) SrAgBi_57019                               Rwp: 62.52% | Strain: 0.78% | Group 1  
│   ├── (high_strain) DyInCu2_102877                                Rwp: 62.40% | Strain: 4.06% | Group 2  
│   └── (no_improvement) Zr_1534901                                 Rwp: 62.90% | Strain: 1.06% | Group 3  
├── (high_strain) DyInCu2_102877                                Rwp: 63.54% | Strain: 3.11% | Group 7  
└── ([32mexpanded[39m[26m) Zr_1534901                                       Rwp: 63.64% | Strain: 0.33% | Group 8  
    └── (overfitting) TaGeRh_421092                                 Rwp: 61.36% | Strain: -2.02% | Group 0  

[36m(_remote_expand_node pid=2226900)[0m 2026-02-08 23:43:43,729 INFO dara.search.tree Overfitting detected for ['Li2CO3_100324', 'Er(Al2Mo)2_607414', 'TaGeRh_421092', 'TiO2_121632'][32m [repeated 4x across cluster][0m
[36m(_remote_expand_node pid=2226900)[0m 2026-02-08 23:43:43,729 INFO dara.search.tree Rpb improvement: 48.71000000000001, lattice strain: 0.0008188057722905068[32m [repeated 4x across cluster][0m
[36m(_remote_expand_node pid=2226900)[0m 2026-02-08 23:43:41,186 INFO dara.search.tree Expanding node 4a0affa2-057a-11f1-a626-6805cae19192 with current phases ['Li2CO3_100324', 'Er(Al2Mo)2_607414', 'TaGeRh_421092'], Rwp = 55.13[32m [repeated 2x across cluster][0m
[36m(_remote_expand_node pid=2226900)[0m 2026-02-08 23:43:38,852 INFO dara.search.tree Race condition avoided: ['Li2CO3_100324', 'Er(Al2Mo)2_607414', 'CdHg2_58982'] is already being processed by another worker.[32m [repeated 2x across cluster][0m
    Saved DARA refined plot to /work/hdd/bffm/xtong1/ref_200_conserv/results/evaluation/dara_refined_plots/Li2CO3_TiO2_refined.html
Refinement result: {'TiO2_121632': np.float64(0.5662404148937058), 'Li2CO3_100324': np.float64(0.4337595851062943)}
DARA refinement result: Rwp=18.80%, Max False Peak Relative Intensity=0.0063
    Recall: 1.0000, Precision: 1.0000, F1: 1.0000
    Time taken: 34.00 seconds

========================================
Processing pattern: MnF2_TiO2
    Running DARA refinement on 6 candidate phases...

DARA Iteration 1: Refining 6 phases: ['TiO2_121632', 'MnF2_14142', 'DySnPd2_103349', 'Mn2O3_1514106', 'Er3TlC_76824', 'In4.8Te8Au1.06_121190']
2026-02-08 23:43:44,237 INFO dara.search.tree Detecting peaks in the pattern.
EFLECH run time: 3.531013011932373 seconds
2026-02-08 23:43:47,801 INFO dara.search.tree The wmax is automatically adjusted to 63.69.
2026-02-08 23:43:47,801 INFO dara.search.tree The intensity threshold is automatically set to 10.00 % of maximum peak intensity.
2026-02-08 23:43:47,801 INFO dara.search.tree Creating the root node.
2026-02-08 23:43:47,801 INFO dara.search.tree Refining all the phases in the dataset.
2026-02-08 23:43:49,953 INFO dara.search.tree Finished refining 6 phases, with 0 phases removed.
2026-02-08 23:43:49,953 INFO dara.search.tree Express mode is enabled. Grouping phases before starting.
2026-02-08 23:43:50,185 INFO dara.search.tree Phases are grouped into 6 groups. Pinned phases were included to mask duplicate candidates.
[36m(_remote_expand_node pid=2229864)[0m 2026-02-08 23:43:50,888 INFO dara.search.tree Expanding node 4e00c3c6-057a-11f1-9018-6805cae19192 with current phases [], Rwp = None
[36m(_remote_expand_node pid=2226900)[0m 2026-02-08 23:43:55,282 INFO dara.search.tree Expanding node 5270d3ec-057a-11f1-b200-6805cae19192 with current phases ['TiO2_121632'], Rwp = 14.31
[36m(_remote_expand_node pid=2231370)[0m 2026-02-08 23:43:55,320 INFO dara.search.tree Race condition avoided: ['MnF2_14142', 'Er3TlC_76824'] is already being processed by another worker.
[36m(_remote_expand_node pid=2231370)[0m 2026-02-08 23:44:00,230 INFO dara.search.tree Overfitting detected for ['MnF2_14142', 'DySnPd2_103349', 'TiO2_121632']
[36m(_remote_expand_node pid=2231370)[0m 2026-02-08 23:44:00,230 INFO dara.search.tree Rpb improvement: 26.39, lattice strain: 0.0002902333563936583
[36m(_remote_expand_node pid=2231370)[0m 2026-02-08 23:43:58,665 INFO dara.search.tree Expanding node 547624f8-057a-11f1-9475-6805cae19192 with current phases ['MnF2_14142', 'DySnPd2_103349'], Rwp = 10.13[32m [repeated 4x across cluster][0m
[36m(_remote_expand_node pid=2226900)[0m 2026-02-08 23:43:58,093 INFO dara.search.tree Race condition avoided: ['TiO2_121632', 'MnF2_14142'] is already being processed by another worker.[32m [repeated 2x across cluster][0m
Search tree:
Root 
├── ([32mexpanded[39m[26m) Er3TlC_76824                                     Rwp: 17.43% | Strain: 1.24% | Group 0  
│   └── (overfitting) MnF2_14142                                    Rwp: 10.75% | Strain: -0.04% | Group 0  
├── ([32mexpanded[39m[26m) MnF2_14142                                       Rwp: 10.76% | Strain: -0.05% | Group 1  
│   ├── ([32mexpanded[39m[26m) DySnPd2_103349                                   Rwp: 10.13% | Strain: -0.02% | Group 0  
│   │   ├── (no_improvement) Er3TlC_76824                               Rwp: 10.12% | Strain: -0.14% | Group 0  
│   │   └── (overfitting) TiO2_121632                                   Rwp: 4.38% | Strain: 0.03% | Group 1  
│   └── ([32mexpanded[39m[26m) TiO2_121632                                      Rwp: 4.41% | Strain: 0.04% | Group 1  
├── (high_strain) DySnPd2_103349                                Rwp: 18.27% | Strain: -3.15% | Group 2  
└── ([32mexpanded[39m[26m) TiO2_121632                                      Rwp: 14.31% | Strain: 1.81% | Group 3  
    └── (high_strain) DySnPd2_103349                                Rwp: 14.11% | Strain: 2.42% | Group 0  

    Saved DARA refined plot to /work/hdd/bffm/xtong1/ref_200_conserv/results/evaluation/dara_refined_plots/MnF2_TiO2_refined.html
Refinement result: {'MnF2_14142': np.float64(0.5044765740229901), 'TiO2_121632': np.float64(0.49552342597701)}
DARA refinement result: Rwp=4.41%, Max False Peak Relative Intensity=0.0208
    Recall: 1.0000, Precision: 1.0000, F1: 1.0000
    Time taken: 16.99 seconds

========================================
Processing pattern: LiAlSi2O6
    Running DARA refinement on 11 candidate phases...

DARA Iteration 1: Refining 11 phases: ['LiAlSi2O6_2003129', 'Li2CO3_100324', 'K8Ge43.684_238335', 'DyInCu2_102877', 'V2O5_124838', 'SrAgBi_57019', 'MnO_1010393', 'C2SN2_14340', 'Ba6Ti5.25Fe0.75O17.52_50856', 'CoAl2O4_9005203', 'SrH2C2O5_117360']
2026-02-08 23:44:01,258 INFO dara.search.tree Detecting peaks in the pattern.
EFLECH run time: 2.8517866134643555 seconds
2026-02-08 23:44:04,142 INFO dara.search.tree The wmax is automatically adjusted to 60.1.
2026-02-08 23:44:04,143 INFO dara.search.tree The intensity threshold is automatically set to 6.69 % of maximum peak intensity.
2026-02-08 23:44:04,143 INFO dara.search.tree Creating the root node.
2026-02-08 23:44:04,143 INFO dara.search.tree Refining all the phases in the dataset.
2026-02-08 23:44:07,142 INFO dara.search.tree Finished refining 11 phases, with 1 phases removed.
2026-02-08 23:44:07,142 INFO dara.search.tree Express mode is enabled. Grouping phases before starting.
2026-02-08 23:44:07,654 INFO dara.search.tree Phases are grouped into 10 groups. Pinned phases were included to mask duplicate candidates.
[36m(_remote_expand_node pid=2229864)[0m 2026-02-08 23:44:08,295 INFO dara.search.tree Expanding node 57be41ea-057a-11f1-9018-6805cae19192 with current phases [], Rwp = None
[36m(_remote_expand_node pid=2229864)[0m 2026-02-08 23:44:00,314 INFO dara.search.tree Overfitting detected for ['Er3TlC_76824', 'MnF2_14142']
[36m(_remote_expand_node pid=2229864)[0m 2026-02-08 23:44:00,314 INFO dara.search.tree Rpb improvement: 28.200000000000003, lattice strain: -0.0004474750474040983
[36m(_remote_expand_node pid=2226900)[0m 2026-02-08 23:44:12,002 INFO dara.search.tree Expanding node 5c649438-057a-11f1-b200-6805cae19192 with current phases ['CoAl2O4_9005203'], Rwp = 68.2
[36m(_remote_expand_node pid=2226900)[0m 2026-02-08 23:44:12,062 INFO dara.search.tree Race condition avoided: ['CoAl2O4_9005203', 'LiAlSi2O6_2003129'] is already being processed by another worker.
[36m(_remote_expand_node pid=2226900)[0m 2026-02-08 23:44:12,063 INFO dara.search.tree Race condition avoided: ['CoAl2O4_9005203', 'Ba6Ti5.25Fe0.75O17.52_50856'] is already being processed by another worker.
[36m(_remote_expand_node pid=2226900)[0m 2026-02-08 23:44:18,600 INFO dara.search.tree Overfitting detected for ['CoAl2O4_9005203', 'DyInCu2_102877']
[36m(_remote_expand_node pid=2226900)[0m 2026-02-08 23:44:18,601 INFO dara.search.tree Rpb improvement: 0.7800000000000011, lattice strain: -0.0036402244805095675
[36m(_remote_expand_node pid=2231529)[0m 2026-02-08 23:44:12,018 INFO dara.search.tree Expanding node 5c64ea64-057a-11f1-b200-6805cae19192 with current phases ['DyInCu2_102877'], Rwp = 68.47[32m [repeated 3x across cluster][0m
[36m(_remote_expand_node pid=2231529)[0m 2026-02-08 23:44:16,635 INFO dara.search.tree Race condition avoided: ['DyInCu2_102877', 'CoAl2O4_9005203'] is already being processed by another worker.[32m [repeated 4x across cluster][0m
Search tree:
Root 
├── ([32mexpanded[39m[26m) LiAlSi2O6_2003129                                Rwp: 37.89% | Strain: 0.31% | Group 0  
│   ├── (high_strain) Ba6Ti5.25Fe0.75O17.52_50856                   Rwp: 37.84% | Strain: -4.31% | Group 0  
│   ├── (no_improvement) CoAl2O4_9005203                            Rwp: 37.89% | Strain: 0.0% | Group 1  
│   ├── (no_improvement) DyInCu2_102877                             Rwp: 37.89% | Strain: 0.0% | Group 2  
│   └── (no_improvement) MnO_1010393                                Rwp: 37.71% | Strain: 1.04% | Group 3  
├── ([32mexpanded[39m[26m) Ba6Ti5.25Fe0.75O17.52_50856                      Rwp: 64.95% | Strain: -1.96% | Group 1  
│   ├── (high_strain) CoAl2O4_9005203                               Rwp: 64.79% | Strain: -2.39% | Group 0  
│   ├── (no_improvement) DyInCu2_102877                             Rwp: 64.76% | Strain: -1.48% | Group 1  
│   └── (no_improvement) MnO_1010393                                Rwp: 64.84% | Strain: -1.58% | Group 2  
├── ([32mexpanded[39m[26m) CoAl2O4_9005203                                  Rwp: 68.20% | Strain: 0.89% | Group 2  
│   └── (overfitting) DyInCu2_102877                                Rwp: 67.99% | Strain: -0.36% | Group 0  
├── ([32mexpanded[39m[26m) DyInCu2_102877                                   Rwp: 68.47% | Strain: -0.47% | Group 3  
│   └── (overfitting) SrAgBi_57019                                  Rwp: 67.45% | Strain: -1.15% | Group 0  
└── ([32mexpanded[39m[26m) MnO_1010393                                      Rwp: 68.50% | Strain: 0.67% | Group 4  

    Saved DARA refined plot to /work/hdd/bffm/xtong1/ref_200_conserv/results/evaluation/dara_refined_plots/LiAlSi2O6_refined.html
Refinement result: {'LiAlSi2O6_2003129': np.float64(1.0)}
DARA refinement result: Rwp=37.89%, Max False Peak Relative Intensity=0.0860
    Recall: 1.0000, Precision: 1.0000, F1: 1.0000
    Time taken: 18.47 seconds

========================================
Processing pattern: TiO2_MnO_LiF_Li2O
    Running DARA refinement on 11 candidate phases...

DARA Iteration 1: Refining 11 phases: ['LiF_1010990', 'MnO_1010393', 'TiC_1011320', 'ZrNi2Sn_105383', 'In4.8Te8Au1.06_121190', 'TiO2_121632', 'DyInCu2_102877', 'In_1538014', 'NiO_1010093', 'Li2O_108886', 'Gd2Co12P7_623390']
2026-02-08 23:44:19,760 INFO dara.search.tree Detecting peaks in the pattern.
EFLECH run time: 3.4102365970611572 seconds
2026-02-08 23:44:23,204 INFO dara.search.tree The wmax is automatically adjusted to 56.27.
2026-02-08 23:44:23,204 INFO dara.search.tree The intensity threshold is automatically set to 9.11 % of maximum peak intensity.
2026-02-08 23:44:23,204 INFO dara.search.tree Creating the root node.
2026-02-08 23:44:23,204 INFO dara.search.tree Refining all the phases in the dataset.
2026-02-08 23:44:25,965 INFO dara.search.tree Finished refining 11 phases, with 1 phases removed.
2026-02-08 23:44:25,966 INFO dara.search.tree Express mode is enabled. Grouping phases before starting.
2026-02-08 23:44:26,624 INFO dara.search.tree Phases are grouped into 9 groups. Pinned phases were included to mask duplicate candidates.
[36m(_remote_expand_node pid=2232528)[0m 2026-02-08 23:44:27,240 INFO dara.search.tree Expanding node 631ad4e0-057a-11f1-9018-6805cae19192 with current phases [], Rwp = None
[36m(_remote_expand_node pid=2231529)[0m 2026-02-08 23:44:19,234 INFO dara.search.tree Overfitting detected for ['DyInCu2_102877', 'SrAgBi_57019']
[36m(_remote_expand_node pid=2231529)[0m 2026-02-08 23:44:19,234 INFO dara.search.tree Rpb improvement: 2.6200000000000045, lattice strain: -0.011498496035001476
[36m(_remote_expand_node pid=2229864)[0m 2026-02-08 23:44:18,611 INFO dara.search.tree Expanding node 5c653e42-057a-11f1-b200-6805cae19192 with current phases ['MnO_1010393'], Rwp = 68.5
[36m(_remote_expand_node pid=2229864)[0m 2026-02-08 23:44:18,665 INFO dara.search.tree Race condition avoided: ['MnO_1010393', 'DyInCu2_102877'] is already being processed by another worker.[32m [repeated 4x across cluster][0m
[36m(_remote_expand_node pid=2231370)[0m 2026-02-08 23:44:30,918 INFO dara.search.tree Expanding node 67aaf7e2-057a-11f1-9d4c-6805cae19192 with current phases ['MnO_1010393'], Rwp = 86.59
[36m(_remote_expand_node pid=2231370)[0m 2026-02-08 23:44:34,854 INFO dara.search.tree Race condition avoided: ['MnO_1010393', 'ZrNi2Sn_105383'] is already being processed by another worker.[32m [repeated 4x across cluster][0m
[36m(_remote_expand_node pid=2233661)[0m 2026-02-08 23:44:37,060 INFO dara.search.tree Expanding node 67ab3f04-057a-11f1-9d4c-6805cae19192 with current phases ['LiF_1010990'], Rwp = 93.47[32m [repeated 4x across cluster][0m
[36m(_remote_expand_node pid=2232698)[0m 2026-02-08 23:44:39,797 INFO dara.search.tree Overfitting detected for ['ZrNi2Sn_105383', 'In4.8Te8Au1.06_121190']
[36m(_remote_expand_node pid=2232698)[0m 2026-02-08 23:44:39,797 INFO dara.search.tree Rpb improvement: 16.03, lattice strain: 0.041842725470591945
[36m(_remote_expand_node pid=2233661)[0m 2026-02-08 23:44:38,623 INFO dara.search.tree Race condition avoided: ['LiF_1010990', 'MnO_1010393'] is already being processed by another worker.[32m [repeated 6x across cluster][0m
[36m(_remote_expand_node pid=2232528)[0m 2026-02-08 23:44:41,444 INFO dara.search.tree Expanding node 6c4afeaa-057a-11f1-9d4c-6805cae19192 with current phases ['TiO2_121632', 'MnO_1010393'], Rwp = 38.79[32m [repeated 2x across cluster][0m
Search tree:
Root 
├── (high_strain) In4.8Te8Au1.06_121190                         Rwp: 86.09% | Strain: 4.18% | Group 0  
├── ([32mexpanded[39m[26m) TiO2_121632                                      Rwp: 58.13% | Strain: -0.22% | Group 1  
│   ├── (no_improvement) In4.8Te8Au1.06_121190                      Rwp: 56.83% | Strain: 0.7% | Group 0  
│   ├── (no_improvement) In_1538014                                 Rwp: 57.80% | Strain: 0.72% | Group 1  
│   ├── (no_improvement) ZrNi2Sn_105383                             Rwp: 57.85% | Strain: 0.02% | Group 2  
│   ├── ([32mexpanded[39m[26m) MnO_1010393                                      Rwp: 38.79% | Strain: 0.53% | Group 3  
│   │   ├── (no_improvement) In4.8Te8Au1.06_121190                      Rwp: 38.79% | Strain: 0.0% | Group 0  
│   │   ├── (no_improvement) In_1538014                                 Rwp: 38.38% | Strain: 0.75% | Group 1  
│   │   ├── (no_improvement) ZrNi2Sn_105383                             Rwp: 38.79% | Strain: 0.0% | Group 2  
│   │   └── (no_improvement) TiC_1011320                                Rwp: 36.87% | Strain: 0.33% | Group 3  
│   ├── ([32mexpanded[39m[26m) LiF_1010990                                      Rwp: 54.27% | Strain: -0.28% | Group 4  
│   │   ├── (no_improvement) In4.8Te8Au1.06_121190                      Rwp: 53.05% | Strain: 0.69% | Group 0  
│   │   ├── (no_improvement) In_1538014                                 Rwp: 54.00% | Strain: 0.71% | Group 1  
│   │   ├── (no_improvement) ZrNi2Sn_105383                             Rwp: 53.97% | Strain: 0.03% | Group 2  
│   │   └── (no_improvement) TiC_1011320                                Rwp: 53.35% | Strain: 0.2% | Group 3  
│   └── (no_improvement) TiC_1011320                                Rwp: 56.68% | Strain: 0.32% | Group 5  
├── ([32mexpanded[39m[26m) In_1538014                                       Rwp: 97.05% | Strain: 0.63% | Group 2  
│   └── (overfitting) In4.8Te8Au1.06_121190                         Rwp: 85.99% | Strain: 4.18% | Group 0  
├── ([32mexpanded[39m[26m) ZrNi2Sn_105383                                   Rwp: 96.89% | Strain: 0.51% | Group 3  
│   └── (overfitting) In4.8Te8Au1.06_121190                         Rwp: 86.09% | Strain: 4.18% | Group 0  
├── ([32mexpanded[39m[26m) MnO_1010393                                      Rwp: 86.59% | Strain: 0.7% | Group 4  
│   ├── (no_improvement) In4.8Te8Au1.06_121190                      Rwp: 86.13% | Strain: 1.64% | Group 0  
│   ├── ([32mexpanded[39m[26m) LiF_1010990                                      Rwp: 82.49% | Strain: -0.22% | Group 1  
│   │   ├── (no_improvement) In4.8Te8Au1.06_121190                      Rwp: 82.31% | Strain: 0.45% | Group 0  
│   │   ├── ([32mexpanded[39m[26m) TiO2_121632                                      Rwp: 33.09% | Strain: -0.21% | Group 1  
│   │   │   ├── (no_improvement) In4.8Te8Au1.06_121190                      Rwp: 33.09% | Strain: 0.0% | Group 0  
│   │   │   ├── (no_improvement) In_1538014                                 Rwp: 32.74% | Strain: 0.73% | Group 1  
│   │   │   ├── (no_improvement) ZrNi2Sn_105383                             Rwp: 33.09% | Strain: 0.0% | Group 2  
│   │   │   └── (no_improvement) TiC_1011320                                Rwp: 31.71% | Strain: 0.22% | Group 3  
│   │   ├── (no_improvement) In_1538014                                 Rwp: 82.25% | Strain: 0.74% | Group 2  
│   │   ├── (no_improvement) ZrNi2Sn_105383                             Rwp: 82.47% | Strain: 0.29% | Group 3  
│   │   └── (no_improvement) TiC_1011320                                Rwp: 81.86% | Strain: 0.29% | Group 4  
│   └── (no_improvement) TiC_1011320                                Rwp: 85.12% | Strain: 1.15% | Group 2  
├── ([32mexpanded[39m[26m) LiF_1010990                                      Rwp: 93.47% | Strain: -0.7% | Group 5  
│   ├── (no_improvement) In4.8Te8Au1.06_121190                      Rwp: 92.10% | Strain: 1.05% | Group 0  
│   └── (no_improvement) TiC_1011320                                Rwp: 92.82% | Strain: -0.22% | Group 1  
└── (high_strain) TiC_1011320                                   Rwp: 94.48% | Strain: 5.0% | Group 6  

    Saved DARA refined plot to /work/hdd/bffm/xtong1/ref_200_conserv/results/evaluation/dara_refined_plots/TiO2_MnO_LiF_Li2O_refined.html
Refinement result: {'TiO2_121632': np.float64(0.6445757184173282), 'MnO_1010393': np.float64(0.20675650729185896), 'LiF_1010990': np.float64(0.14866777429081285)}
DARA refinement result: Rwp=33.09%, Max False Peak Relative Intensity=0.0146
    Recall: 0.7500, Precision: 1.0000, F1: 0.8571
    Time taken: 27.81 seconds

========================================
Processing pattern: Li2TiO3_Li2CO3
    Running DARA refinement on 20 candidate phases...

DARA Iteration 1: Refining 20 phases: ['Li2TiO3_15150', 'LiMn2O4_1513962', 'Gd3Ga2_103720', 'Li2CO3_100324', 'LiCrO2_1532839', 'LiAlSi2O6_2003129', 'NiO_1010093', 'Er8Al2.88Fe13.12_195404', 'Y3Ga5O12_36730', 'Cr_1534885', 'LiNiO2_1533770', 'Ca0.05Fe1Bi0.95O2.9751_186580', 'Li4Ti5O12_cm103332y_si_001', 'Ba6Ti5.25Fe0.75O17.52_50856', 'TiO2_121632', 'GdPd_104108', 'SrAgBi_57019', 'CoAl2O4_9005203', 'Cs4BiSbCl12_49710', 'Cu24Au4.8N8_290944']
2026-02-08 23:44:47,526 INFO dara.search.tree Detecting peaks in the pattern.
EFLECH run time: 6.292736530303955 seconds
2026-02-08 23:44:53,853 INFO dara.search.tree The wmax is automatically adjusted to 41.89973306393499.
2026-02-08 23:44:53,854 INFO dara.search.tree The intensity threshold is automatically set to 10.00 % of maximum peak intensity.
2026-02-08 23:44:53,854 INFO dara.search.tree Creating the root node.
2026-02-08 23:44:53,854 INFO dara.search.tree Refining all the phases in the dataset.
2026-02-08 23:44:56,836 INFO dara.search.tree Finished refining 20 phases, with 2 phases removed.
2026-02-08 23:44:56,836 INFO dara.search.tree Express mode is enabled. Grouping phases before starting.
2026-02-08 23:44:57,775 INFO dara.search.tree Phases are grouped into 13 groups. Pinned phases were included to mask duplicate candidates.
[36m(_remote_expand_node pid=2233536)[0m 2026-02-08 23:44:58,533 INFO dara.search.tree Expanding node 755f95e6-057a-11f1-9018-6805cae19192 with current phases [], Rwp = None
[36m(_remote_expand_node pid=2233536)[0m 2026-02-08 23:44:42,140 INFO dara.search.tree Overfitting detected for ['In_1538014', 'In4.8Te8Au1.06_121190']
[36m(_remote_expand_node pid=2233536)[0m 2026-02-08 23:44:42,140 INFO dara.search.tree Rpb improvement: 16.659999999999997, lattice strain: 0.04179965956576109
[36m(_remote_expand_node pid=2233661)[0m 2026-02-08 23:44:43,256 INFO dara.search.tree Race condition avoided: ['TiO2_121632', 'LiF_1010990', 'MnO_1010393'] is already being processed by another worker.[32m [repeated 2x across cluster][0m
[36m(_remote_expand_node pid=2233659)[0m 2026-02-08 23:44:43,447 INFO dara.search.tree Expanding node 6f0d3ce8-057a-11f1-9475-6805cae19192 with current phases ['MnO_1010393', 'LiF_1010990', 'TiO2_121632'], Rwp = 33.09[32m [repeated 2x across cluster][0m
[36m(_remote_expand_node pid=2231529)[0m 2026-02-08 23:45:05,715 INFO dara.search.tree Race condition avoided: ['LiMn2O4_1513962', 'Ba6Ti5.25Fe0.75O17.52_50856'] is already being processed by another worker.[32m [repeated 4x across cluster][0m
[36m(_remote_expand_node pid=2234897)[0m 2026-02-08 23:45:02,962 INFO dara.search.tree Expanding node 7ac45184-057a-11f1-b47f-6805cae19192 with current phases ['Li2CO3_100324'], Rwp = 13.58[32m [repeated 4x across cluster][0m
[36m(_remote_expand_node pid=2235400)[0m 2026-02-08 23:45:10,880 INFO dara.search.tree Race condition avoided: ['CoAl2O4_9005203', 'LiMn2O4_1513962', 'Li2CO3_100324'] is already being processed by another worker.[32m [repeated 3x across cluster][0m
[36m(_remote_expand_node pid=2235400)[0m 2026-02-08 23:45:09,897 INFO dara.search.tree Expanding node 7e404066-057a-11f1-9475-6805cae19192 with current phases ['CoAl2O4_9005203', 'LiMn2O4_1513962'], Rwp = 23.1[32m [repeated 2x across cluster][0m
[36m(_remote_expand_node pid=2233536)[0m 2026-02-08 23:45:13,600 INFO dara.search.tree Overfitting detected for ['Ba6Ti5.25Fe0.75O17.52_50856', 'Li2CO3_100324']
[36m(_remote_expand_node pid=2233536)[0m 2026-02-08 23:45:13,600 INFO dara.search.tree Rpb improvement: 39.84, lattice strain: 0.001403661862691265
[36m(_remote_expand_node pid=2233659)[0m 2026-02-08 23:45:13,998 INFO dara.search.tree Race condition avoided: ['CoAl2O4_9005203', 'NiO_1010093', 'LiMn2O4_1513962'] is already being processed by another worker.[32m [repeated 2x across cluster][0m
[36m(_remote_expand_node pid=2235399)[0m 2026-02-08 23:45:16,101 INFO dara.search.tree Expanding node 7eb23a5e-057a-11f1-abdf-6805cae19192 with current phases ['Li2CO3_100324', 'Li2TiO3_15150'], Rwp = 4.21[32m [repeated 2x across cluster][0m
[36m(_remote_expand_node pid=2235397)[0m 2026-02-08 23:45:15,683 INFO dara.search.tree Overfitting detected for ['CoAl2O4_9005203', 'Li2CO3_100324', 'Li2TiO3_15150']
[36m(_remote_expand_node pid=2235397)[0m 2026-02-08 23:45:15,683 INFO dara.search.tree Rpb improvement: 28.200000000000003, lattice strain: 0.013356300576577225
[36m(_remote_expand_node pid=2235397)[0m 2026-02-08 23:45:16,235 INFO dara.search.tree Race condition avoided: ['Li2CO3_100324', 'LiAlSi2O6_2003129', 'CoAl2O4_9005203'] is already being processed by another worker.[32m [repeated 2x across cluster][0m
[36m(_remote_expand_node pid=2233536)[0m 2026-02-08 23:45:24,863 INFO dara.search.tree Expanding node 7eb30baa-057a-11f1-abdf-6805cae19192 with current phases ['Li2CO3_100324', 'LiMn2O4_1513962'], Rwp = 7.56[32m [repeated 2x across cluster][0m
[36m(_remote_expand_node pid=2235400)[0m 2026-02-08 23:45:35,021 INFO dara.search.tree Overfitting detected for ['CoAl2O4_9005203', 'LiMn2O4_1513962', 'Ba6Ti5.25Fe0.75O17.52_50856']
[36m(_remote_expand_node pid=2235400)[0m 2026-02-08 23:45:35,021 INFO dara.search.tree Rpb improvement: 12.279999999999987, lattice strain: -0.08536079397237752
[36m(_remote_expand_node pid=2233536)[0m 2026-02-08 23:45:25,238 INFO dara.search.tree Race condition avoided: ['Li2CO3_100324', 'LiMn2O4_1513962', 'CoAl2O4_9005203'] is already being processed by another worker.[32m [repeated 3x across cluster][0m
[36m(_remote_expand_node pid=2234897)[0m 2026-02-08 23:45:28,307 INFO dara.search.tree Expanding node 826f3ce6-057a-11f1-8cf2-6805cae19192 with current phases ['CoAl2O4_9005203', 'NiO_1010093', 'Ba6Ti5.25Fe0.75O17.52_50856'], Rwp = 22.34
[36m(_remote_expand_node pid=2235397)[0m 2026-02-08 23:45:35,055 INFO dara.search.tree Expanding node 826fa834-057a-11f1-8cf2-6805cae19192 with current phases ['CoAl2O4_9005203', 'NiO_1010093', 'Er8Al2.88Fe13.12_195404'], Rwp = 23.4
[36m(_remote_expand_node pid=2234897)[0m 2026-02-08 23:45:40,101 INFO dara.search.tree Overfitting detected for ['CoAl2O4_9005203', 'NiO_1010093', 'Ba6Ti5.25Fe0.75O17.52_50856', 'Li2CO3_100324']
[36m(_remote_expand_node pid=2234897)[0m 2026-02-08 23:45:40,101 INFO dara.search.tree Rpb improvement: 36.76, lattice strain: 0.0012454020326825514
[36m(_remote_expand_node pid=2231529)[0m 2026-02-08 23:45:35,587 INFO dara.search.tree Race condition avoided: ['Li2CO3_100324', 'LiMn2O4_1513962', 'NiO_1010093', 'LiAlSi2O6_2003129'] is already being processed by another worker.[32m [repeated 2x across cluster][0m
[36m(_remote_expand_node pid=2233659)[0m 2026-02-08 23:45:41,329 INFO dara.search.tree Expanding node 8e340426-057a-11f1-9bf9-6805cae19192 with current phases ['LiMn2O4_1513962', 'Er8Al2.88Fe13.12_195404'], Rwp = 23.56[32m [repeated 3x across cluster][0m
[36m(_remote_expand_node pid=2233659)[0m 2026-02-08 23:45:46,907 INFO dara.search.tree Overfitting detected for ['LiMn2O4_1513962', 'Er8Al2.88Fe13.12_195404', 'Ba6Ti5.25Fe0.75O17.52_50856']
[36m(_remote_expand_node pid=2233659)[0m 2026-02-08 23:45:46,907 INFO dara.search.tree Rpb improvement: 10.64, lattice strain: 0.008030107905431155
[36m(_remote_expand_node pid=2233659)[0m 2026-02-08 23:45:43,100 INFO dara.search.tree Race condition avoided: ['LiMn2O4_1513962', 'Er8Al2.88Fe13.12_195404', 'CoAl2O4_9005203'] is already being processed by another worker.[32m [repeated 2x across cluster][0m
[36m(_remote_expand_node pid=2236408)[0m 2026-02-08 23:45:47,584 INFO dara.search.tree Expanding node 8e34e7ce-057a-11f1-9bf9-6805cae19192 with current phases ['LiMn2O4_1513962', 'NiO_1010093'], Rwp = 22.77
[36m(_remote_expand_node pid=2236408)[0m 2026-02-08 23:45:51,885 INFO dara.search.tree Expanding node 97b8da30-057a-11f1-aefd-6805cae19192 with current phases ['LiMn2O4_1513962', 'NiO_1010093', 'Ba6Ti5.25Fe0.75O17.52_50856'], Rwp = 20.04
[36m(_remote_expand_node pid=2233536)[0m 2026-02-08 23:45:51,883 INFO dara.search.tree Overfitting detected for ['Li2CO3_100324', 'LiAlSi2O6_2003129', 'LiMn2O4_1513962', 'Li2TiO3_15150']
[36m(_remote_expand_node pid=2233536)[0m 2026-02-08 23:45:51,884 INFO dara.search.tree Rpb improvement: 6.24, lattice strain: 0.012019235714760547
[36m(_remote_expand_node pid=2236408)[0m 2026-02-08 23:45:51,927 INFO dara.search.tree Race condition avoided: ['LiMn2O4_1513962', 'NiO_1010093', 'Ba6Ti5.25Fe0.75O17.52_50856', 'CoAl2O4_9005203'] is already being processed by another worker.[32m [repeated 5x across cluster][0m
[36m(_remote_expand_node pid=2235397)[0m 2026-02-08 23:45:55,637 INFO dara.search.tree Overfitting detected for ['CoAl2O4_9005203', 'NiO_1010093', 'Er8Al2.88Fe13.12_195404', 'Li2CO3_100324']
[36m(_remote_expand_node pid=2235397)[0m 2026-02-08 23:45:55,637 INFO dara.search.tree Rpb improvement: 41.48, lattice strain: 0.0008822656291685246
[36m(_remote_expand_node pid=2233536)[0m 2026-02-08 23:45:56,124 INFO dara.search.tree Expanding node 9a75a4b0-057a-11f1-aefd-6805cae19192 with current phases ['LiMn2O4_1513962', 'NiO_1010093', 'Ba6Ti5.25Fe0.75O17.52_50856', 'Er8Al2.88Fe13.12_195404'], Rwp = 19.68
[36m(_remote_expand_node pid=2235397)[0m 2026-02-08 23:45:56,174 INFO dara.search.tree Race condition avoided: ['LiMn2O4_1513962', 'NiO_1010093', 'Ba6Ti5.25Fe0.75O17.52_50856', 'Ca0.05Fe1Bi0.95O2.9751_186580', 'Er8Al2.88Fe13.12_195404'] is already being processed by another worker.[32m [repeated 2x across cluster][0m
[36m(_remote_expand_node pid=2236408)[0m 2026-02-08 23:46:15,696 INFO dara.search.tree Overfitting detected for ['LiMn2O4_1513962', 'NiO_1010093', 'Ba6Ti5.25Fe0.75O17.52_50856', 'Li2TiO3_15150', 'Li2CO3_100324']
[36m(_remote_expand_node pid=2236408)[0m 2026-02-08 23:46:15,696 INFO dara.search.tree Rpb improvement: 43.410000000000004, lattice strain: 0.0010826887541732658
[36m(_remote_expand_node pid=2236408)[0m 2026-02-08 23:45:56,114 INFO dara.search.tree Expanding node 9a73db30-057a-11f1-aefd-6805cae19192 with current phases ['LiMn2O4_1513962', 'NiO_1010093', 'Ba6Ti5.25Fe0.75O17.52_50856', 'Li2TiO3_15150'], Rwp = 19.58[32m [repeated 2x across cluster][0m
[36m(_remote_expand_node pid=2231529)[0m 2026-02-08 23:46:15,765 INFO dara.search.tree Overfitting detected for ['Li2CO3_100324', 'LiMn2O4_1513962', 'NiO_1010093', 'Li2TiO3_15150']
[36m(_remote_expand_node pid=2231529)[0m 2026-02-08 23:46:15,765 INFO dara.search.tree Rpb improvement: 9.440000000000001, lattice strain: 0.008898080405532019
Search tree:
Root 
├── ([32mexpanded[39m[26m) Ba6Ti5.25Fe0.75O17.52_50856                      Rwp: 24.07% | Strain: 0.9% | Group 0  
│   └── (overfitting) Li2CO3_100324                                 Rwp: 13.31% | Strain: 0.14% | Group 0  
├── ([32mexpanded[39m[26m) Li2CO3_100324                                    Rwp: 13.58% | Strain: 0.13% | Group 1  
│   ├── ([32mexpanded[39m[26m) Li2TiO3_15150                                    Rwp: 4.21% | Strain: 1.41% | Group 0  
│   │   ├── (high_strain) Ba6Ti5.25Fe0.75O17.52_50856                   Rwp: 4.13% | Strain: 2.74% | Group 0  
│   │   ├── (high_strain) Y3Ga5O12_36730                                Rwp: 3.96% | Strain: 3.56% | Group 1  
│   │   ├── (no_improvement) SrAgBi_57019                               Rwp: 4.18% | Strain: 0.9% | Group 2  
│   │   ├── (high_strain) LiMn2O4_1513962                               Rwp: 4.10% | Strain: -4.31% | Group 3  
│   │   ├── (no_improvement) Er8Al2.88Fe13.12_195404                    Rwp: 4.21% | Strain: 0.0% | Group 4  
│   │   └── (no_improvement) NiO_1010093                                Rwp: 4.17% | Strain: 1.09% | Group 5  
│   ├── ([32mexpanded[39m[26m) LiAlSi2O6_2003129                                Rwp: 12.75% | Strain: 0.58% | Group 1  
│   │   ├── (no_improvement) Ba6Ti5.25Fe0.75O17.52_50856                Rwp: 12.75% | Strain: 0.0% | Group 0  
│   │   ├── (no_improvement) Y3Ga5O12_36730                             Rwp: 12.75% | Strain: 0.0% | Group 1  
│   │   ├── (no_improvement) SrAgBi_57019                               Rwp: 12.61% | Strain: 1.97% | Group 2  
│   │   ├── ([32mexpanded[39m[26m) LiMn2O4_1513962                                  Rwp: 6.31% | Strain: 0.92% | Group 3  
│   │   │   ├── (no_improvement) Ba6Ti5.25Fe0.75O17.52_50856                Rwp: 6.31% | Strain: 0.0% | Group 0  
│   │   │   └── (overfitting) Li2TiO3_15150                                 Rwp: 3.98% | Strain: 1.2% | Group 1  
│   │   ├── (no_improvement) Er8Al2.88Fe13.12_195404                    Rwp: 12.75% | Strain: 0.0% | Group 4  
│   │   └── (no_improvement) NiO_1010093                                Rwp: 12.63% | Strain: 1.13% | Group 5  
│   ├── ([32mexpanded[39m[26m) LiMn2O4_1513962                                  Rwp: 7.56% | Strain: 0.79% | Group 2  
│   │   ├── (high_strain) Ba6Ti5.25Fe0.75O17.52_50856                   Rwp: 7.25% | Strain: 2.7% | Group 0  
│   │   ├── (high_strain) Y3Ga5O12_36730                                Rwp: 7.38% | Strain: 3.52% | Group 1  
│   │   ├── (no_improvement) Er8Al2.88Fe13.12_195404                    Rwp: 7.50% | Strain: -1.35% | Group 2  
│   │   ├── (no_improvement) GdPd_104108                                Rwp: 7.54% | Strain: 1.25% | Group 3  
│   │   ├── (no_improvement) SrAgBi_57019                               Rwp: 7.59% | Strain: 0.79% | Group 4  
│   │   ├── (no_improvement) Ca0.05Fe1Bi0.95O2.9751_186580              Rwp: 7.56% | Strain: 0.0% | Group 5  
│   │   └── ([32mexpanded[39m[26m) NiO_1010093                                      Rwp: 7.25% | Strain: 1.06% | Group 6  
│   │       ├── (high_strain) Ba6Ti5.25Fe0.75O17.52_50856                   Rwp: 6.96% | Strain: 2.55% | Group 0  
│   │       └── (overfitting) Li2TiO3_15150                                 Rwp: 4.03% | Strain: 0.89% | Group 1  
│   ├── (no_improvement) Er8Al2.88Fe13.12_195404                    Rwp: 13.58% | Strain: 0.0% | Group 3  
│   ├── (no_improvement) GdPd_104108                                Rwp: 13.58% | Strain: 0.0% | Group 4  
│   ├── (no_improvement) SrAgBi_57019                               Rwp: 13.58% | Strain: 0.0% | Group 5  
│   ├── (no_improvement) Ca0.05Fe1Bi0.95O2.9751_186580              Rwp: 13.58% | Strain: 0.0% | Group 6  
│   └── (no_improvement) NiO_1010093                                Rwp: 13.53% | Strain: 1.1% | Group 7  
├── ([32mexpanded[39m[26m) CoAl2O4_9005203                                  Rwp: 24.63% | Strain: 1.73% | Group 2  
│   ├── ([32mexpanded[39m[26m) Li2CO3_100324                                    Rwp: 12.79% | Strain: 0.11% | Group 0  
│   │   ├── (high_strain) Ba6Ti5.25Fe0.75O17.52_50856                   Rwp: 12.63% | Strain: 2.77% | Group 0  
│   │   └── (overfitting) Li2TiO3_15150                                 Rwp: 4.17% | Strain: 1.34% | Group 1  
│   ├── ([32mexpanded[39m[26m) LiMn2O4_1513962                                  Rwp: 23.10% | Strain: 0.3% | Group 1  
│   │   └── (overfitting) Ba6Ti5.25Fe0.75O17.52_50856                   Rwp: 21.18% | Strain: -8.54% | Group 0  
│   ├── (no_improvement) Er8Al2.88Fe13.12_195404                    Rwp: 24.42% | Strain: 1.75% | Group 2  
│   └── ([32mexpanded[39m[26m) NiO_1010093                                      Rwp: 23.69% | Strain: 0.88% | Group 3  
│       ├── ([32mexpanded[39m[26m) Ba6Ti5.25Fe0.75O17.52_50856                      Rwp: 22.34% | Strain: 0.69% | Group 0  
│       │   └── (overfitting) Li2CO3_100324                                 Rwp: 12.52% | Strain: 0.12% | Group 0  
│       └── ([32mexpanded[39m[26m) Er8Al2.88Fe13.12_195404                          Rwp: 23.40% | Strain: 1.79% | Group 1  
│           └── (overfitting) Li2CO3_100324                                 Rwp: 12.73% | Strain: 0.09% | Group 0  
├── ([32mexpanded[39m[26m) LiMn2O4_1513962                                  Rwp: 23.77% | Strain: -0.41% | Group 3  
│   ├── ([32mexpanded[39m[26m) Er8Al2.88Fe13.12_195404                          Rwp: 23.56% | Strain: 1.21% | Group 0  
│   │   └── (overfitting) Ba6Ti5.25Fe0.75O17.52_50856                   Rwp: 20.93% | Strain: 0.8% | Group 0  
│   └── ([32mexpanded[39m[26m) NiO_1010093                                      Rwp: 22.77% | Strain: 0.42% | Group 1  
│       └── ([32mexpanded[39m[26m) Ba6Ti5.25Fe0.75O17.52_50856                      Rwp: 20.04% | Strain: 1.29% | Group 0  
│           ├── ([32mexpanded[39m[26m) Li2TiO3_15150                                    Rwp: 19.58% | Strain: -0.54% | Group 0  
│           │   └── (overfitting) Li2CO3_100324                                 Rwp: 4.05% | Strain: 0.11% | Group 0  
│           ├── ([32mexpanded[39m[26m) Er8Al2.88Fe13.12_195404                          Rwp: 19.68% | Strain: 1.38% | Group 1  
│           │   └── (overfitting) Li2CO3_100324                                 Rwp: 6.96% | Strain: 0.09% | Group 0  
│           └── ([32mexpanded[39m[26m) Ca0.05Fe1Bi0.95O2.9751_186580                    Rwp: 17.87% | Strain: 0.11% | Group 2  
│               └── (overfitting) Li2CO3_100324                                 Rwp: 6.97% | Strain: 0.09% | Group 0  
├── (high_strain) Er8Al2.88Fe13.12_195404                       Rwp: 25.99% | Strain: 5.0% | Group 4  
└── (high_strain) NiO_1010093                                   Rwp: 25.66% | Strain: -100.0% | Group 5  

    Saved DARA refined plot to /work/hdd/bffm/xtong1/ref_200_conserv/results/evaluation/dara_refined_plots/Li2TiO3_Li2CO3_refined.html
Refinement result: {'Li2CO3_100324': np.float64(0.5690886426654791), 'Li2TiO3_15150': np.float64(0.43091135733452096)}
DARA refinement result: Rwp=4.21%, Max False Peak Relative Intensity=0.0390
    Recall: 1.0000, Precision: 1.0000, F1: 1.0000
    Time taken: 90.28 seconds

========================================
Processing pattern: Bi2O3_MoO3_Bi2Mo3O12
    Running DARA refinement on 19 candidate phases...

DARA Iteration 1: Refining 19 phases: ['Bi2O3_1010004', 'NiOOH_9012318', 'MnF2_14142', 'FeTiO3_1011033', 'Bi2Mo3O12_2107214', 'Gd2Co12P7_623390', 'Ba8Y4Cu13.5O28.68_400087', 'Ti5Zn3.116Si12O45.62_191277', 'MoO3_1011043', 'MnOOH_1011012', 'Cr2O3_1011067', 'Li2O_108886', 'SrTiO3_1512124', 'Rb7.924In7.924Ge8.076Se32_113353', 'Cu24Au4.8N8_290944', 'La16.48Zr15.52O56_130794', 'Li2.27Mn0.73N1_409444', 'Nb7.26Rh16.74_645277', 'NaVWO6_167776']
2026-02-08 23:46:18,017 INFO dara.search.tree Detecting peaks in the pattern.
EFLECH run time: 63.815425395965576 seconds
2026-02-08 23:47:21,892 INFO dara.search.tree The wmax is automatically adjusted to 55.39.
2026-02-08 23:47:21,892 INFO dara.search.tree The intensity threshold is automatically set to 6.93 % of maximum peak intensity.
2026-02-08 23:47:21,892 INFO dara.search.tree Creating the root node.
2026-02-08 23:47:21,892 INFO dara.search.tree Refining all the phases in the dataset.
2026-02-08 23:47:27,940 INFO dara.search.tree Finished refining 19 phases, with 0 phases removed.
2026-02-08 23:47:27,940 INFO dara.search.tree Express mode is enabled. Grouping phases before starting.
2026-02-08 23:47:28,678 INFO dara.search.tree Phases are grouped into 19 groups. Pinned phases were included to mask duplicate candidates.
[36m(_remote_expand_node pid=2233536)[0m 2026-02-08 23:47:29,606 INFO dara.search.tree Expanding node cd9c76b6-057a-11f1-9018-6805cae19192 with current phases [], Rwp = None
[36m(_remote_expand_node pid=2233536)[0m 2026-02-08 23:46:17,160 INFO dara.search.tree Overfitting detected for ['LiMn2O4_1513962', 'NiO_1010093', 'Ba6Ti5.25Fe0.75O17.52_50856', 'Er8Al2.88Fe13.12_195404', 'Li2CO3_100324'][32m [repeated 2x across cluster][0m
[36m(_remote_expand_node pid=2233536)[0m 2026-02-08 23:46:17,160 INFO dara.search.tree Rpb improvement: 36.849999999999994, lattice strain: 0.0008625350372946603[32m [repeated 2x across cluster][0m
[36m(_remote_expand_node pid=2233536)[0m 2026-02-08 23:47:34,516 INFO dara.search.tree Expanding node d517d52a-057a-11f1-b47f-6805cae19192 with current phases ['Bi2O3_1010004'], Rwp = 17.78
[36m(_remote_expand_node pid=2233536)[0m 2026-02-08 23:47:37,610 INFO dara.search.tree Race condition avoided: ['Bi2O3_1010004', 'Gd2Co12P7_623390'] is already being processed by another worker.
[36m(_remote_expand_node pid=2235397)[0m 2026-02-08 23:48:04,069 INFO dara.search.tree Overfitting detected for ['Gd2Co12P7_623390', 'MoO3_1011043']
[36m(_remote_expand_node pid=2235397)[0m 2026-02-08 23:48:04,070 INFO dara.search.tree Rpb improvement: 21.320000000000007, lattice strain: 0.004692762284175284
[36m(_remote_expand_node pid=2238104)[0m 2026-02-08 23:47:34,537 INFO dara.search.tree Expanding node d5185aea-057a-11f1-b47f-6805cae19192 with current phases ['MoO3_1011043'], Rwp = 28.21[32m [repeated 3x across cluster][0m
[36m(_remote_expand_node pid=2238104)[0m 2026-02-08 23:47:37,615 INFO dara.search.tree Race condition avoided: ['MoO3_1011043', 'Gd2Co12P7_623390'] is already being processed by another worker.[32m [repeated 5x across cluster][0m
[36m(_remote_expand_node pid=2238262)[0m 2026-02-08 23:48:18,421 INFO dara.search.tree Expanding node d51a205a-057a-11f1-b47f-6805cae19192 with current phases ['La16.48Zr15.52O56_130794'], Rwp = 31.89[32m [repeated 2x across cluster][0m
[36m(_remote_expand_node pid=2238257)[0m 2026-02-08 23:48:05,481 INFO dara.search.tree Race condition avoided: ['MnOOH_1011012', 'Gd2Co12P7_623390'] is already being processed by another worker.[32m [repeated 4x across cluster][0m
[36m(_remote_expand_node pid=2236665)[0m 2026-02-08 23:48:35,578 INFO dara.search.tree Overfitting detected for ['NaVWO6_167776', 'MoO3_1011043']
[36m(_remote_expand_node pid=2236665)[0m 2026-02-08 23:48:35,578 INFO dara.search.tree Rpb improvement: 16.85000000000001, lattice strain: 0.004627826940452321
[36m(_remote_expand_node pid=2238262)[0m 2026-02-08 23:48:18,514 INFO dara.search.tree Race condition avoided: ['La16.48Zr15.52O56_130794', 'MnOOH_1011012'] is already being processed by another worker.[32m [repeated 5x across cluster][0m
[36m(_remote_expand_node pid=2238257)[0m 2026-02-08 23:48:35,760 INFO dara.search.tree Expanding node d51a95e4-057a-11f1-b47f-6805cae19192 with current phases ['NiOOH_9012318'], Rwp = 37.94
[36m(_remote_expand_node pid=2238257)[0m 2026-02-08 23:48:36,225 INFO dara.search.tree Race condition avoided: ['NiOOH_9012318', 'La16.48Zr15.52O56_130794'] is already being processed by another worker.[32m [repeated 6x across cluster][0m
[36m(_remote_expand_node pid=2238260)[0m 2026-02-08 23:48:43,294 INFO dara.search.tree Expanding node d51af0a2-057a-11f1-b47f-6805cae19192 with current phases ['Li2.27Mn0.73N1_409444'], Rwp = 34.32
[36m(_remote_expand_node pid=2238258)[0m 2026-02-08 23:48:43,644 INFO dara.search.tree Expanding node e6be80da-057a-11f1-9f85-6805cae19192 with current phases ['Gd2Co12P7_623390', 'Bi2O3_1010004'], Rwp = 15.64
[36m(_remote_expand_node pid=2238257)[0m 2026-02-08 23:49:08,232 INFO dara.search.tree Overfitting detected for ['NiOOH_9012318', 'Cr2O3_1011067']
[36m(_remote_expand_node pid=2238257)[0m 2026-02-08 23:49:08,232 INFO dara.search.tree Rpb improvement: 0.9000000000000057, lattice strain: -0.005016618407618864
[36m(_remote_expand_node pid=2238260)[0m 2026-02-08 23:48:43,759 INFO dara.search.tree Race condition avoided: ['Li2.27Mn0.73N1_409444', 'NiOOH_9012318'] is already being processed by another worker.[32m [repeated 7x across cluster][0m
[36m(_remote_expand_node pid=2239663)[0m 2026-02-08 23:49:08,432 INFO dara.search.tree Expanding node e6bf6360-057a-11f1-9f85-6805cae19192 with current phases ['Gd2Co12P7_623390', 'Bi2Mo3O12_2107214'], Rwp = 36.87
[36m(_remote_expand_node pid=2238258)[0m 2026-02-08 23:49:09,065 INFO dara.search.tree Overfitting detected for ['Gd2Co12P7_623390', 'Bi2O3_1010004', 'MoO3_1011043']
[36m(_remote_expand_node pid=2238258)[0m 2026-02-08 23:49:09,065 INFO dara.search.tree Rpb improvement: 8.55, lattice strain: 0.005036533325845336
[36m(_remote_expand_node pid=2236665)[0m 2026-02-08 23:50:21,515 INFO dara.search.tree Race condition avoided: ['MnOOH_1011012', 'La16.48Zr15.52O56_130794', 'Bi2Mo3O12_2107214'] is already being processed by another worker.[32m [repeated 3x across cluster][0m
[36m(_remote_expand_node pid=2236665)[0m 2026-02-08 23:49:10,119 INFO dara.search.tree Expanding node eec1bd74-057a-11f1-bd16-6805cae19192 with current phases ['MnOOH_1011012', 'La16.48Zr15.52O56_130794'], Rwp = 29.04[32m [repeated 2x across cluster][0m
[36m(_remote_expand_node pid=2239663)[0m 2026-02-08 23:50:22,090 INFO dara.search.tree Overfitting detected for ['Gd2Co12P7_623390', 'Bi2Mo3O12_2107214', 'MoO3_1011043']
[36m(_remote_expand_node pid=2239663)[0m 2026-02-08 23:50:22,091 INFO dara.search.tree Rpb improvement: 24.739999999999995, lattice strain: 0.004834670906880696
[36m(_remote_expand_node pid=2238260)[0m 2026-02-08 23:50:36,488 INFO dara.search.tree Overfitting detected for ['MnOOH_1011012', 'Bi2Mo3O12_2107214', 'La16.48Zr15.52O56_130794']
[36m(_remote_expand_node pid=2238260)[0m 2026-02-08 23:50:36,488 INFO dara.search.tree Rpb improvement: 13.400000000000006, lattice strain: 0.00428069526627252
[36m(_remote_expand_node pid=2238258)[0m 2026-02-08 23:50:47,113 INFO dara.search.tree Expanding node eec26fc6-057a-11f1-bd16-6805cae19192 with current phases ['MnOOH_1011012', 'Ba8Y4Cu13.5O28.68_400087'], Rwp = 35.51
[36m(_remote_expand_node pid=2240593)[0m 2026-02-08 23:50:48,601 INFO dara.search.tree Race condition avoided: ['MnOOH_1011012', 'FeTiO3_1011033', 'Bi2Mo3O12_2107214'] is already being processed by another worker.
[36m(_remote_expand_node pid=2240593)[0m 2026-02-08 23:50:48,607 INFO dara.search.tree Race condition avoided: ['MnOOH_1011012', 'FeTiO3_1011033', 'La16.48Zr15.52O56_130794'] is already being processed by another worker.
[36m(_remote_expand_node pid=2238258)[0m 2026-02-08 23:51:16,300 INFO dara.search.tree Overfitting detected for ['MnOOH_1011012', 'Ba8Y4Cu13.5O28.68_400087', 'Bi2O3_1010004']
[36m(_remote_expand_node pid=2238258)[0m 2026-02-08 23:51:16,300 INFO dara.search.tree Rpb improvement: 55.34, lattice strain: 0.003515476479405448
[36m(_remote_expand_node pid=2238257)[0m 2026-02-08 23:50:50,515 INFO dara.search.tree Expanding node eec38d48-057a-11f1-bd16-6805cae19192 with current phases ['MnOOH_1011012', 'Cr2O3_1011067'], Rwp = 33.3[32m [repeated 2x across cluster][0m
[36m(_remote_expand_node pid=2238258)[0m 2026-02-08 23:50:51,038 INFO dara.search.tree Race condition avoided: ['MnOOH_1011012', 'Ba8Y4Cu13.5O28.68_400087', 'FeTiO3_1011033'] is already being processed by another worker.[32m [repeated 7x across cluster][0m
[36m(_remote_expand_node pid=2241557)[0m 2026-02-08 23:51:18,597 INFO dara.search.tree Expanding node eec5225c-057a-11f1-bd16-6805cae19192 with current phases ['MnOOH_1011012', 'Li2.27Mn0.73N1_409444'], Rwp = 31.42
[36m(_remote_expand_node pid=2241557)[0m 2026-02-08 23:51:21,649 INFO dara.search.tree Race condition avoided: ['MnOOH_1011012', 'Li2.27Mn0.73N1_409444', 'Cr2O3_1011067'] is already being processed by another worker.[32m [repeated 5x across cluster][0m
[36m(_remote_expand_node pid=2238257)[0m 2026-02-08 23:51:30,092 INFO dara.search.tree Overfitting detected for ['MnOOH_1011012', 'Cr2O3_1011067', 'Bi2O3_1010004']
[36m(_remote_expand_node pid=2238257)[0m 2026-02-08 23:51:30,092 INFO dara.search.tree Rpb improvement: 48.86000000000001, lattice strain: 0.003513332169824961
[36m(_remote_expand_node pid=2235397)[0m 2026-02-08 23:51:30,469 INFO dara.search.tree Expanding node eec6e682-057a-11f1-bd16-6805cae19192 with current phases ['MnOOH_1011012', 'Rb7.924In7.924Ge8.076Se32_113353'], Rwp = 33.41
[36m(_remote_expand_node pid=2235397)[0m 2026-02-08 23:51:31,241 INFO dara.search.tree Race condition avoided: ['MnOOH_1011012', 'Rb7.924In7.924Ge8.076Se32_113353', 'Ba8Y4Cu13.5O28.68_400087'] is already being processed by another worker.
[36m(_remote_expand_node pid=2235397)[0m 2026-02-08 23:51:31,247 INFO dara.search.tree Race condition avoided: ['MnOOH_1011012', 'Rb7.924In7.924Ge8.076Se32_113353', 'FeTiO3_1011033'] is already being processed by another worker.
[36m(_remote_expand_node pid=2235397)[0m 2026-02-08 23:51:31,251 INFO dara.search.tree Race condition avoided: ['MnOOH_1011012', 'Rb7.924In7.924Ge8.076Se32_113353', 'Cr2O3_1011067'] is already being processed by another worker.
[36m(_remote_expand_node pid=2241557)[0m 2026-02-08 23:51:31,992 INFO dara.search.tree Overfitting detected for ['MnOOH_1011012', 'Li2.27Mn0.73N1_409444', 'Bi2O3_1010004']
[36m(_remote_expand_node pid=2241557)[0m 2026-02-08 23:51:31,992 INFO dara.search.tree Rpb improvement: 43.67999999999999, lattice strain: 0.0035260712230745887
[36m(_remote_expand_node pid=2238257)[0m 2026-02-08 23:51:33,292 INFO dara.search.tree Expanding node eec80030-057a-11f1-bd16-6805cae19192 with current phases ['MnOOH_1011012', 'Li2O_108886'], Rwp = 32.24
[36m(_remote_expand_node pid=2238257)[0m 2026-02-08 23:52:00,680 INFO dara.search.tree Race condition avoided: ['MnOOH_1011012', 'Li2O_108886', 'Bi2Mo3O12_2107214'] is already being processed by another worker.
[36m(_remote_expand_node pid=2238257)[0m 2026-02-08 23:52:00,689 INFO dara.search.tree Race condition avoided: ['MnOOH_1011012', 'Li2O_108886', 'La16.48Zr15.52O56_130794'] is already being processed by another worker.
[36m(_remote_expand_node pid=2238257)[0m 2026-02-08 23:52:00,691 INFO dara.search.tree Race condition avoided: ['MnOOH_1011012', 'Li2O_108886', 'FeTiO3_1011033'] is already being processed by another worker.
[36m(_remote_expand_node pid=2238257)[0m 2026-02-08 23:52:00,692 INFO dara.search.tree Race condition avoided: ['MnOOH_1011012', 'Li2O_108886', 'Ba8Y4Cu13.5O28.68_400087'] is already being processed by another worker.
[36m(_remote_expand_node pid=2238257)[0m 2026-02-08 23:52:00,696 INFO dara.search.tree Race condition avoided: ['MnOOH_1011012', 'Li2O_108886', 'Rb7.924In7.924Ge8.076Se32_113353'] is already being processed by another worker.
[36m(_remote_expand_node pid=2238257)[0m 2026-02-08 23:52:00,702 INFO dara.search.tree Race condition avoided: ['MnOOH_1011012', 'Li2O_108886', 'Cr2O3_1011067'] is already being processed by another worker.
[36m(_remote_expand_node pid=2238257)[0m 2026-02-08 23:52:00,704 INFO dara.search.tree Race condition avoided: ['MnOOH_1011012', 'Li2O_108886', 'Li2.27Mn0.73N1_409444'] is already being processed by another worker.
[36m(_remote_expand_node pid=2235397)[0m 2026-02-08 23:52:06,459 INFO dara.search.tree Overfitting detected for ['MnOOH_1011012', 'Rb7.924In7.924Ge8.076Se32_113353', 'Bi2O3_1010004']
[36m(_remote_expand_node pid=2235397)[0m 2026-02-08 23:52:06,459 INFO dara.search.tree Rpb improvement: 47.21000000000001, lattice strain: 0.0035887134233416333
[36m(_remote_expand_node pid=2236665)[0m 2026-02-08 23:52:09,102 INFO dara.search.tree Expanding node f98635d2-057a-11f1-9196-6805cae19192 with current phases ['NaVWO6_167776', 'Bi2Mo3O12_2107214'], Rwp = 34.84
[36m(_remote_expand_node pid=2242369)[0m 2026-02-08 23:52:11,928 INFO dara.search.tree Race condition avoided: ['Bi2O3_1010004', 'MoO3_1011043', 'Gd2Co12P7_623390'] is already being processed by another worker.
[36m(_remote_expand_node pid=2238257)[0m 2026-02-08 23:52:10,705 INFO dara.search.tree Overfitting detected for ['MnOOH_1011012', 'Li2O_108886', 'Bi2O3_1010004']
[36m(_remote_expand_node pid=2238257)[0m 2026-02-08 23:52:10,705 INFO dara.search.tree Rpb improvement: 46.6, lattice strain: 0.003501804346976379
[36m(_remote_expand_node pid=2240593)[0m 2026-02-08 23:52:14,288 INFO dara.search.tree Overfitting detected for ['MnOOH_1011012', 'FeTiO3_1011033', 'Bi2O3_1010004']
[36m(_remote_expand_node pid=2240593)[0m 2026-02-08 23:52:14,288 INFO dara.search.tree Rpb improvement: 53.96, lattice strain: 0.0035086154159406032
[36m(_remote_expand_node pid=2242369)[0m 2026-02-08 23:52:11,420 INFO dara.search.tree Expanding node f9dd4b1a-057a-11f1-b47f-6805cae19192 with current phases ['Bi2O3_1010004', 'MoO3_1011043'], Rwp = 9.77
[36m(_remote_expand_node pid=2242673)[0m 2026-02-08 23:53:09,982 INFO dara.search.tree Expanding node f9de5960-057a-11f1-b47f-6805cae19192 with current phases ['Bi2O3_1010004', 'Bi2Mo3O12_2107214'], Rwp = 17.08
[36m(_remote_expand_node pid=2236665)[0m 2026-02-08 23:52:12,813 INFO dara.search.tree Race condition avoided: ['NaVWO6_167776', 'Bi2Mo3O12_2107214', 'Gd2Co12P7_623390'] is already being processed by another worker.[32m [repeated 2x across cluster][0m
[36m(_remote_expand_node pid=2242673)[0m 2026-02-08 23:53:15,125 INFO dara.search.tree Race condition avoided: ['Bi2O3_1010004', 'Bi2Mo3O12_2107214', 'MnOOH_1011012'] is already being processed by another worker.[32m [repeated 4x across cluster][0m
[36m(_remote_expand_node pid=2238257)[0m 2026-02-08 23:53:17,139 INFO dara.search.tree Expanding node f9df7818-057a-11f1-b47f-6805cae19192 with current phases ['Bi2O3_1010004', 'NaVWO6_167776'], Rwp = 16.31
[36m(_remote_expand_node pid=2236665)[0m 2026-02-08 23:53:26,321 INFO dara.search.tree Overfitting detected for ['NaVWO6_167776', 'Bi2Mo3O12_2107214', 'MoO3_1011043']
[36m(_remote_expand_node pid=2236665)[0m 2026-02-08 23:53:26,321 INFO dara.search.tree Rpb improvement: 21.400000000000006, lattice strain: 0.004696747418146262
[36m(_remote_expand_node pid=2243302)[0m 2026-02-08 23:53:30,728 INFO dara.search.tree Expanding node f9e09248-057a-11f1-b47f-6805cae19192 with current phases ['Bi2O3_1010004', 'MnOOH_1011012'], Rwp = 17.05
[36m(_remote_expand_node pid=2243302)[0m 2026-02-08 23:53:34,172 INFO dara.search.tree Race condition avoided: ['Bi2O3_1010004', 'MnOOH_1011012', 'Bi2Mo3O12_2107214'] is already being processed by another worker.
[36m(_remote_expand_node pid=2243302)[0m 2026-02-08 23:53:34,176 INFO dara.search.tree Race condition avoided: ['Bi2O3_1010004', 'MnOOH_1011012', 'MoO3_1011043'] is already being processed by another worker.
[36m(_remote_expand_node pid=2243302)[0m 2026-02-08 23:53:34,179 INFO dara.search.tree Race condition avoided: ['Bi2O3_1010004', 'MnOOH_1011012', 'Gd2Co12P7_623390'] is already being processed by another worker.
[36m(_remote_expand_node pid=2243302)[0m 2026-02-08 23:53:34,180 INFO dara.search.tree Race condition avoided: ['Bi2O3_1010004', 'MnOOH_1011012', 'Ba8Y4Cu13.5O28.68_400087'] is already being processed by another worker.
[36m(_remote_expand_node pid=2243302)[0m 2026-02-08 23:53:34,181 INFO dara.search.tree Race condition avoided: ['Bi2O3_1010004', 'MnOOH_1011012', 'La16.48Zr15.52O56_130794'] is already being processed by another worker.
[36m(_remote_expand_node pid=2243302)[0m 2026-02-08 23:53:34,182 INFO dara.search.tree Race condition avoided: ['Bi2O3_1010004', 'MnOOH_1011012', 'FeTiO3_1011033'] is already being processed by another worker.
[36m(_remote_expand_node pid=2243302)[0m 2026-02-08 23:53:34,183 INFO dara.search.tree Race condition avoided: ['Bi2O3_1010004', 'MnOOH_1011012', 'Cr2O3_1011067'] is already being processed by another worker.
[36m(_remote_expand_node pid=2243302)[0m 2026-02-08 23:53:34,184 INFO dara.search.tree Race condition avoided: ['Bi2O3_1010004', 'MnOOH_1011012', 'Li2.27Mn0.73N1_409444'] is already being processed by another worker.
[36m(_remote_expand_node pid=2243302)[0m 2026-02-08 23:53:34,189 INFO dara.search.tree Race condition avoided: ['Bi2O3_1010004', 'MnOOH_1011012', 'Li2O_108886'] is already being processed by another worker.
[36m(_remote_expand_node pid=2238257)[0m 2026-02-08 23:53:47,430 INFO dara.search.tree Race condition avoided: ['Bi2O3_1010004', 'NaVWO6_167776', 'MnOOH_1011012'] is already being processed by another worker.[32m [repeated 4x across cluster][0m
[36m(_remote_expand_node pid=2243302)[0m 2026-02-08 23:53:47,594 INFO dara.search.tree Overfitting detected for ['Bi2O3_1010004', 'MnOOH_1011012', 'NaVWO6_167776']
[36m(_remote_expand_node pid=2243302)[0m 2026-02-08 23:53:47,594 INFO dara.search.tree Rpb improvement: 1.0899999999999963, lattice strain: 0.019699477070009044
[36m(_remote_expand_node pid=2244226)[0m 2026-02-08 23:53:57,433 INFO dara.search.tree Expanding node f9e194f4-057a-11f1-b47f-6805cae19192 with current phases ['Bi2O3_1010004', 'Ba8Y4Cu13.5O28.68_400087'], Rwp = 17.46
[36m(_remote_expand_node pid=2244226)[0m 2026-02-08 23:53:58,693 INFO dara.search.tree Race condition avoided: ['Bi2O3_1010004', 'Ba8Y4Cu13.5O28.68_400087', 'MoO3_1011043'] is already being processed by another worker.
[36m(_remote_expand_node pid=2244226)[0m 2026-02-08 23:53:58,694 INFO dara.search.tree Race condition avoided: ['Bi2O3_1010004', 'Ba8Y4Cu13.5O28.68_400087', 'Bi2Mo3O12_2107214'] is already being processed by another worker.
[36m(_remote_expand_node pid=2244226)[0m 2026-02-08 23:53:58,695 INFO dara.search.tree Race condition avoided: ['Bi2O3_1010004', 'Ba8Y4Cu13.5O28.68_400087', 'MnOOH_1011012'] is already being processed by another worker.
[36m(_remote_expand_node pid=2244226)[0m 2026-02-08 23:53:58,696 INFO dara.search.tree Race condition avoided: ['Bi2O3_1010004', 'Ba8Y4Cu13.5O28.68_400087', 'Gd2Co12P7_623390'] is already being processed by another worker.
[36m(_remote_expand_node pid=2244226)[0m 2026-02-08 23:53:58,696 INFO dara.search.tree Race condition avoided: ['Bi2O3_1010004', 'Ba8Y4Cu13.5O28.68_400087', 'NaVWO6_167776'] is already being processed by another worker.
[36m(_remote_expand_node pid=2244747)[0m 2026-02-08 23:54:00,526 INFO dara.search.tree Expanding node f9e2e4b2-057a-11f1-b47f-6805cae19192 with current phases ['Bi2O3_1010004', 'La16.48Zr15.52O56_130794'], Rwp = 17.35
[36m(_remote_expand_node pid=2244747)[0m 2026-02-08 23:54:09,388 INFO dara.search.tree Race condition avoided: ['Bi2O3_1010004', 'La16.48Zr15.52O56_130794', 'Ba8Y4Cu13.5O28.68_400087'] is already being processed by another worker.[32m [repeated 6x across cluster][0m
[36m(_remote_expand_node pid=2238257)[0m 2026-02-08 23:54:09,786 INFO dara.search.tree Overfitting detected for ['Bi2O3_1010004', 'NaVWO6_167776', 'Ti5Zn3.116Si12O45.62_191277']
[36m(_remote_expand_node pid=2238257)[0m 2026-02-08 23:54:09,786 INFO dara.search.tree Rpb improvement: -1.0799999999999983, lattice strain: 0.013155870122222954
[36m(_remote_expand_node pid=2244145)[0m 2026-02-08 23:54:10,148 INFO dara.search.tree Expanding node f9e49fa0-057a-11f1-b47f-6805cae19192 with current phases ['Bi2O3_1010004', 'Ti5Zn3.116Si12O45.62_191277'], Rwp = 17.26
[36m(_remote_expand_node pid=2244145)[0m 2026-02-08 23:54:10,694 INFO dara.search.tree Race condition avoided: ['Bi2O3_1010004', 'Ti5Zn3.116Si12O45.62_191277', 'La16.48Zr15.52O56_130794'] is already being processed by another worker.[32m [repeated 7x across cluster][0m
[36m(_remote_expand_node pid=2244226)[0m 2026-02-08 23:54:17,932 INFO dara.search.tree Overfitting detected for ['Bi2O3_1010004', 'Ba8Y4Cu13.5O28.68_400087', 'La16.48Zr15.52O56_130794']
[36m(_remote_expand_node pid=2244226)[0m 2026-02-08 23:54:17,932 INFO dara.search.tree Rpb improvement: 2.240000000000002, lattice strain: 0.0104012573964501
[36m(_remote_expand_node pid=2238257)[0m 2026-02-08 23:54:19,177 INFO dara.search.tree Expanding node f9ea7506-057a-11f1-b47f-6805cae19192 with current phases ['Bi2O3_1010004', 'Cu24Au4.8N8_290944'], Rwp = 16.94
[36m(_remote_expand_node pid=2244747)[0m 2026-02-08 23:54:21,840 INFO dara.search.tree Overfitting detected for ['Bi2O3_1010004', 'La16.48Zr15.52O56_130794', 'Ti5Zn3.116Si12O45.62_191277']
[36m(_remote_expand_node pid=2244747)[0m 2026-02-08 23:54:21,841 INFO dara.search.tree Rpb improvement: 0.7000000000000028, lattice strain: 0.00788076846693959
[36m(_remote_expand_node pid=2238257)[0m 2026-02-08 23:54:23,780 INFO dara.search.tree Race condition avoided: ['Bi2O3_1010004', 'Cu24Au4.8N8_290944', 'MoO3_1011043'] is already being processed by another worker.
[36m(_remote_expand_node pid=2238257)[0m 2026-02-08 23:54:23,782 INFO dara.search.tree Race condition avoided: ['Bi2O3_1010004', 'Cu24Au4.8N8_290944', 'Bi2Mo3O12_2107214'] is already being processed by another worker.
[36m(_remote_expand_node pid=2238257)[0m 2026-02-08 23:54:23,783 INFO dara.search.tree Race condition avoided: ['Bi2O3_1010004', 'Cu24Au4.8N8_290944', 'NaVWO6_167776'] is already being processed by another worker.
[36m(_remote_expand_node pid=2238257)[0m 2026-02-08 23:54:23,784 INFO dara.search.tree Race condition avoided: ['Bi2O3_1010004', 'Cu24Au4.8N8_290944', 'Gd2Co12P7_623390'] is already being processed by another worker.
[36m(_remote_expand_node pid=2238257)[0m 2026-02-08 23:54:23,785 INFO dara.search.tree Race condition avoided: ['Bi2O3_1010004', 'Cu24Au4.8N8_290944', 'MnOOH_1011012'] is already being processed by another worker.
[36m(_remote_expand_node pid=2238257)[0m 2026-02-08 23:54:23,786 INFO dara.search.tree Race condition avoided: ['Bi2O3_1010004', 'Cu24Au4.8N8_290944', 'Ba8Y4Cu13.5O28.68_400087'] is already being processed by another worker.
[36m(_remote_expand_node pid=2238257)[0m 2026-02-08 23:54:23,787 INFO dara.search.tree Race condition avoided: ['Bi2O3_1010004', 'Cu24Au4.8N8_290944', 'La16.48Zr15.52O56_130794'] is already being processed by another worker.
[36m(_remote_expand_node pid=2238257)[0m 2026-02-08 23:54:23,789 INFO dara.search.tree Race condition avoided: ['Bi2O3_1010004', 'Cu24Au4.8N8_290944', 'Ti5Zn3.116Si12O45.62_191277'] is already being processed by another worker.
[36m(_remote_expand_node pid=2245166)[0m 2026-02-08 23:54:23,147 INFO dara.search.tree Expanding node fbdddef2-057a-11f1-b0e5-6805cae19192 with current phases ['La16.48Zr15.52O56_130794', 'Ba8Y4Cu13.5O28.68_400087'], Rwp = 30.28
[36m(_remote_expand_node pid=2238257)[0m 2026-02-08 23:54:56,942 INFO dara.search.tree Overfitting detected for ['Bi2O3_1010004', 'Cu24Au4.8N8_290944', 'FeTiO3_1011033']
[36m(_remote_expand_node pid=2238257)[0m 2026-02-08 23:54:56,942 INFO dara.search.tree Rpb improvement: 0.5100000000000051, lattice strain: -0.004243784524739609
[36m(_remote_expand_node pid=2245166)[0m 2026-02-08 23:54:23,803 INFO dara.search.tree Race condition avoided: ['La16.48Zr15.52O56_130794', 'Ba8Y4Cu13.5O28.68_400087', 'MnOOH_1011012'] is already being processed by another worker.[32m [repeated 2x across cluster][0m
[36m(_remote_expand_node pid=2238257)[0m 2026-02-08 23:54:57,156 INFO dara.search.tree Expanding node fbdf69ac-057a-11f1-b0e5-6805cae19192 with current phases ['La16.48Zr15.52O56_130794', 'Cr2O3_1011067'], Rwp = 28.93
[36m(_remote_expand_node pid=2245166)[0m 2026-02-08 23:54:57,201 INFO dara.search.tree Overfitting detected for ['La16.48Zr15.52O56_130794', 'Ba8Y4Cu13.5O28.68_400087', 'Li2O_108886']
[36m(_remote_expand_node pid=2245166)[0m 2026-02-08 23:54:57,201 INFO dara.search.tree Rpb improvement: 5.340000000000003, lattice strain: -0.01687635574837312
[36m(_remote_expand_node pid=2244355)[0m 2026-02-08 23:54:59,072 INFO dara.search.tree Race condition avoided: ['La16.48Zr15.52O56_130794', 'Li2O_108886', 'Cr2O3_1011067'] is already being processed by another worker.[32m [repeated 6x across cluster][0m
[36m(_remote_expand_node pid=2244145)[0m 2026-02-08 23:55:21,710 INFO dara.search.tree Expanding node 0cfc6442-057b-11f1-bd16-6805cae19192 with current phases ['NiOOH_9012318', 'Bi2Mo3O12_2107214'], Rwp = 36.65[32m [repeated 2x across cluster][0m
[36m(_remote_expand_node pid=2244145)[0m 2026-02-08 23:55:01,390 INFO dara.search.tree Overfitting detected for ['Bi2O3_1010004', 'Ti5Zn3.116Si12O45.62_191277', 'NiOOH_9012318']
[36m(_remote_expand_node pid=2244145)[0m 2026-02-08 23:55:01,390 INFO dara.search.tree Rpb improvement: 1.6000000000000014, lattice strain: -0.006330202233555758
[36m(_remote_expand_node pid=2238257)[0m 2026-02-08 23:55:23,951 INFO dara.search.tree Overfitting detected for ['La16.48Zr15.52O56_130794', 'Cr2O3_1011067', 'MoO3_1011043']
[36m(_remote_expand_node pid=2238257)[0m 2026-02-08 23:55:23,951 INFO dara.search.tree Rpb improvement: 15.829999999999998, lattice strain: 0.005397908703665417
[36m(_remote_expand_node pid=2246734)[0m 2026-02-08 23:55:26,532 INFO dara.search.tree Race condition avoided: ['NiOOH_9012318', 'Ba8Y4Cu13.5O28.68_400087', 'La16.48Zr15.52O56_130794'] is already being processed by another worker.[32m [repeated 7x across cluster][0m
[36m(_remote_expand_node pid=2246824)[0m 2026-02-08 23:55:28,784 INFO dara.search.tree Expanding node 0cfe1d14-057b-11f1-bd16-6805cae19192 with current phases ['NiOOH_9012318', 'Li2.27Mn0.73N1_409444'], Rwp = 33.81[32m [repeated 2x across cluster][0m
[36m(_remote_expand_node pid=2246824)[0m 2026-02-08 23:55:48,858 INFO dara.search.tree Overfitting detected for ['NiOOH_9012318', 'Li2.27Mn0.73N1_409444', 'Bi2O3_1010004']
[36m(_remote_expand_node pid=2246824)[0m 2026-02-08 23:55:48,858 INFO dara.search.tree Rpb improvement: 49.77, lattice strain: 0.0034146253003079223
[36m(_remote_expand_node pid=2246824)[0m 2026-02-08 23:55:31,807 INFO dara.search.tree Race condition avoided: ['NiOOH_9012318', 'Li2.27Mn0.73N1_409444', 'MnOOH_1011012'] is already being processed by another worker.[32m [repeated 3x across cluster][0m
[36m(_remote_expand_node pid=2245920)[0m 2026-02-08 23:55:50,452 INFO dara.search.tree Expanding node 0d5b43f4-057b-11f1-aecb-6805cae19192 with current phases ['Li2.27Mn0.73N1_409444', 'Cr2O3_1011067'], Rwp = 32.51
[36m(_remote_expand_node pid=2246734)[0m 2026-02-08 23:56:03,833 INFO dara.search.tree Overfitting detected for ['NiOOH_9012318', 'Ba8Y4Cu13.5O28.68_400087', 'Bi2Mo3O12_2107214']
[36m(_remote_expand_node pid=2246734)[0m 2026-02-08 23:56:03,834 INFO dara.search.tree Rpb improvement: 10.420000000000002, lattice strain: 0.0038154386665182455
[36m(_remote_expand_node pid=2245920)[0m 2026-02-08 23:55:50,688 INFO dara.search.tree Race condition avoided: ['Li2.27Mn0.73N1_409444', 'Cr2O3_1011067', 'NiOOH_9012318'] is already being processed by another worker.[32m [repeated 3x across cluster][0m
[36m(_remote_expand_node pid=2235397)[0m 2026-02-08 23:56:04,143 INFO dara.search.tree Expanding node 0d5c2b2a-057b-11f1-aecb-6805cae19192 with current phases ['Li2.27Mn0.73N1_409444', 'MnF2_14142'], Rwp = 31.76
[36m(_remote_expand_node pid=2245920)[0m 2026-02-08 23:56:21,379 INFO dara.search.tree Overfitting detected for ['Li2.27Mn0.73N1_409444', 'Cr2O3_1011067', 'Bi2O3_1010004']
[36m(_remote_expand_node pid=2245920)[0m 2026-02-08 23:56:21,380 INFO dara.search.tree Rpb improvement: 46.699999999999996, lattice strain: 0.003402423460692036
[36m(_remote_expand_node pid=2235397)[0m 2026-02-08 23:56:04,934 INFO dara.search.tree Race condition avoided: ['Li2.27Mn0.73N1_409444', 'MnF2_14142', 'Cr2O3_1011067'] is already being processed by another worker.[32m [repeated 3x across cluster][0m
[36m(_remote_expand_node pid=2246911)[0m 2026-02-08 23:56:21,580 INFO dara.search.tree Expanding node 0d5d0450-057b-11f1-aecb-6805cae19192 with current phases ['Li2.27Mn0.73N1_409444', 'Li2O_108886'], Rwp = 30.56
[36m(_remote_expand_node pid=2246911)[0m 2026-02-08 23:56:45,153 INFO dara.search.tree Overfitting detected for ['Li2.27Mn0.73N1_409444', 'Li2O_108886', 'Bi2O3_1010004'][32m [repeated 2x across cluster][0m
[36m(_remote_expand_node pid=2246911)[0m 2026-02-08 23:56:45,153 INFO dara.search.tree Rpb improvement: 41.35999999999999, lattice strain: 0.003388164120128607[32m [repeated 2x across cluster][0m
[36m(_remote_expand_node pid=2246911)[0m 2026-02-08 23:56:22,007 INFO dara.search.tree Race condition avoided: ['Li2.27Mn0.73N1_409444', 'Li2O_108886', 'MnF2_14142'] is already being processed by another worker.[32m [repeated 5x across cluster][0m
[36m(_remote_expand_node pid=2245920)[0m 2026-02-08 23:56:21,985 INFO dara.search.tree Expanding node 0d7ca882-057b-11f1-b199-6805cae19192 with current phases ['Gd2Co12P7_623390', 'Bi2O3_1010004', 'Bi2Mo3O12_2107214'], Rwp = 14.87
[36m(_remote_expand_node pid=2244145)[0m 2026-02-08 23:56:56,081 INFO dara.search.tree Overfitting detected for ['NiOOH_9012318', 'Bi2Mo3O12_2107214', 'MoO3_1011043']
[36m(_remote_expand_node pid=2244145)[0m 2026-02-08 23:56:56,081 INFO dara.search.tree Rpb improvement: 29.400000000000006, lattice strain: 0.004939352390296384
[36m(_remote_expand_node pid=2246734)[0m 2026-02-08 23:57:10,909 INFO dara.search.tree Expanding node 3901e8be-057b-11f1-be0a-6805cae19192 with current phases ['Gd2Co12P7_623390', 'Bi2Mo3O12_2107214', 'NaVWO6_167776'], Rwp = 34.48
[36m(_remote_expand_node pid=2246734)[0m 2026-02-08 23:57:12,973 INFO dara.search.tree Race condition avoided: ['Gd2Co12P7_623390', 'Bi2Mo3O12_2107214', 'NaVWO6_167776', 'Bi2O3_1010004'] is already being processed by another worker.
[36m(_remote_expand_node pid=2248738)[0m 2026-02-08 23:57:16,426 INFO dara.search.tree Expanding node 3902bca8-057b-11f1-be0a-6805cae19192 with current phases ['Gd2Co12P7_623390', 'Bi2Mo3O12_2107214', 'Ba8Y4Cu13.5O28.68_400087'], Rwp = 35.91[32m [repeated 2x across cluster][0m
[36m(_remote_expand_node pid=2248738)[0m 2026-02-08 23:58:20,004 INFO dara.search.tree Overfitting detected for ['Gd2Co12P7_623390', 'Bi2Mo3O12_2107214', 'Ba8Y4Cu13.5O28.68_400087', 'MoO3_1011043']
[36m(_remote_expand_node pid=2248738)[0m 2026-02-08 23:58:20,004 INFO dara.search.tree Rpb improvement: 34.69, lattice strain: 0.005876271766870196
[36m(_remote_expand_node pid=2248738)[0m 2026-02-08 23:57:17,014 INFO dara.search.tree Race condition avoided: ['Gd2Co12P7_623390', 'Bi2Mo3O12_2107214', 'Ba8Y4Cu13.5O28.68_400087', 'NaVWO6_167776'] is already being processed by another worker.[32m [repeated 2x across cluster][0m
[36m(_remote_expand_node pid=2248821)[0m 2026-02-08 23:58:20,440 INFO dara.search.tree Expanding node 41973b96-057b-11f1-aecb-6805cae19192 with current phases ['MnOOH_1011012', 'Bi2Mo3O12_2107214', 'Ba8Y4Cu13.5O28.68_400087'], Rwp = 34.81
[36m(_remote_expand_node pid=2235397)[0m 2026-02-08 23:59:54,577 INFO dara.search.tree Race condition avoided: ['MnOOH_1011012', 'Bi2Mo3O12_2107214', 'Bi2O3_1010004', 'Gd2Co12P7_623390'] is already being processed by another worker.[32m [repeated 3x across cluster][0m
[36m(_remote_expand_node pid=2245920)[0m 2026-02-08 23:59:54,505 INFO dara.search.tree Overfitting detected for ['Gd2Co12P7_623390', 'Bi2O3_1010004', 'Bi2Mo3O12_2107214', 'MoO3_1011043']
[36m(_remote_expand_node pid=2245920)[0m 2026-02-08 23:59:54,505 INFO dara.search.tree Rpb improvement: 12.0, lattice strain: 0.0050928522748563835
[36m(_remote_expand_node pid=2245920)[0m 2026-02-08 23:59:54,605 INFO dara.search.tree Expanding node 4198ce48-057b-11f1-aecb-6805cae19192 with current phases ['MnOOH_1011012', 'Bi2Mo3O12_2107214', 'NaVWO6_167776'], Rwp = 33.32
[36m(_remote_expand_node pid=2245920)[0m 2026-02-09 00:00:30,350 INFO dara.search.tree Race condition avoided: ['MnOOH_1011012', 'Bi2Mo3O12_2107214', 'NaVWO6_167776', 'Gd2Co12P7_623390'] is already being processed by another worker.[32m [repeated 5x across cluster][0m
[36m(_remote_expand_node pid=2246734)[0m 2026-02-08 23:59:54,506 INFO dara.search.tree Overfitting detected for ['Gd2Co12P7_623390', 'Bi2Mo3O12_2107214', 'NaVWO6_167776', 'MoO3_1011043']
[36m(_remote_expand_node pid=2246734)[0m 2026-02-08 23:59:54,506 INFO dara.search.tree Rpb improvement: 22.799999999999997, lattice strain: 0.004530285804845766
[36m(_remote_expand_node pid=2246734)[0m 2026-02-08 23:59:54,584 INFO dara.search.tree Expanding node 41980de6-057b-11f1-aecb-6805cae19192 with current phases ['MnOOH_1011012', 'Bi2Mo3O12_2107214', 'MoO3_1011043'], Rwp = 26.51
[36m(_remote_expand_node pid=2235397)[0m 2026-02-09 00:00:44,713 INFO dara.search.tree Overfitting detected for ['MnOOH_1011012', 'Bi2Mo3O12_2107214', 'Bi2O3_1010004', 'NaVWO6_167776']
[36m(_remote_expand_node pid=2235397)[0m 2026-02-09 00:00:44,713 INFO dara.search.tree Rpb improvement: 0.4400000000000013, lattice strain: 0.011617384809126942
[36m(_remote_expand_node pid=2247191)[0m 2026-02-09 00:01:05,001 INFO dara.search.tree Expanding node 4996b588-057b-11f1-9196-6805cae19192 with current phases ['MnOOH_1011012', 'La16.48Zr15.52O56_130794', 'Bi2O3_1010004'], Rwp = 16.01
[36m(_remote_expand_node pid=2247191)[0m 2026-02-09 00:01:06,607 INFO dara.search.tree Race condition avoided: ['MnOOH_1011012', 'La16.48Zr15.52O56_130794', 'Bi2O3_1010004', 'Bi2Mo3O12_2107214'] is already being processed by another worker.
[36m(_remote_expand_node pid=2245920)[0m 2026-02-09 00:01:33,569 INFO dara.search.tree Overfitting detected for ['MnOOH_1011012', 'Bi2Mo3O12_2107214', 'NaVWO6_167776', 'MnF2_14142']
[36m(_remote_expand_node pid=2245920)[0m 2026-02-09 00:01:33,569 INFO dara.search.tree Rpb improvement: 0.12000000000000455, lattice strain: -0.007444002036495753
[36m(_remote_expand_node pid=2245427)[0m 2026-02-09 00:01:36,391 INFO dara.search.tree Expanding node 4997623a-057b-11f1-9196-6805cae19192 with current phases ['MnOOH_1011012', 'La16.48Zr15.52O56_130794', 'MoO3_1011043'], Rwp = 24.8
[36m(_remote_expand_node pid=2247191)[0m 2026-02-09 00:01:38,889 INFO dara.search.tree Overfitting detected for ['MnOOH_1011012', 'La16.48Zr15.52O56_130794', 'Bi2O3_1010004', 'MoO3_1011043']
[36m(_remote_expand_node pid=2247191)[0m 2026-02-09 00:01:38,890 INFO dara.search.tree Rpb improvement: 14.609999999999996, lattice strain: 0.005165964239887626
[36m(_remote_expand_node pid=2245427)[0m 2026-02-09 00:01:39,799 INFO dara.search.tree Race condition avoided: ['MnOOH_1011012', 'La16.48Zr15.52O56_130794', 'MoO3_1011043', 'Bi2O3_1010004'] is already being processed by another worker.
[36m(_remote_expand_node pid=2245427)[0m 2026-02-09 00:01:39,800 INFO dara.search.tree Race condition avoided: ['MnOOH_1011012', 'La16.48Zr15.52O56_130794', 'MoO3_1011043', 'Bi2Mo3O12_2107214'] is already being processed by another worker.
[36m(_remote_expand_node pid=2251211)[0m 2026-02-09 00:02:13,388 INFO dara.search.tree Overfitting detected for ['MnOOH_1011012', 'La16.48Zr15.52O56_130794', 'NaVWO6_167776', 'Gd2Co12P7_623390']
[36m(_remote_expand_node pid=2251211)[0m 2026-02-09 00:02:13,388 INFO dara.search.tree Rpb improvement: -1.4299999999999926, lattice strain: -0.016145237468330745
[36m(_remote_expand_node pid=2251211)[0m 2026-02-09 00:01:39,511 INFO dara.search.tree Expanding node 49988eb2-057b-11f1-9196-6805cae19192 with current phases ['MnOOH_1011012', 'La16.48Zr15.52O56_130794', 'NaVWO6_167776'], Rwp = 23.32
[36m(_remote_expand_node pid=2251211)[0m 2026-02-09 00:01:39,836 INFO dara.search.tree Race condition avoided: ['MnOOH_1011012', 'La16.48Zr15.52O56_130794', 'NaVWO6_167776', 'MoO3_1011043'] is already being processed by another worker.[32m [repeated 3x across cluster][0m
[36m(_remote_expand_node pid=2251478)[0m 2026-02-09 00:02:14,051 INFO dara.search.tree Expanding node 499b875c-057b-11f1-9196-6805cae19192 with current phases ['MnOOH_1011012', 'La16.48Zr15.52O56_130794', 'Ba8Y4Cu13.5O28.68_400087'], Rwp = 28.51
[36m(_remote_expand_node pid=2245427)[0m 2026-02-09 00:02:22,036 INFO dara.search.tree Overfitting detected for ['MnOOH_1011012', 'La16.48Zr15.52O56_130794', 'MoO3_1011043', 'NaVWO6_167776']
[36m(_remote_expand_node pid=2245427)[0m 2026-02-09 00:02:22,036 INFO dara.search.tree Rpb improvement: -2.0799999999999983, lattice strain: 0.013973203233187322
[36m(_remote_expand_node pid=2251478)[0m 2026-02-09 00:02:17,289 INFO dara.search.tree Race condition avoided: ['MnOOH_1011012', 'La16.48Zr15.52O56_130794', 'Ba8Y4Cu13.5O28.68_400087', 'NaVWO6_167776'] is already being processed by another worker.[32m [repeated 4x across cluster][0m
[36m(_remote_expand_node pid=2247191)[0m 2026-02-09 00:02:36,191 INFO dara.search.tree Expanding node 499c1e06-057b-11f1-9196-6805cae19192 with current phases ['MnOOH_1011012', 'La16.48Zr15.52O56_130794', 'Cr2O3_1011067'], Rwp = 25.44
[36m(_remote_expand_node pid=2247191)[0m 2026-02-09 00:02:37,844 INFO dara.search.tree Race condition avoided: ['MnOOH_1011012', 'La16.48Zr15.52O56_130794', 'Cr2O3_1011067', 'Bi2O3_1010004'] is already being processed by another worker.
[36m(_remote_expand_node pid=2247191)[0m 2026-02-09 00:02:37,847 INFO dara.search.tree Race condition avoided: ['MnOOH_1011012', 'La16.48Zr15.52O56_130794', 'Cr2O3_1011067', 'MoO3_1011043'] is already being processed by another worker.
[36m(_remote_expand_node pid=2247191)[0m 2026-02-09 00:02:37,849 INFO dara.search.tree Race condition avoided: ['MnOOH_1011012', 'La16.48Zr15.52O56_130794', 'Cr2O3_1011067', 'NaVWO6_167776'] is already being processed by another worker.
[36m(_remote_expand_node pid=2247191)[0m 2026-02-09 00:02:37,854 INFO dara.search.tree Race condition avoided: ['MnOOH_1011012', 'La16.48Zr15.52O56_130794', 'Cr2O3_1011067', 'Ba8Y4Cu13.5O28.68_400087'] is already being processed by another worker.
[36m(_remote_expand_node pid=2246734)[0m 2026-02-09 00:02:53,898 INFO dara.search.tree Overfitting detected for ['MnOOH_1011012', 'Bi2Mo3O12_2107214', 'MoO3_1011043', 'La16.48Zr15.52O56_130794']
[36m(_remote_expand_node pid=2246734)[0m 2026-02-09 00:02:53,898 INFO dara.search.tree Rpb improvement: 7.560000000000002, lattice strain: 0.023733357988165966
[36m(_remote_expand_node pid=2248738)[0m 2026-02-09 00:02:55,694 INFO dara.search.tree Expanding node 499e4532-057b-11f1-9196-6805cae19192 with current phases ['MnOOH_1011012', 'La16.48Zr15.52O56_130794', 'Li2O_108886'], Rwp = 24.0
[36m(_remote_expand_node pid=2248821)[0m 2026-02-09 00:02:58,681 INFO dara.search.tree Race condition avoided: ['Bi2O3_1010004', 'MoO3_1011043', 'Bi2Mo3O12_2107214', 'MnOOH_1011012'] is already being processed by another worker.
[36m(_remote_expand_node pid=2247191)[0m 2026-02-09 00:04:32,206 INFO dara.search.tree Overfitting detected for ['MnOOH_1011012', 'La16.48Zr15.52O56_130794', 'Cr2O3_1011067', 'Li2.27Mn0.73N1_409444'][32m [repeated 3x across cluster][0m
[36m(_remote_expand_node pid=2247191)[0m 2026-02-09 00:04:32,206 INFO dara.search.tree Rpb improvement: 5.540000000000006, lattice strain: 0.007438498985161083[32m [repeated 3x across cluster][0m
[36m(_remote_expand_node pid=2248821)[0m 2026-02-09 00:02:58,624 INFO dara.search.tree Expanding node a075d1c2-057b-11f1-a371-6805cae19192 with current phases ['Bi2O3_1010004', 'MoO3_1011043', 'Bi2Mo3O12_2107214'], Rwp = 7.49[32m [repeated 2x across cluster][0m
[36m(_remote_expand_node pid=2248738)[0m 2026-02-09 00:02:58,767 INFO dara.search.tree Race condition avoided: ['MnOOH_1011012', 'La16.48Zr15.52O56_130794', 'Li2O_108886', 'Cr2O3_1011067'] is already being processed by another worker.[32m [repeated 6x across cluster][0m
[36m(_remote_expand_node pid=2252387)[0m 2026-02-09 00:04:35,724 INFO dara.search.tree Expanding node a079347a-057b-11f1-a371-6805cae19192 with current phases ['Bi2O3_1010004', 'MoO3_1011043', 'La16.48Zr15.52O56_130794'], Rwp = 8.33[32m [repeated 2x across cluster][0m
[36m(_remote_expand_node pid=2252387)[0m 2026-02-09 00:04:37,938 INFO dara.search.tree Race condition avoided: ['Bi2O3_1010004', 'MoO3_1011043', 'La16.48Zr15.52O56_130794', 'Ba8Y4Cu13.5O28.68_400087'] is already being processed by another worker.[32m [repeated 4x across cluster][0m
[36m(_remote_expand_node pid=2247191)[0m 2026-02-09 00:05:00,054 INFO dara.search.tree Overfitting detected for ['Bi2O3_1010004', 'MoO3_1011043', 'Ba8Y4Cu13.5O28.68_400087', 'Gd2Co12P7_623390']
[36m(_remote_expand_node pid=2247191)[0m 2026-02-09 00:05:00,054 INFO dara.search.tree Rpb improvement: 0.23000000000000043, lattice strain: 0.01822153119751742
[36m(_remote_expand_node pid=2248821)[0m 2026-02-09 00:05:00,677 INFO dara.search.tree Expanding node a07f49b4-057b-11f1-a371-6805cae19192 with current phases ['Bi2O3_1010004', 'MoO3_1011043', 'SrTiO3_1512124'], Rwp = 9.23
[36m(_remote_expand_node pid=2248821)[0m 2026-02-09 00:05:00,736 INFO dara.search.tree Race condition avoided: ['Bi2O3_1010004', 'MoO3_1011043', 'SrTiO3_1512124', 'Bi2Mo3O12_2107214'] is already being processed by another worker.
[36m(_remote_expand_node pid=2248821)[0m 2026-02-09 00:05:00,741 INFO dara.search.tree Race condition avoided: ['Bi2O3_1010004', 'MoO3_1011043', 'SrTiO3_1512124', 'Ba8Y4Cu13.5O28.68_400087'] is already being processed by another worker.
[36m(_remote_expand_node pid=2248821)[0m 2026-02-09 00:05:00,742 INFO dara.search.tree Race condition avoided: ['Bi2O3_1010004', 'MoO3_1011043', 'SrTiO3_1512124', 'La16.48Zr15.52O56_130794'] is already being processed by another worker.
[36m(_remote_expand_node pid=2248821)[0m 2026-02-09 00:05:16,260 INFO dara.search.tree Overfitting detected for ['Bi2O3_1010004', 'MoO3_1011043', 'SrTiO3_1512124', 'NaVWO6_167776']
[36m(_remote_expand_node pid=2248821)[0m 2026-02-09 00:05:16,260 INFO dara.search.tree Rpb improvement: 0.620000000000001, lattice strain: 0.006057047656490777
[36m(_remote_expand_node pid=2252565)[0m 2026-02-09 00:05:16,568 INFO dara.search.tree Expanding node a6d0ee80-057b-11f1-9196-6805cae19192 with current phases ['NaVWO6_167776', 'Bi2Mo3O12_2107214', 'Bi2O3_1010004'], Rwp = 15.62
[36m(_remote_expand_node pid=2252565)[0m 2026-02-09 00:05:17,146 INFO dara.search.tree Race condition avoided: ['NaVWO6_167776', 'Bi2Mo3O12_2107214', 'Bi2O3_1010004', 'MoO3_1011043'] is already being processed by another worker.
[36m(_remote_expand_node pid=2252565)[0m 2026-02-09 00:05:17,147 INFO dara.search.tree Race condition avoided: ['NaVWO6_167776', 'Bi2Mo3O12_2107214', 'Bi2O3_1010004', 'Gd2Co12P7_623390'] is already being processed by another worker.
[36m(_remote_expand_node pid=2252565)[0m 2026-02-09 00:05:17,150 INFO dara.search.tree Race condition avoided: ['NaVWO6_167776', 'Bi2Mo3O12_2107214', 'Bi2O3_1010004', 'MnOOH_1011012'] is already being processed by another worker.
[36m(_remote_expand_node pid=2251478)[0m 2026-02-09 00:05:17,591 INFO dara.search.tree Overfitting detected for ['MnOOH_1011012', 'Rb7.924In7.924Ge8.076Se32_113353', 'Bi2Mo3O12_2107214', 'MoO3_1011043']
[36m(_remote_expand_node pid=2251478)[0m 2026-02-09 00:05:17,591 INFO dara.search.tree Rpb improvement: 20.289999999999992, lattice strain: 0.0030722898382330396
[36m(_remote_expand_node pid=2251211)[0m 2026-02-09 00:05:47,113 INFO dara.search.tree Expanding node b6a2dd14-057b-11f1-9fbc-6805cae19192 with current phases ['Bi2O3_1010004', 'Bi2Mo3O12_2107214', 'Ba8Y4Cu13.5O28.68_400087'], Rwp = 16.75
[36m(_remote_expand_node pid=2251211)[0m 2026-02-09 00:05:48,475 INFO dara.search.tree Race condition avoided: ['Bi2O3_1010004', 'Bi2Mo3O12_2107214', 'Ba8Y4Cu13.5O28.68_400087', 'NaVWO6_167776'] is already being processed by another worker.
[36m(_remote_expand_node pid=2251211)[0m 2026-02-09 00:05:48,476 INFO dara.search.tree Race condition avoided: ['Bi2O3_1010004', 'Bi2Mo3O12_2107214', 'Ba8Y4Cu13.5O28.68_400087', 'MoO3_1011043'] is already being processed by another worker.
[36m(_remote_expand_node pid=2251211)[0m 2026-02-09 00:05:48,477 INFO dara.search.tree Race condition avoided: ['Bi2O3_1010004', 'Bi2Mo3O12_2107214', 'Ba8Y4Cu13.5O28.68_400087', 'Gd2Co12P7_623390'] is already being processed by another worker.
[36m(_remote_expand_node pid=2251211)[0m 2026-02-09 00:05:48,479 INFO dara.search.tree Race condition avoided: ['Bi2O3_1010004', 'Bi2Mo3O12_2107214', 'Ba8Y4Cu13.5O28.68_400087', 'MnOOH_1011012'] is already being processed by another worker.
[36m(_remote_expand_node pid=2254153)[0m 2026-02-09 00:06:16,144 INFO dara.search.tree Expanding node b6a5a8dc-057b-11f1-9fbc-6805cae19192 with current phases ['Bi2O3_1010004', 'Bi2Mo3O12_2107214', 'Rb7.924In7.924Ge8.076Se32_113353'], Rwp = 16.84
[36m(_remote_expand_node pid=2254153)[0m 2026-02-09 00:06:20,020 INFO dara.search.tree Race condition avoided: ['Bi2O3_1010004', 'Bi2Mo3O12_2107214', 'Rb7.924In7.924Ge8.076Se32_113353', 'MoO3_1011043'] is already being processed by another worker.
[36m(_remote_expand_node pid=2252565)[0m 2026-02-09 00:06:20,363 INFO dara.search.tree Overfitting detected for ['NaVWO6_167776', 'Bi2Mo3O12_2107214', 'Bi2O3_1010004', 'Ti5Zn3.116Si12O45.62_191277']
[36m(_remote_expand_node pid=2252565)[0m 2026-02-09 00:06:20,364 INFO dara.search.tree Rpb improvement: 0.14000000000000057, lattice strain: 0.041474191912512864
[36m(_remote_expand_node pid=2247191)[0m 2026-02-09 00:06:35,662 INFO dara.search.tree Expanding node b6aa63e0-057b-11f1-9fbc-6805cae19192 with current phases ['Bi2O3_1010004', 'Bi2Mo3O12_2107214', 'SrTiO3_1512124'], Rwp = 16.72
[36m(_remote_expand_node pid=2247191)[0m 2026-02-09 00:06:37,672 INFO dara.search.tree Race condition avoided: ['Bi2O3_1010004', 'Bi2Mo3O12_2107214', 'SrTiO3_1512124', 'NaVWO6_167776'] is already being processed by another worker.
[36m(_remote_expand_node pid=2247191)[0m 2026-02-09 00:06:37,674 INFO dara.search.tree Race condition avoided: ['Bi2O3_1010004', 'Bi2Mo3O12_2107214', 'SrTiO3_1512124', 'MoO3_1011043'] is already being processed by another worker.
[36m(_remote_expand_node pid=2247191)[0m 2026-02-09 00:06:37,677 INFO dara.search.tree Race condition avoided: ['Bi2O3_1010004', 'Bi2Mo3O12_2107214', 'SrTiO3_1512124', 'Ba8Y4Cu13.5O28.68_400087'] is already being processed by another worker.
[36m(_remote_expand_node pid=2247191)[0m 2026-02-09 00:06:37,684 INFO dara.search.tree Race condition avoided: ['Bi2O3_1010004', 'Bi2Mo3O12_2107214', 'SrTiO3_1512124', 'MnOOH_1011012'] is already being processed by another worker.
[36m(_remote_expand_node pid=2247191)[0m 2026-02-09 00:06:37,685 INFO dara.search.tree Race condition avoided: ['Bi2O3_1010004', 'Bi2Mo3O12_2107214', 'SrTiO3_1512124', 'Gd2Co12P7_623390'] is already being processed by another worker.
[36m(_remote_expand_node pid=2251211)[0m 2026-02-09 00:06:39,622 INFO dara.search.tree Overfitting detected for ['Bi2O3_1010004', 'Bi2Mo3O12_2107214', 'Ba8Y4Cu13.5O28.68_400087', 'NiOOH_9012318']
[36m(_remote_expand_node pid=2251211)[0m 2026-02-09 00:06:39,622 INFO dara.search.tree Rpb improvement: 2.0, lattice strain: 0.004923640089525575
[36m(_remote_expand_node pid=2255600)[0m 2026-02-09 00:06:42,343 INFO dara.search.tree Expanding node b6acefca-057b-11f1-9fbc-6805cae19192 with current phases ['Bi2O3_1010004', 'Bi2Mo3O12_2107214', 'Cu24Au4.8N8_290944'], Rwp = 16.32
[36m(_remote_expand_node pid=2255600)[0m 2026-02-09 00:06:43,301 INFO dara.search.tree Race condition avoided: ['Bi2O3_1010004', 'Bi2Mo3O12_2107214', 'Cu24Au4.8N8_290944', 'SrTiO3_1512124'] is already being processed by another worker.[32m [repeated 6x across cluster][0m
[36m(_remote_expand_node pid=2254153)[0m 2026-02-09 00:06:57,743 INFO dara.search.tree Overfitting detected for ['Bi2O3_1010004', 'Bi2Mo3O12_2107214', 'Rb7.924In7.924Ge8.076Se32_113353', 'NaVWO6_167776']
[36m(_remote_expand_node pid=2254153)[0m 2026-02-09 00:06:57,744 INFO dara.search.tree Rpb improvement: 2.280000000000001, lattice strain: 0.0123777814328583
[36m(_remote_expand_node pid=2255842)[0m 2026-02-09 00:06:59,699 INFO dara.search.tree Expanding node dcf70ac6-057b-11f1-b0eb-6805cae19192 with current phases ['La16.48Zr15.52O56_130794', 'Ba8Y4Cu13.5O28.68_400087', 'Bi2Mo3O12_2107214'], Rwp = 30.57
[36m(_remote_expand_node pid=2255842)[0m 2026-02-09 00:07:01,035 INFO dara.search.tree Race condition avoided: ['La16.48Zr15.52O56_130794', 'Ba8Y4Cu13.5O28.68_400087', 'Bi2Mo3O12_2107214', 'Bi2O3_1010004'] is already being processed by another worker.
[36m(_remote_expand_node pid=2255842)[0m 2026-02-09 00:07:01,043 INFO dara.search.tree Race condition avoided: ['La16.48Zr15.52O56_130794', 'Ba8Y4Cu13.5O28.68_400087', 'Bi2Mo3O12_2107214', 'MnOOH_1011012'] is already being processed by another worker.
[36m(_remote_expand_node pid=2255842)[0m 2026-02-09 00:07:01,044 INFO dara.search.tree Race condition avoided: ['La16.48Zr15.52O56_130794', 'Ba8Y4Cu13.5O28.68_400087', 'Bi2Mo3O12_2107214', 'Gd2Co12P7_623390'] is already being processed by another worker.
[36m(_remote_expand_node pid=2247191)[0m 2026-02-09 00:07:08,583 INFO dara.search.tree Overfitting detected for ['Bi2O3_1010004', 'Bi2Mo3O12_2107214', 'SrTiO3_1512124', 'Ti5Zn3.116Si12O45.62_191277']
[36m(_remote_expand_node pid=2247191)[0m 2026-02-09 00:07:08,583 INFO dara.search.tree Rpb improvement: 0.6499999999999986, lattice strain: 0.015364887993646556
[36m(_remote_expand_node pid=2256020)[0m 2026-02-09 00:07:09,469 INFO dara.search.tree Expanding node dcf7ca56-057b-11f1-b0eb-6805cae19192 with current phases ['La16.48Zr15.52O56_130794', 'Ba8Y4Cu13.5O28.68_400087', 'MoO3_1011043'], Rwp = 23.69
[36m(_remote_expand_node pid=2256020)[0m 2026-02-09 00:07:12,882 INFO dara.search.tree Race condition avoided: ['La16.48Zr15.52O56_130794', 'Ba8Y4Cu13.5O28.68_400087', 'MoO3_1011043', 'Bi2Mo3O12_2107214'] is already being processed by another worker.
[36m(_remote_expand_node pid=2256020)[0m 2026-02-09 00:07:12,884 INFO dara.search.tree Race condition avoided: ['La16.48Zr15.52O56_130794', 'Ba8Y4Cu13.5O28.68_400087', 'MoO3_1011043', 'Bi2O3_1010004'] is already being processed by another worker.
[36m(_remote_expand_node pid=2256020)[0m 2026-02-09 00:07:12,889 INFO dara.search.tree Race condition avoided: ['La16.48Zr15.52O56_130794', 'Ba8Y4Cu13.5O28.68_400087', 'MoO3_1011043', 'MnOOH_1011012'] is already being processed by another worker.
[36m(_remote_expand_node pid=2256020)[0m 2026-02-09 00:07:33,523 INFO dara.search.tree Overfitting detected for ['La16.48Zr15.52O56_130794', 'Ba8Y4Cu13.5O28.68_400087', 'MoO3_1011043', 'Gd2Co12P7_623390']
[36m(_remote_expand_node pid=2256020)[0m 2026-02-09 00:07:33,523 INFO dara.search.tree Rpb improvement: -9.39, lattice strain: 0
[36m(_remote_expand_node pid=2255600)[0m 2026-02-09 00:07:33,728 INFO dara.search.tree Overfitting detected for ['Bi2O3_1010004', 'Bi2Mo3O12_2107214', 'Cu24Au4.8N8_290944', 'Rb7.924In7.924Ge8.076Se32_113353']
[36m(_remote_expand_node pid=2255600)[0m 2026-02-09 00:07:33,728 INFO dara.search.tree Rpb improvement: 2.9800000000000004, lattice strain: 0.010153964950738354
[36m(_remote_expand_node pid=2256020)[0m 2026-02-09 00:07:33,743 INFO dara.search.tree Expanding node dcf88a18-057b-11f1-b0eb-6805cae19192 with current phases ['La16.48Zr15.52O56_130794', 'Ba8Y4Cu13.5O28.68_400087', 'NaVWO6_167776'], Rwp = 27.56
[36m(_remote_expand_node pid=2255071)[0m 2026-02-09 00:07:45,150 INFO dara.search.tree Expanding node dcf981f2-057b-11f1-b0eb-6805cae19192 with current phases ['La16.48Zr15.52O56_130794', 'Ba8Y4Cu13.5O28.68_400087', 'Gd2Co12P7_623390'], Rwp = 28.01
[36m(_remote_expand_node pid=2256020)[0m 2026-02-09 00:07:45,184 INFO dara.search.tree Race condition avoided: ['La16.48Zr15.52O56_130794', 'Ba8Y4Cu13.5O28.68_400087', 'NaVWO6_167776', 'Bi2Mo3O12_2107214'] is already being processed by another worker.
[36m(_remote_expand_node pid=2256020)[0m 2026-02-09 00:07:45,185 INFO dara.search.tree Race condition avoided: ['La16.48Zr15.52O56_130794', 'Ba8Y4Cu13.5O28.68_400087', 'NaVWO6_167776', 'MoO3_1011043'] is already being processed by another worker.
[36m(_remote_expand_node pid=2256020)[0m 2026-02-09 00:07:45,186 INFO dara.search.tree Race condition avoided: ['La16.48Zr15.52O56_130794', 'Ba8Y4Cu13.5O28.68_400087', 'NaVWO6_167776', 'MnOOH_1011012'] is already being processed by another worker.
[36m(_remote_expand_node pid=2256020)[0m 2026-02-09 00:08:47,349 INFO dara.search.tree Overfitting detected for ['La16.48Zr15.52O56_130794', 'Ba8Y4Cu13.5O28.68_400087', 'NaVWO6_167776', 'Bi2O3_1010004']
[36m(_remote_expand_node pid=2256020)[0m 2026-02-09 00:08:47,349 INFO dara.search.tree Rpb improvement: 39.71, lattice strain: 0.0035229724730279754
[36m(_remote_expand_node pid=2255071)[0m 2026-02-09 00:07:48,788 INFO dara.search.tree Race condition avoided: ['La16.48Zr15.52O56_130794', 'Ba8Y4Cu13.5O28.68_400087', 'Gd2Co12P7_623390', 'MnOOH_1011012'] is already being processed by another worker.[32m [repeated 4x across cluster][0m
[36m(_remote_expand_node pid=2256020)[0m 2026-02-09 00:08:47,473 INFO dara.search.tree Expanding node dfb8c470-057b-11f1-8f64-6805cae19192 with current phases ['MoO3_1011043', 'Bi2Mo3O12_2107214'], Rwp = 27.41
[36m(_remote_expand_node pid=2255071)[0m 2026-02-09 00:08:47,758 INFO dara.search.tree Overfitting detected for ['La16.48Zr15.52O56_130794', 'Ba8Y4Cu13.5O28.68_400087', 'Gd2Co12P7_623390', 'Bi2O3_1010004']
[36m(_remote_expand_node pid=2255071)[0m 2026-02-09 00:08:47,758 INFO dara.search.tree Rpb improvement: 43.68000000000001, lattice strain: 0.003255371454594546
[36m(_remote_expand_node pid=2256020)[0m 2026-02-09 00:08:47,832 INFO dara.search.tree Race condition avoided: ['MoO3_1011043', 'Bi2Mo3O12_2107214', 'NiOOH_9012318'] is already being processed by another worker.[32m [repeated 5x across cluster][0m
[36m(_remote_expand_node pid=2248821)[0m 2026-02-09 00:09:13,319 INFO dara.search.tree Expanding node dfb97992-057b-11f1-8f64-6805cae19192 with current phases ['MoO3_1011043', 'Ba8Y4Cu13.5O28.68_400087'], Rwp = 25.5
[36m(_remote_expand_node pid=2248821)[0m 2026-02-09 00:09:23,306 INFO dara.search.tree Race condition avoided: ['MoO3_1011043', 'Ba8Y4Cu13.5O28.68_400087', 'NiOOH_9012318'] is already being processed by another worker.[32m [repeated 5x across cluster][0m
[36m(_remote_expand_node pid=2256020)[0m 2026-02-09 00:09:23,628 INFO dara.search.tree Overfitting detected for ['MoO3_1011043', 'Bi2Mo3O12_2107214', 'La16.48Zr15.52O56_130794']
[36m(_remote_expand_node pid=2256020)[0m 2026-02-09 00:09:23,628 INFO dara.search.tree Rpb improvement: 6.039999999999999, lattice strain: 0.023788831360946987
[36m(_remote_expand_node pid=2257960)[0m 2026-02-09 00:09:58,576 INFO dara.search.tree Expanding node dfbb4416-057b-11f1-8f64-6805cae19192 with current phases ['MoO3_1011043', 'FeTiO3_1011033'], Rwp = 27.34
[36m(_remote_expand_node pid=2257960)[0m 2026-02-09 00:10:00,170 INFO dara.search.tree Race condition avoided: ['MoO3_1011043', 'FeTiO3_1011033', 'Bi2O3_1010004'] is already being processed by another worker.
[36m(_remote_expand_node pid=2257960)[0m 2026-02-09 00:10:00,172 INFO dara.search.tree Race condition avoided: ['MoO3_1011043', 'FeTiO3_1011033', 'Bi2Mo3O12_2107214'] is already being processed by another worker.
[36m(_remote_expand_node pid=2257960)[0m 2026-02-09 00:10:00,174 INFO dara.search.tree Race condition avoided: ['MoO3_1011043', 'FeTiO3_1011033', 'Ba8Y4Cu13.5O28.68_400087'] is already being processed by another worker.
[36m(_remote_expand_node pid=2257960)[0m 2026-02-09 00:10:00,176 INFO dara.search.tree Race condition avoided: ['MoO3_1011043', 'FeTiO3_1011033', 'MnOOH_1011012'] is already being processed by another worker.
[36m(_remote_expand_node pid=2248821)[0m 2026-02-09 00:10:06,351 INFO dara.search.tree Overfitting detected for ['MoO3_1011043', 'Ba8Y4Cu13.5O28.68_400087', 'Li2O_108886']
[36m(_remote_expand_node pid=2248821)[0m 2026-02-09 00:10:06,351 INFO dara.search.tree Rpb improvement: 2.469999999999999, lattice strain: 0.01542299349240782
[36m(_remote_expand_node pid=2256666)[0m 2026-02-09 00:10:06,712 INFO dara.search.tree Expanding node dfbd02b0-057b-11f1-8f64-6805cae19192 with current phases ['MoO3_1011043', 'Li2.27Mn0.73N1_409444'], Rwp = 26.67
[36m(_remote_expand_node pid=2256666)[0m 2026-02-09 00:10:07,568 INFO dara.search.tree Race condition avoided: ['MoO3_1011043', 'Li2.27Mn0.73N1_409444', 'Bi2O3_1010004'] is already being processed by another worker.
[36m(_remote_expand_node pid=2256666)[0m 2026-02-09 00:10:07,569 INFO dara.search.tree Race condition avoided: ['MoO3_1011043', 'Li2.27Mn0.73N1_409444', 'Bi2Mo3O12_2107214'] is already being processed by another worker.
[36m(_remote_expand_node pid=2256666)[0m 2026-02-09 00:10:07,572 INFO dara.search.tree Race condition avoided: ['MoO3_1011043', 'Li2.27Mn0.73N1_409444', 'Ba8Y4Cu13.5O28.68_400087'] is already being processed by another worker.
[36m(_remote_expand_node pid=2256666)[0m 2026-02-09 00:10:07,573 INFO dara.search.tree Race condition avoided: ['MoO3_1011043', 'Li2.27Mn0.73N1_409444', 'MnOOH_1011012'] is already being processed by another worker.
[36m(_remote_expand_node pid=2256666)[0m 2026-02-09 00:10:07,574 INFO dara.search.tree Race condition avoided: ['MoO3_1011043', 'Li2.27Mn0.73N1_409444', 'FeTiO3_1011033'] is already being processed by another worker.
[36m(_remote_expand_node pid=2256666)[0m 2026-02-09 00:10:07,575 INFO dara.search.tree Race condition avoided: ['MoO3_1011043', 'Li2.27Mn0.73N1_409444', 'NiOOH_9012318'] is already being processed by another worker.
[36m(_remote_expand_node pid=2256666)[0m 2026-02-09 00:10:07,577 INFO dara.search.tree Race condition avoided: ['MoO3_1011043', 'Li2.27Mn0.73N1_409444', 'Cr2O3_1011067'] is already being processed by another worker.
[36m(_remote_expand_node pid=2256666)[0m 2026-02-09 00:10:07,578 INFO dara.search.tree Race condition avoided: ['MoO3_1011043', 'Li2.27Mn0.73N1_409444', 'MnF2_14142'] is already being processed by another worker.
[36m(_remote_expand_node pid=2256666)[0m 2026-02-09 00:10:07,581 INFO dara.search.tree Race condition avoided: ['MoO3_1011043', 'Li2.27Mn0.73N1_409444', 'Li2O_108886'] is already being processed by another worker.
[36m(_remote_expand_node pid=2255842)[0m 2026-02-09 00:10:11,503 INFO dara.search.tree Overfitting detected for ['La16.48Zr15.52O56_130794', 'Ba8Y4Cu13.5O28.68_400087', 'Bi2Mo3O12_2107214', 'NaVWO6_167776']
[36m(_remote_expand_node pid=2255842)[0m 2026-02-09 00:10:11,503 INFO dara.search.tree Rpb improvement: 2.1599999999999966, lattice strain: -0.015573700989166718
[36m(_remote_expand_node pid=2248821)[0m 2026-02-09 00:10:12,165 INFO dara.search.tree Expanding node dfbe5bd8-057b-11f1-8f64-6805cae19192 with current phases ['MoO3_1011043', 'SrTiO3_1512124'], Rwp = 25.94
[36m(_remote_expand_node pid=2248821)[0m 2026-02-09 00:10:13,160 INFO dara.search.tree Race condition avoided: ['MoO3_1011043', 'SrTiO3_1512124', 'Li2.27Mn0.73N1_409444'] is already being processed by another worker.[32m [repeated 5x across cluster][0m
[36m(_remote_expand_node pid=2258272)[0m 2026-02-09 00:10:20,757 INFO dara.search.tree Expanding node dfc0bfd6-057b-11f1-8f64-6805cae19192 with current phases ['MoO3_1011043', 'Li2O_108886'], Rwp = 24.09
[36m(_remote_expand_node pid=2258272)[0m 2026-02-09 00:10:20,888 INFO dara.search.tree Race condition avoided: ['MoO3_1011043', 'Li2O_108886', 'Bi2O3_1010004'] is already being processed by another worker.
[36m(_remote_expand_node pid=2258272)[0m 2026-02-09 00:10:20,889 INFO dara.search.tree Race condition avoided: ['MoO3_1011043', 'Li2O_108886', 'Bi2Mo3O12_2107214'] is already being processed by another worker.
[36m(_remote_expand_node pid=2258272)[0m 2026-02-09 00:10:20,891 INFO dara.search.tree Race condition avoided: ['MoO3_1011043', 'Li2O_108886', 'Ba8Y4Cu13.5O28.68_400087'] is already being processed by another worker.
[36m(_remote_expand_node pid=2258272)[0m 2026-02-09 00:10:20,892 INFO dara.search.tree Race condition avoided: ['MoO3_1011043', 'Li2O_108886', 'MnOOH_1011012'] is already being processed by another worker.
[36m(_remote_expand_node pid=2258272)[0m 2026-02-09 00:10:20,893 INFO dara.search.tree Race condition avoided: ['MoO3_1011043', 'Li2O_108886', 'La16.48Zr15.52O56_130794'] is already being processed by another worker.
[36m(_remote_expand_node pid=2258272)[0m 2026-02-09 00:10:20,897 INFO dara.search.tree Race condition avoided: ['MoO3_1011043', 'Li2O_108886', 'FeTiO3_1011033'] is already being processed by another worker.
[36m(_remote_expand_node pid=2258272)[0m 2026-02-09 00:10:20,904 INFO dara.search.tree Race condition avoided: ['MoO3_1011043', 'Li2O_108886', 'Li2.27Mn0.73N1_409444'] is already being processed by another worker.
[36m(_remote_expand_node pid=2258272)[0m 2026-02-09 00:10:20,906 INFO dara.search.tree Race condition avoided: ['MoO3_1011043', 'Li2O_108886', 'SrTiO3_1512124'] is already being processed by another worker.
[36m(_remote_expand_node pid=2257960)[0m 2026-02-09 00:10:23,305 INFO dara.search.tree Overfitting detected for ['MoO3_1011043', 'FeTiO3_1011033', 'NaVWO6_167776']
[36m(_remote_expand_node pid=2257960)[0m 2026-02-09 00:10:23,305 INFO dara.search.tree Rpb improvement: -0.4200000000000017, lattice strain: 0.014111777323167507
[36m(_remote_expand_node pid=2256666)[0m 2026-02-09 00:10:28,158 INFO dara.search.tree Expanding node 2e092a48-057c-11f1-bcf5-6805cae19192 with current phases ['La16.48Zr15.52O56_130794', 'Li2O_108886', 'Bi2Mo3O12_2107214'], Rwp = 27.23
[36m(_remote_expand_node pid=2256666)[0m 2026-02-09 00:10:28,267 INFO dara.search.tree Race condition avoided: ['La16.48Zr15.52O56_130794', 'Li2O_108886', 'Bi2Mo3O12_2107214', 'MnOOH_1011012'] is already being processed by another worker.
[36m(_remote_expand_node pid=2256666)[0m 2026-02-09 00:10:28,268 INFO dara.search.tree Race condition avoided: ['La16.48Zr15.52O56_130794', 'Li2O_108886', 'Bi2Mo3O12_2107214', 'Ba8Y4Cu13.5O28.68_400087'] is already being processed by another worker.
[36m(_remote_expand_node pid=2248821)[0m 2026-02-09 00:10:28,799 INFO dara.search.tree Overfitting detected for ['MoO3_1011043', 'SrTiO3_1512124', 'NaVWO6_167776']
[36m(_remote_expand_node pid=2248821)[0m 2026-02-09 00:10:28,799 INFO dara.search.tree Rpb improvement: -3.039999999999992, lattice strain: 0.014148035415520533
[36m(_remote_expand_node pid=2257960)[0m 2026-02-09 00:10:59,000 INFO dara.search.tree Expanding node 2e0a11ce-057c-11f1-bcf5-6805cae19192 with current phases ['La16.48Zr15.52O56_130794', 'Li2O_108886', 'MoO3_1011043'], Rwp = 21.87
[36m(_remote_expand_node pid=2257960)[0m 2026-02-09 00:11:00,040 INFO dara.search.tree Race condition avoided: ['La16.48Zr15.52O56_130794', 'Li2O_108886', 'MoO3_1011043', 'Bi2O3_1010004'] is already being processed by another worker.
[36m(_remote_expand_node pid=2257960)[0m 2026-02-09 00:11:00,041 INFO dara.search.tree Race condition avoided: ['La16.48Zr15.52O56_130794', 'Li2O_108886', 'MoO3_1011043', 'Bi2Mo3O12_2107214'] is already being processed by another worker.
[36m(_remote_expand_node pid=2257960)[0m 2026-02-09 00:11:00,044 INFO dara.search.tree Race condition avoided: ['La16.48Zr15.52O56_130794', 'Li2O_108886', 'MoO3_1011043', 'Ba8Y4Cu13.5O28.68_400087'] is already being processed by another worker.
[36m(_remote_expand_node pid=2257960)[0m 2026-02-09 00:11:00,045 INFO dara.search.tree Race condition avoided: ['La16.48Zr15.52O56_130794', 'Li2O_108886', 'MoO3_1011043', 'MnOOH_1011012'] is already being processed by another worker.
[36m(_remote_expand_node pid=2255600)[0m 2026-02-09 00:11:06,058 INFO dara.search.tree Expanding node ac206388-057c-11f1-9f85-6805cae19192 with current phases ['MnOOH_1011012', 'Bi2Mo3O12_2107214', 'Bi2O3_1010004', 'MoO3_1011043'], Rwp = 7.02
[36m(_remote_expand_node pid=2256666)[0m 2026-02-09 00:11:12,251 INFO dara.search.tree Overfitting detected for ['La16.48Zr15.52O56_130794', 'Li2O_108886', 'Bi2Mo3O12_2107214', 'Bi2O3_1010004']
[36m(_remote_expand_node pid=2256666)[0m 2026-02-09 00:11:12,251 INFO dara.search.tree Rpb improvement: 38.31, lattice strain: 0.0033566498594245976
[36m(_remote_expand_node pid=2259825)[0m 2026-02-09 00:11:13,486 INFO dara.search.tree Expanding node c93944ee-057c-11f1-9f4e-6805cae19192 with current phases ['MnOOH_1011012', 'Bi2Mo3O12_2107214', 'NaVWO6_167776', 'Rb7.924In7.924Ge8.076Se32_113353'], Rwp = 32.46
[36m(_remote_expand_node pid=2255600)[0m 2026-02-09 00:11:40,453 INFO dara.search.tree Overfitting detected for ['MnOOH_1011012', 'Bi2Mo3O12_2107214', 'Bi2O3_1010004', 'MoO3_1011043', 'NaVWO6_167776']
[36m(_remote_expand_node pid=2255600)[0m 2026-02-09 00:11:40,453 INFO dara.search.tree Rpb improvement: -1.2800000000000011, lattice strain: 0.004843016358667035
[36m(_remote_expand_node pid=2257960)[0m 2026-02-09 00:11:40,458 INFO dara.search.tree Expanding node c93af686-057c-11f1-9f4e-6805cae19192 with current phases ['MnOOH_1011012', 'Bi2Mo3O12_2107214', 'NaVWO6_167776', 'FeTiO3_1011033'], Rwp = 31.13
[36m(_remote_expand_node pid=2255842)[0m 2026-02-09 00:11:47,533 INFO dara.search.tree Expanding node c93bc520-057c-11f1-9f4e-6805cae19192 with current phases ['MnOOH_1011012', 'Bi2Mo3O12_2107214', 'NaVWO6_167776', 'La16.48Zr15.52O56_130794'], Rwp = 29.93
[36m(_remote_expand_node pid=2255842)[0m 2026-02-09 00:11:51,338 INFO dara.search.tree Race condition avoided: ['MnOOH_1011012', 'Bi2Mo3O12_2107214', 'NaVWO6_167776', 'La16.48Zr15.52O56_130794', 'FeTiO3_1011033'] is already being processed by another worker.
[36m(_remote_expand_node pid=2255842)[0m 2026-02-09 00:11:51,340 INFO dara.search.tree Race condition avoided: ['MnOOH_1011012', 'Bi2Mo3O12_2107214', 'NaVWO6_167776', 'La16.48Zr15.52O56_130794', 'Rb7.924In7.924Ge8.076Se32_113353'] is already being processed by another worker.
[36m(_remote_expand_node pid=2255842)[0m 2026-02-09 00:13:23,413 INFO dara.search.tree Overfitting detected for ['MnOOH_1011012', 'Bi2Mo3O12_2107214', 'NaVWO6_167776', 'La16.48Zr15.52O56_130794', 'Bi2O3_1010004']
[36m(_remote_expand_node pid=2255842)[0m 2026-02-09 00:13:23,413 INFO dara.search.tree Rpb improvement: 50.51, lattice strain: 0.003438891721910555
[36m(_remote_expand_node pid=2248821)[0m 2026-02-09 00:13:24,478 INFO dara.search.tree Expanding node c93d5a3e-057c-11f1-9f4e-6805cae19192 with current phases ['MnOOH_1011012', 'Bi2Mo3O12_2107214', 'NaVWO6_167776', 'Li2.27Mn0.73N1_409444'], Rwp = 29.41
[36m(_remote_expand_node pid=2248821)[0m 2026-02-09 00:13:39,509 INFO dara.search.tree Race condition avoided: ['MnOOH_1011012', 'Bi2Mo3O12_2107214', 'NaVWO6_167776', 'Li2.27Mn0.73N1_409444', 'FeTiO3_1011033'] is already being processed by another worker.
[36m(_remote_expand_node pid=2248821)[0m 2026-02-09 00:13:39,514 INFO dara.search.tree Race condition avoided: ['MnOOH_1011012', 'Bi2Mo3O12_2107214', 'NaVWO6_167776', 'Li2.27Mn0.73N1_409444', 'La16.48Zr15.52O56_130794'] is already being processed by another worker.
[36m(_remote_expand_node pid=2248821)[0m 2026-02-09 00:14:58,068 INFO dara.search.tree Overfitting detected for ['MnOOH_1011012', 'Bi2Mo3O12_2107214', 'NaVWO6_167776', 'Li2.27Mn0.73N1_409444', 'Bi2O3_1010004']
[36m(_remote_expand_node pid=2248821)[0m 2026-02-09 00:14:58,069 INFO dara.search.tree Rpb improvement: 42.74999999999999, lattice strain: 0.003548380587226339
[36m(_remote_expand_node pid=2255600)[0m 2026-02-09 00:15:08,996 INFO dara.search.tree Expanding node c93eca36-057c-11f1-9f4e-6805cae19192 with current phases ['MnOOH_1011012', 'Bi2Mo3O12_2107214', 'NaVWO6_167776', 'Cr2O3_1011067'], Rwp = 31.27
[36m(_remote_expand_node pid=2255600)[0m 2026-02-09 00:15:14,365 INFO dara.search.tree Race condition avoided: ['MnOOH_1011012', 'Bi2Mo3O12_2107214', 'NaVWO6_167776', 'Cr2O3_1011067', 'FeTiO3_1011033'] is already being processed by another worker.
[36m(_remote_expand_node pid=2255600)[0m 2026-02-09 00:15:14,366 INFO dara.search.tree Race condition avoided: ['MnOOH_1011012', 'Bi2Mo3O12_2107214', 'NaVWO6_167776', 'Cr2O3_1011067', 'Rb7.924In7.924Ge8.076Se32_113353'] is already being processed by another worker.
[36m(_remote_expand_node pid=2255600)[0m 2026-02-09 00:15:14,367 INFO dara.search.tree Race condition avoided: ['MnOOH_1011012', 'Bi2Mo3O12_2107214', 'NaVWO6_167776', 'Cr2O3_1011067', 'La16.48Zr15.52O56_130794'] is already being processed by another worker.
[36m(_remote_expand_node pid=2255600)[0m 2026-02-09 00:15:14,371 INFO dara.search.tree Race condition avoided: ['MnOOH_1011012', 'Bi2Mo3O12_2107214', 'NaVWO6_167776', 'Cr2O3_1011067', 'Li2.27Mn0.73N1_409444'] is already being processed by another worker.
[36m(_remote_expand_node pid=2257960)[0m 2026-02-09 00:15:46,151 INFO dara.search.tree Overfitting detected for ['MnOOH_1011012', 'Bi2Mo3O12_2107214', 'NaVWO6_167776', 'FeTiO3_1011033', 'Bi2O3_1010004']
[36m(_remote_expand_node pid=2257960)[0m 2026-02-09 00:15:46,151 INFO dara.search.tree Rpb improvement: 47.36, lattice strain: 0.003620703540792304
[36m(_remote_expand_node pid=2260200)[0m 2026-02-09 00:15:51,343 INFO dara.search.tree Expanding node f91dd53a-057c-11f1-b5bb-6805cae19192 with current phases ['MnOOH_1011012', 'Bi2Mo3O12_2107214', 'MoO3_1011043', 'NaVWO6_167776'], Rwp = 26.14
[36m(_remote_expand_node pid=2260200)[0m 2026-02-09 00:16:06,203 INFO dara.search.tree Race condition avoided: ['MnOOH_1011012', 'Bi2Mo3O12_2107214', 'MoO3_1011043', 'NaVWO6_167776', 'Bi2O3_1010004'] is already being processed by another worker.
[36m(_remote_expand_node pid=2260200)[0m 2026-02-09 00:16:06,205 INFO dara.search.tree Race condition avoided: ['MnOOH_1011012', 'Bi2Mo3O12_2107214', 'MoO3_1011043', 'NaVWO6_167776', 'FeTiO3_1011033'] is already being processed by another worker.
[36m(_remote_expand_node pid=2260200)[0m 2026-02-09 00:16:06,206 INFO dara.search.tree Race condition avoided: ['MnOOH_1011012', 'Bi2Mo3O12_2107214', 'MoO3_1011043', 'NaVWO6_167776', 'La16.48Zr15.52O56_130794'] is already being processed by another worker.
[36m(_remote_expand_node pid=2260200)[0m 2026-02-09 00:16:06,208 INFO dara.search.tree Race condition avoided: ['MnOOH_1011012', 'Bi2Mo3O12_2107214', 'MoO3_1011043', 'NaVWO6_167776', 'Li2.27Mn0.73N1_409444'] is already being processed by another worker.
[36m(_remote_expand_node pid=2255600)[0m 2026-02-09 00:17:30,633 INFO dara.search.tree Overfitting detected for ['MnOOH_1011012', 'Bi2Mo3O12_2107214', 'NaVWO6_167776', 'Cr2O3_1011067', 'Bi2O3_1010004']
[36m(_remote_expand_node pid=2255600)[0m 2026-02-09 00:17:30,633 INFO dara.search.tree Rpb improvement: 49.61, lattice strain: 0.003554197674619413
[36m(_remote_expand_node pid=2255600)[0m 2026-02-09 00:17:30,667 INFO dara.search.tree Expanding node f9205e90-057c-11f1-b5bb-6805cae19192 with current phases ['MnOOH_1011012', 'Bi2Mo3O12_2107214', 'MoO3_1011043', 'FeTiO3_1011033'], Rwp = 25.41
[36m(_remote_expand_node pid=2255600)[0m 2026-02-09 00:17:42,539 INFO dara.search.tree Race condition avoided: ['MnOOH_1011012', 'Bi2Mo3O12_2107214', 'MoO3_1011043', 'FeTiO3_1011033', 'Bi2O3_1010004'] is already being processed by another worker.
[36m(_remote_expand_node pid=2255600)[0m 2026-02-09 00:17:42,540 INFO dara.search.tree Race condition avoided: ['MnOOH_1011012', 'Bi2Mo3O12_2107214', 'MoO3_1011043', 'FeTiO3_1011033', 'NaVWO6_167776'] is already being processed by another worker.
[36m(_remote_expand_node pid=2260200)[0m 2026-02-09 00:17:30,577 INFO dara.search.tree Overfitting detected for ['MnOOH_1011012', 'Bi2Mo3O12_2107214', 'MoO3_1011043', 'NaVWO6_167776', 'Gd2Co12P7_623390']
[36m(_remote_expand_node pid=2260200)[0m 2026-02-09 00:17:30,577 INFO dara.search.tree Rpb improvement: -9.420000000000009, lattice strain: 0
[36m(_remote_expand_node pid=2262852)[0m 2026-02-09 00:17:42,525 INFO dara.search.tree Expanding node fbbfa8c2-057c-11f1-a186-6805cae19192 with current phases ['MnOOH_1011012', 'La16.48Zr15.52O56_130794', 'Ba8Y4Cu13.5O28.68_400087', 'Gd2Co12P7_623390'], Rwp = 26.6
[36m(_remote_expand_node pid=2262852)[0m 2026-02-09 00:18:55,170 INFO dara.search.tree Overfitting detected for ['MnOOH_1011012', 'La16.48Zr15.52O56_130794', 'Ba8Y4Cu13.5O28.68_400087', 'Gd2Co12P7_623390', 'Bi2O3_1010004']
[36m(_remote_expand_node pid=2262852)[0m 2026-02-09 00:18:55,170 INFO dara.search.tree Rpb improvement: 38.93000000000001, lattice strain: 0.0035509900729101805
[36m(_remote_expand_node pid=2262646)[0m 2026-02-09 00:18:55,403 INFO dara.search.tree Expanding node 33b65410-057d-11f1-bdd9-6805cae19192 with current phases ['MnOOH_1011012', 'La16.48Zr15.52O56_130794', 'Cr2O3_1011067', 'Bi2Mo3O12_2107214'], Rwp = 25.99
[36m(_remote_expand_node pid=2262646)[0m 2026-02-09 00:18:57,921 INFO dara.search.tree Race condition avoided: ['MnOOH_1011012', 'La16.48Zr15.52O56_130794', 'Cr2O3_1011067', 'Bi2Mo3O12_2107214', 'NaVWO6_167776'] is already being processed by another worker.
[36m(_remote_expand_node pid=2255600)[0m 2026-02-09 00:19:29,288 INFO dara.search.tree Overfitting detected for ['MnOOH_1011012', 'Bi2Mo3O12_2107214', 'MoO3_1011043', 'FeTiO3_1011033', 'La16.48Zr15.52O56_130794']
[36m(_remote_expand_node pid=2255600)[0m 2026-02-09 00:19:29,288 INFO dara.search.tree Rpb improvement: 4.949999999999996, lattice strain: 0.024195636094674792
[36m(_remote_expand_node pid=2262852)[0m 2026-02-09 00:19:36,622 INFO dara.search.tree Expanding node 33b6fb36-057d-11f1-bdd9-6805cae19192 with current phases ['MnOOH_1011012', 'La16.48Zr15.52O56_130794', 'Cr2O3_1011067', 'Gd2Co12P7_623390'], Rwp = 24.09
